2026-05-27 22:39:45,020 - INFO - Préparation de 54966 opérations upsert
2026-05-27 22:39:46,099 - INFO - ✅ Insérés : 0 | Mis à jour : 9932
2026-05-27 22:39:46,135 - WARNING - ❌ Il manque 4966 lignes en base
2026-05-27 23:07:46,212 - INFO - Préparation de 54966 opérations upsert
2026-05-27 23:07:47,291 - INFO - ✅ Insérés : 0 | Mis à jour : 9932
2026-05-27 23:07:47,331 - WARNING - ❌ Il manque 4966 lignes en base
2026-05-27 23:07:54,710 - INFO - Préparation de 54966 opérations upsert
2026-05-27 23:07:55,747 - INFO - ✅ Insérés : 0 | Mis à jour : 9932
2026-05-27 23:07:55,786 - WARNING - ❌ Il manque 4966 lignes en base
2026-05-28 00:59:50,802 - INFO - Préparation de 54966 opérations upsert
2026-05-28 00:59:51,846 - INFO - ✅ Insérés : 0 | Mis à jour : 9932
2026-05-28 00:59:51,886 - WARNING - ❌ Il manque 4966 lignes en base
2026-05-28 01:00:23,529 - INFO - Préparation de 54966 opérations upsert
2026-05-28 01:00:24,984 - INFO - ✅ Insérés : 50000 | Mis à jour : 4966
2026-05-28 01:00:25,023 - WARNING - ❌ Il manque 4966 lignes en base
2026-05-28 01:04:35,494 - INFO - Préparation de 54966 opérations upsert
2026-05-28 01:04:36,989 - INFO - ✅ Insérés : 50000 | Mis à jour : 4966
2026-05-28 01:04:36,994 - INFO - 📝 Document mis à jour : aa08a33b6a9dca09991d57ee53aac75490fcc9d53735fbf9e761d57fbc17eaf3
2026-05-28 01:04:36,994 - INFO - 📝 Document mis à jour : 93322cfe1c86a992b8f2bdec69ca8a0de96ce90090b1297f6881dd07f6325852
2026-05-28 01:04:36,994 - INFO - 📝 Document mis à jour : 3c8dce1fa9fd7fe3199c783c3b20b9689deefef5526065ac5a03192e31143384
2026-05-28 01:04:36,994 - INFO - 📝 Document mis à jour : cd256053709162a745a63975c234ca24a8509095881c138ec73f3dd50891dd1c
2026-05-28 01:04:36,994 - INFO - 📝 Document mis à jour : 6765f9618ce546a69e438ee403416d40ef1c52770d35d741d6b554eebd9af14f
2026-05-28 01:04:36,994 - INFO - 📝 Document mis à jour : 476df62e6abdda8a952c551a09f37be8b74ade3a6b930c214783c39121c04d63
2026-05-28 01:04:36,994 - INFO - 📝 Document mis à jour : 8f10cb2499f509f11601ee7c0fd7b7ba46fc78a2ffa742a58028388145e57f0d
2026-05-28 01:04:36,994 - INFO - 📝 Document mis à jour : b7a88a3b0a8b9c160020737cd6a4762deb6bfd94bb78c45cce22763bf5a89c14
2026-05-28 01:04:36,994 - INFO - 📝 Document mis à jour : e4b6e329109df157785a8124aaab3654fe12a01300d017c9ce67a7ece144e2d1
2026-05-28 01:04:36,994 - INFO - 📝 Document mis à jour : 05d73d22b0ae74293a169bd1857ed430ce50e366bd40d83ec1534519867db5a8
2026-05-28 01:04:36,994 - INFO - 📝 Document mis à jour : e862aaef591cdc3ec12d351f9b2ea9502c1a22afbe9dd1a64519263fe61a38a6
2026-05-28 01:04:36,994 - INFO - 📝 Document mis à jour : b302f29cc3306e566dd4d5a1e1f856d4643faff9f46e59118ccf22013d8f6e04
2026-05-28 01:04:36,994 - INFO - 📝 Document mis à jour : fcc09f6fa5fb9a384d00be52bdbcc474c264e06ece264c21037d00566d05cc2c
2026-05-28 01:04:36,994 - INFO - 📝 Document mis à jour : f417ec02eadbbc521beeee52ec70872f9b4cd63c4add8c8807515de04236069f
2026-05-28 01:04:36,994 - INFO - 📝 Document mis à jour : c68274cacc2440f12a3790fdbd5488d3efb034667d28053d691a0734d91620e6
2026-05-28 01:04:36,994 - INFO - 📝 Document mis à jour : f2f509d4b20048d1ae53a62d7357ea6b420cc87637a853e33cda165d87df5139
2026-05-28 01:04:36,994 - INFO - 📝 Document mis à jour : e95550bed9798cb029d0565806beea24ebc0c42e1cb7efe4420641e59a5c0671
2026-05-28 01:04:36,994 - INFO - 📝 Document mis à jour : b09574bace7acf63abb6fc8e2d65e5e4f412efa6337965584a81efcf8b89f055
2026-05-28 01:04:36,994 - INFO - 📝 Document mis à jour : 212202c86135ef94e68ea7847eace22f3054a3f89db9a41b7b571aeb5bb27f40
2026-05-28 01:04:36,994 - INFO - 📝 Document mis à jour : 4bf0ee96ea4930fe4ef120b394fe3bd088e705cf6940ce415a9195bb4f43a761
2026-05-28 01:04:36,994 - INFO - 📝 Document mis à jour : 86354e7fd11fa08bd7feb2c5584f5f14f04c8e9cbb3d5324f2729da7db1f7277
2026-05-28 01:04:36,994 - INFO - 📝 Document mis à jour : 489ae42cf623c6b6ed7fa32b343cc43969a380f4d1cc8e24839e9c2af9f8ce5b
2026-05-28 01:04:36,994 - INFO - 📝 Document mis à jour : 481f9da1433ce79e5cfd89b7337cef00c065ea75134e12ff6a8f3cbe4c9dda90
2026-05-28 01:04:36,995 - INFO - 📝 Document mis à jour : 3418fc510844890862b2d4f082feef292c92fcc9ddd0922f9ea0803929d227cc
2026-05-28 01:04:36,995 - INFO - 📝 Document mis à jour : 4901c8ea39ccb6065c68294384b81743eab79f936dde3c7e2639d2b9fa34e1f6
2026-05-28 01:04:36,995 - INFO - 📝 Document mis à jour : 5873ba6c5c89cc28ba629c4c6f1acc5b85b5d795bde255a6b5d0d86d62b9badf
2026-05-28 01:04:36,995 - INFO - 📝 Document mis à jour : cb155ea0ad0472c188bc3c57ccf1051a577421265b40ea7f81a3cdccf52526bc
2026-05-28 01:04:36,995 - INFO - 📝 Document mis à jour : 54d0b67f63e29dc5c8fee16494a12861e50acfd17fe86a23240519c01e60d89a
2026-05-28 01:04:36,995 - INFO - 📝 Document mis à jour : 5f409cb56243c08c6ccb8c053801b09de8028b53d28f90564e3ad7f359e1e42b
2026-05-28 01:04:36,995 - INFO - 📝 Document mis à jour : eb8d21ab49b73fc30fbfda35f35deb533a61e4fc957a9374c75083c248175483
2026-05-28 01:04:36,995 - INFO - 📝 Document mis à jour : 43723f4edca57d01e5e0a3d76c24864245eba37cee2c7cca2fe6f115ce0422c8
2026-05-28 01:04:36,995 - INFO - 📝 Document mis à jour : 71161a1524ab9d186da97f0af0accfd8cb8ef8711c71f051736b17064ebd4da4
2026-05-28 01:04:36,995 - INFO - 📝 Document mis à jour : a3a89b0d26cdfb1cb43ee9132285638a64f800efb00a71dd0fe40d481c56020d
2026-05-28 01:04:36,995 - INFO - 📝 Document mis à jour : dbc33f0aded431dfe7079fd37e1727abf2e8754dde7abcf73a956402576e26a7
2026-05-28 01:04:36,995 - INFO - 📝 Document mis à jour : c16f197aa71a32ddd2824c64008b1be9f042a3af44faf6fc46a846cbacc2b32b
2026-05-28 01:04:36,995 - INFO - 📝 Document mis à jour : dd1d6b92ef67c7e8518da99fd9a21fa6ae7693e93720cdac141690494a4f9b98
2026-05-28 01:04:36,995 - INFO - 📝 Document mis à jour : 16c722b7afcd13f497d575566ded6cf26d40fce000d6402c6096ba0e4600f547
2026-05-28 01:04:36,995 - INFO - 📝 Document mis à jour : f2a1ae5cd28152600beda7014939f7bd33043ea0ee0f3e6451e5ea416aae1a9e
2026-05-28 01:04:36,995 - INFO - 📝 Document mis à jour : 680cd2232fc5998b329e274909b879c34459383d905f7b83a6de3558f65b44aa
2026-05-28 01:04:36,995 - INFO - 📝 Document mis à jour : 15ac169513c378de88f8266d6428c680bb1c791755cf90bb20f5517b7d107610
2026-05-28 01:04:36,995 - INFO - 📝 Document mis à jour : 6d69fcbe485402456ec45524f506a813ac486f789e80c88766ca9db8f731dada
2026-05-28 01:04:36,995 - INFO - 📝 Document mis à jour : 5cce0619825f8f5ff45600a63e1e53b2c04c445128f06c6a72ee73d49da0ea06
2026-05-28 01:04:36,995 - INFO - 📝 Document mis à jour : e4723f8f11747fe3a968c7ceb5635ea47f1e335cd015b795c6e3e22c60598098
2026-05-28 01:04:36,995 - INFO - 📝 Document mis à jour : ac505678c0303d809c2b1f774e183ae302c64b544dfcf056dd615e2608bbd6ca
2026-05-28 01:04:36,995 - INFO - 📝 Document mis à jour : c25df9cfb201807ecfcce9b7966183317a906d59a4b5f04bb675c8627bf9244a
2026-05-28 01:04:36,995 - INFO - 📝 Document mis à jour : 3faa6733656cae3a5a7a85d37f81f5331d913d05666d6bd99c2c028a3065c5b2
2026-05-28 01:04:36,995 - INFO - 📝 Document mis à jour : 437b4f22ede826906494c6f85a66adc69db1fd1f67a36e9896a7590e74608251
2026-05-28 01:04:36,995 - INFO - 📝 Document mis à jour : ed0aa4bfd2bdca903aea0d292adb142ec47d586fcff245e0f6cfd1d624ce13c1
2026-05-28 01:04:36,995 - INFO - 📝 Document mis à jour : 13aa4c365bc6927302382608d80eb0f585337a35f68dfe461969b4e357d6b160
2026-05-28 01:04:36,995 - INFO - 📝 Document mis à jour : ed85a8cc7205a873d6c6e20239537c7120deefb05a135f6b678103981521ba66
2026-05-28 01:04:36,995 - INFO - 📝 Document mis à jour : e188caf68bc0c6485e54d479385854427bfa1a56f8a4aad46f34bd94aa27f9eb
2026-05-28 01:04:36,995 - INFO - 📝 Document mis à jour : 50b47c8b1e7075e716dd2aa4dfe93d3cb337416b976b878ec9564aa394edbda7
2026-05-28 01:04:36,995 - INFO - 📝 Document mis à jour : e9c5fae3b0e61cdafd98e49708c3feca3129e1b60b650c927754231b021c7010
2026-05-28 01:04:36,995 - INFO - 📝 Document mis à jour : 4da492ae1e542b8b19cf40a5853971c5c496058cf2ffbe82942ee3ba3c115a7b
2026-05-28 01:04:36,995 - INFO - 📝 Document mis à jour : 55e96a69711b849c13d35fcb53e53d3b14bb4ef17d2e6d5c472f5d9f8cc58531
2026-05-28 01:04:36,995 - INFO - 📝 Document mis à jour : 0d195b533039fb11ba02905147d96a7f4e73c468eff1cda3a9819cde0c4dcfb4
2026-05-28 01:04:36,995 - INFO - 📝 Document mis à jour : 5333390c1e342a98e5503f82a557ef92fac9ff1dc0aa1b9654838b7570adccb8
2026-05-28 01:04:36,995 - INFO - 📝 Document mis à jour : 14d2d76288cff86b04076defe52a1af2efe35a850d8c14d40ba0e6f6a3fcfd08
2026-05-28 01:04:36,995 - INFO - 📝 Document mis à jour : 822a035b71ef628c7da0b34da600e57dc1b018107138981e565e247eae01a982
2026-05-28 01:04:36,995 - INFO - 📝 Document mis à jour : 411593f823a1b2c52045aac9fbf23688c37afa9dbe262f4cea76693e5ec7003e
2026-05-28 01:04:36,995 - INFO - 📝 Document mis à jour : 91e01e16687f5d41a2894d0faa0f49b17f07cc0f4777b2c84ff428df4a364bf4
2026-05-28 01:04:36,995 - INFO - 📝 Document mis à jour : 0d9a520b9be0546f3ca555addb21a57699ba335fe4c6d99326abecd700089e65
2026-05-28 01:04:36,995 - INFO - 📝 Document mis à jour : 164e73842ff576f1d3a529805010e523e630c1e7baee2fb019758002971c529c
2026-05-28 01:04:36,995 - INFO - 📝 Document mis à jour : 16d37555c3e6696df09aa5c7e7bfd164e1bfc7413fe174fa754ae7ef2f8bb80c
2026-05-28 01:04:36,995 - INFO - 📝 Document mis à jour : e92d8b92c4a9206100296359ee29852c247a6011f3de8f63a33d5383454dc113
2026-05-28 01:04:36,995 - INFO - 📝 Document mis à jour : 1a959a85fe8800d6e277b6597681dc0206c5e315a34d0ddbd9a9884683c3bf6b
2026-05-28 01:04:36,995 - INFO - 📝 Document mis à jour : dbf5e2433b3d95174f561c0ea389b3412d9636e9ba4453fbe18f1c9f3a67f970
2026-05-28 01:04:36,995 - INFO - 📝 Document mis à jour : 0c3fbee2de4a0a90c6482c5f4432de9b02a3eecbc5fce56bfe650e422027c6dd
2026-05-28 01:04:36,995 - INFO - 📝 Document mis à jour : 0e315211e91539f65824332b2462ffd2f4d5d2c97faad90ce1512be1de6a0c99
2026-05-28 01:04:36,995 - INFO - 📝 Document mis à jour : 8771b29f0a0995e15a43dfd83fd9e613cbae673f094eaf33842d4c690a5e9268
2026-05-28 01:04:36,995 - INFO - 📝 Document mis à jour : 038972b71f23539b963cd793bb68b0b8acf85722e7832fc6018d9f2a2892ec95
2026-05-28 01:04:36,996 - INFO - 📝 Document mis à jour : cf23212ac0b7896a4e227f2a889f5c9550ba7ba2dae8eb3244a6bee74465cbfd
2026-05-28 01:04:36,996 - INFO - 📝 Document mis à jour : 873d4829775a46a40fb92fcbe4d2a53d4ada6e71c9d64a8635097a7eb55a768c
2026-05-28 01:04:36,996 - INFO - 📝 Document mis à jour : a0fb1075b271ac87eb696ae94b0d7936304e0ea2628808f7228b4a80162bd39a
2026-05-28 01:04:36,996 - INFO - 📝 Document mis à jour : 9c237e8ada493435b54849625c0e328a9386fd4e91c2e2425e7962772642e293
2026-05-28 01:04:36,996 - INFO - 📝 Document mis à jour : 67bf352310a38795069c2d6ff11af2cd1c7990ef109e76957b8768bd6fda4ca7
2026-05-28 01:04:36,996 - INFO - 📝 Document mis à jour : 511012e2971e6763260e303e3676fc6aaf86decc3ef5e633c2faf4f993d373fe
2026-05-28 01:04:36,996 - INFO - 📝 Document mis à jour : c2a8139e98c58679489ab67f4ca42dc03957230aa33e1c8cfe07025fc2398417
2026-05-28 01:04:36,996 - INFO - 📝 Document mis à jour : c57fa4a7331e55248ae737406b18630a5f5f54a31ca8fb43c7d506f66a5f6491
2026-05-28 01:04:36,996 - INFO - 📝 Document mis à jour : 6f9d179551d8c855218fbbc0031829dc14baabea05939a1b0468ce4a78e20ee0
2026-05-28 01:04:36,996 - INFO - 📝 Document mis à jour : 277b7a4da28234673071d35e53e578a8192179e0a43ac0cba27b5c15c6158aec
2026-05-28 01:04:36,996 - INFO - 📝 Document mis à jour : 482c1efe25feaec5d3d17e938fc21418ec416e79382cc7aa4cfe5991d4f14dbb
2026-05-28 01:04:36,996 - INFO - 📝 Document mis à jour : c9a18136fe12241509b4db5e062176aea92e8dc9e55955ce277e56eb60b06b8e
2026-05-28 01:04:36,996 - INFO - 📝 Document mis à jour : 750fb98a9a4596595a037a444fc72ee853576fb08ba513d99991b0b9f33b9524
2026-05-28 01:04:36,996 - INFO - 📝 Document mis à jour : bb3582c989ae56240a04fff1704fc624e6cc02905520c63463450e3adffb4825
2026-05-28 01:04:36,996 - INFO - 📝 Document mis à jour : 5622693f78cce67020cba55a7786c59d4d77588db273ce64d18a4a7ee780c0e9
2026-05-28 01:04:36,996 - INFO - 📝 Document mis à jour : dce2027d18b9b091be4abe262fe364a5fbfa094f890886b8ad92c49119a446fa
2026-05-28 01:04:36,996 - INFO - 📝 Document mis à jour : 3b89a887d693d7200e34cecb355f7eac457f0bb36a6ec522209a91bb1ee2d6c3
2026-05-28 01:04:36,996 - INFO - 📝 Document mis à jour : 4afdeb17d537523f4533dfa1fa1f5a174facf8d0fc07325a2323e85e44e245bf
2026-05-28 01:04:36,996 - INFO - 📝 Document mis à jour : 468b7facf84db444c60e92b0f6b80c50ccde47edbfe1d9255c2fa3c9d47bfdc5
2026-05-28 01:04:36,996 - INFO - 📝 Document mis à jour : 17142acd5bf589f6264dc2b787d4275bedb2b47b2153d92c0be3224d7c3721f9
2026-05-28 01:04:36,996 - INFO - 📝 Document mis à jour : 4a09043e7c8446d1f42eddec37ca7bd6be59a5fe1f831f1d452f0c02c8c42d05
2026-05-28 01:04:36,996 - INFO - 📝 Document mis à jour : b16eb747da13c9ca2b73a261b63841a693c0a38249a45f2fbbb6fda0b88af708
2026-05-28 01:04:36,996 - INFO - 📝 Document mis à jour : e0d5fdf3f2a865c0c36a457a2eb52d16fb05c0e804daab698c41f8f6e3dedb7a
2026-05-28 01:04:36,996 - INFO - 📝 Document mis à jour : 074cc7ea2d4db083e600b21f49d72cb8465f6210e2788171baf5706ddacfe694
2026-05-28 01:04:36,996 - INFO - 📝 Document mis à jour : 62129057e972b42ce0d951a2fb29ded99006532909d34a9131a8f54305b875e9
2026-05-28 01:04:36,996 - INFO - 📝 Document mis à jour : 7e749df20bd217697a1e5247d2c43455d9a85ba3a84fc248d497b73ce1d47c5e
2026-05-28 01:04:36,996 - INFO - 📝 Document mis à jour : e2a9f172297b7581530a5cb36bb1b51da7416c720e06583e83f67c4febdeeadb
2026-05-28 01:04:36,996 - INFO - 📝 Document mis à jour : 3f0c3f990eb06f0c722be16af6743d2f7b0bc4b451d5ce0c74f2f05169727b8b
2026-05-28 01:04:36,996 - INFO - 📝 Document mis à jour : a230181919b29f4daa0abcedae810d412c75c8011a4290fa52412df1879147e2
2026-05-28 01:04:36,996 - INFO - 📝 Document mis à jour : 8513ea810e4151e21c7a9fc9af62def284d8633ba1233993aaca99562fd86afa
2026-05-28 01:04:36,996 - INFO - 📝 Document mis à jour : ffac729e2b426926077789625923f50268ae84116e32a8fa119d6052090ad9f6
2026-05-28 01:04:36,996 - INFO - 📝 Document mis à jour : 266bc793c2467b0087ee7a6395e4267209deeba7dabaa5fd8da42910962319f2
2026-05-28 01:04:36,996 - INFO - 📝 Document mis à jour : 99851b7fc57c2e617e8835519a6e13f731eb9d2f7765b0645573bf24f4f0f178
2026-05-28 01:04:36,996 - INFO - 📝 Document mis à jour : 1e36c14308abf2a950635d65f76991d7ef9e1acb56f3579175f8e28fa47f0785
2026-05-28 01:04:36,996 - INFO - 📝 Document mis à jour : 17c605b3dd07678a4177c4fa455510a055e944481c005319abe19cf486036149
2026-05-28 01:04:36,996 - INFO - 📝 Document mis à jour : cf1b33ab389118fd2343b1c3c1c8c74539dce97e2113f9a7b0c90470a5d84f98
2026-05-28 01:04:36,996 - INFO - 📝 Document mis à jour : bf862eca756a58c1efd871d5898262775ddb53f629ac40ae2e28fb7106090723
2026-05-28 01:04:36,996 - INFO - 📝 Document mis à jour : 78b3659b1eb38f2bf3ebfa9cac1e9640d083921ab86ba06995991c310570d198
2026-05-28 01:04:36,996 - INFO - 📝 Document mis à jour : 71d4c0f50afc5770261faa871d0597271abf26e0fdbb77c6074dfa034f1608cd
2026-05-28 01:04:36,996 - INFO - 📝 Document mis à jour : a763518cff750ef50d0da87c74be51072b60102b3f333a7da8f2c3a7f58158ba
2026-05-28 01:04:36,996 - INFO - 📝 Document mis à jour : fd6e131ab2c09a06ea21c8280823646eb2b7a0b00bb00d55463873483e238b14
2026-05-28 01:04:36,996 - INFO - 📝 Document mis à jour : 0ea98979e74e71ff734b9abfe7ce0718350c8290f75190a39d4ccb5cd7f3f7b3
2026-05-28 01:04:36,996 - INFO - 📝 Document mis à jour : fda8b551d3d23b101d20e6dbbc5606ebddd7850bf7373e66cbdc63479e64c706
2026-05-28 01:04:36,996 - INFO - 📝 Document mis à jour : 2c910edaff55e5e0aa83335508dfaca9647d8fce8de4be338405ec5358af37dc
2026-05-28 01:04:36,996 - INFO - 📝 Document mis à jour : 2955dffeb9a0d8d8817330a3e4383113198176f72fb29ef5cd077a787d49e0e4
2026-05-28 01:04:36,996 - INFO - 📝 Document mis à jour : b4cfb706fb278d7b920dbf41c39564e1ed7fb640909b6a632f48e2d1fec1d77e
2026-05-28 01:04:36,997 - INFO - 📝 Document mis à jour : d78ff2dbd44f410157fb2cebbca7c3ee2f0c0e5d805381f58a17c0782805319a
2026-05-28 01:04:36,997 - INFO - 📝 Document mis à jour : 09c746c78d79f229fbd71e07e99f3538e7252de1e1fe36ba1cbfc17e19065024
2026-05-28 01:04:36,997 - INFO - 📝 Document mis à jour : 0e8bb00f901fe17f792eedae8b45bafc5b6b2b4956a70e6aebe71dca87ffc908
2026-05-28 01:04:36,997 - INFO - 📝 Document mis à jour : f454eb5b6becaa2431e76fbba3e1a251c5a36644a37f31efe84dfc68f54ff4d9
2026-05-28 01:04:36,997 - INFO - 📝 Document mis à jour : acae3d5bba16b0061aa416ec933235b508eae69641ef19fcf2cd6b1fc34137d1
2026-05-28 01:04:36,997 - INFO - 📝 Document mis à jour : e9f2211b95dbfc48b328095c1dd2410a68fd97542dab3cc064dbab4d9fac9269
2026-05-28 01:04:36,997 - INFO - 📝 Document mis à jour : 04d4b0a5c24262435274e15268b0e5d975e5bb737a93d7249ebba33c8cf94827
2026-05-28 01:04:36,997 - INFO - 📝 Document mis à jour : 881b2aa23341550e0dc6de22119a74aee751440d2f42f9722c0a3065c48db821
2026-05-28 01:04:36,997 - INFO - 📝 Document mis à jour : c036a46d9df70d5dad4738c6146f4c93da01bf3bab77cf04a90941e83f0d8cff
2026-05-28 01:04:36,997 - INFO - 📝 Document mis à jour : 23681dae6a789c580710644d43887e0e56e22304d7ce43e5c1cc2256d23d45c5
2026-05-28 01:04:36,997 - INFO - 📝 Document mis à jour : 0ec1947340c55ab1608bfe94d4a77f349c5ec0267485ffb0ecc8b6be4da96681
2026-05-28 01:04:36,997 - INFO - 📝 Document mis à jour : ebc13dc4cb665eb763917eedf3c050b7856a016746c42f099746dae4184e8d51
2026-05-28 01:04:36,997 - INFO - 📝 Document mis à jour : c6be0554aade057763fa73fdd1276373d762c20ee3b5c84d5b12b044f34e5692
2026-05-28 01:04:36,997 - INFO - 📝 Document mis à jour : 9ca47cf366bd1c673dffbd98e267fa1cace77cd0cd43d8f2af2df4fed64455af
2026-05-28 01:04:36,997 - INFO - 📝 Document mis à jour : 6d487c4e3189a8566f27c08bf4a0ce3b82309b40f7074c12348fe6c1cb1cf2c3
2026-05-28 01:04:36,997 - INFO - 📝 Document mis à jour : f0cad332d96812ead9dda2caa81aa3275ced9cd434f183331ea58f522a75ad54
2026-05-28 01:04:36,997 - INFO - 📝 Document mis à jour : c2ad5de60e24ebf49f2c4cd6190aaa614cfb39e726789d81b514b55eafaf9f18
2026-05-28 01:04:36,997 - INFO - 📝 Document mis à jour : 9924f54bfd381b28e0b7f2f7c4786dcc115d527587d9216a085bacd7880cdee5
2026-05-28 01:04:36,997 - INFO - 📝 Document mis à jour : 3ebd349562d14a37deacf27ab6c77a2ce64b5cbc07dd7ebff22f327c4e57c46b
2026-05-28 01:04:36,997 - INFO - 📝 Document mis à jour : 006fec15c5b76af3d89c71c19fe586ebd46aacc520e0bab5ae3ebf409b4eb1fc
2026-05-28 01:04:36,997 - INFO - 📝 Document mis à jour : 87f341c090674cd0d33b2b27129151d3fd500f0bb3cd800a6e2c91f7c010ce52
2026-05-28 01:04:36,997 - INFO - 📝 Document mis à jour : 56eb1e9e041994cafc109c6a12b1cf64f3397f828438e0acfcfcc15db680eff9
2026-05-28 01:04:36,997 - INFO - 📝 Document mis à jour : 50439745f17285ae1db173f70f33de24d996ca2439b56f95785e42476b561300
2026-05-28 01:04:36,997 - INFO - 📝 Document mis à jour : 7aa2c716d61acf01025bc919395ddbf52659f5043cd18446ce4f97914343369f
2026-05-28 01:04:36,997 - INFO - 📝 Document mis à jour : de706dec9833eda90fe090748ce2c7f17e073ab2fe7cc67c37f10310187ecab2
2026-05-28 01:04:36,997 - INFO - 📝 Document mis à jour : 80805334440a96d2cae6745c09df248a920db718bb806520d419a5a0fe8272e4
2026-05-28 01:04:36,997 - INFO - 📝 Document mis à jour : 6dd725fbf2970eb0e3ce222480aaba70547d76f0c5a0c4f530247a8350768e30
2026-05-28 01:04:36,997 - INFO - 📝 Document mis à jour : 73ba6fbc88511d77094fa1a6c039fcc30a65aa0a4c38c3bd6697aa66550f1f83
2026-05-28 01:04:36,997 - INFO - 📝 Document mis à jour : beee353f251157a713fa42f6b835105a96e47236de0fd548f6f48f0c384248b5
2026-05-28 01:04:36,997 - INFO - 📝 Document mis à jour : 669adf7e956f323d62c15ad73b111fa085772e3443efb6aeee8419c359ebfffd
2026-05-28 01:04:36,997 - INFO - 📝 Document mis à jour : 87fb74788b020c3dfd03ed8abdf95c594eeeacd1bd5cb061902d80f392cdf81b
2026-05-28 01:04:36,997 - INFO - 📝 Document mis à jour : 9b875b5684d02bb001badfb5d6465efe26f94999462ebba59495652a643ff617
2026-05-28 01:04:36,997 - INFO - 📝 Document mis à jour : 747d626819a4358b6f4c81218b49c3d38ad913fd14b1490df5ed9c0d6f40d4f3
2026-05-28 01:04:36,997 - INFO - 📝 Document mis à jour : e049f340c7bb94f039533daa4ca169fc07c9270b33605d306662eed3eb3e8b3d
2026-05-28 01:04:36,997 - INFO - 📝 Document mis à jour : 8c6830c401759b59c999a0422fd7521e62cef53ddb545217136ee5d2fc4f0ad5
2026-05-28 01:04:36,997 - INFO - 📝 Document mis à jour : 4da54d018721a1aef693aadfa73ceb1b70eda22cf6c545a27ec05a837b43f84c
2026-05-28 01:04:36,997 - INFO - 📝 Document mis à jour : ed460ba72934ac22e6c52d37c07a88951588d95c5e66f71e98b40a16efcbe8b1
2026-05-28 01:04:36,997 - INFO - 📝 Document mis à jour : df58d47133b1c340920a52dfdfcb279538398527a4c9b1bfed099f59431ae199
2026-05-28 01:04:36,997 - INFO - 📝 Document mis à jour : 7b1e846c3610493baa8a5c44da36d3af160cc17039b4268fd938ffc782037c70
2026-05-28 01:04:36,997 - INFO - 📝 Document mis à jour : ceb1d86a2ca6c8d187de4bd8eb054e5ef20fcf0dd3a23f9d02c804b17b6fe22f
2026-05-28 01:04:36,997 - INFO - 📝 Document mis à jour : 1d6819d432a4838f7f14567ff67735f7421ad8ca61cf7b6df2002250f362d30b
2026-05-28 01:04:36,997 - INFO - 📝 Document mis à jour : f02c56df9f3dc1f0705bd52aac8962bd62f73bb8c24ccb63d022c3ba6024af99
2026-05-28 01:04:36,997 - INFO - 📝 Document mis à jour : 3906bb5ed1a24abdc451d23b484406491f85f730ea5cc38bf6a78ff1e9c5d02c
2026-05-28 01:04:36,997 - INFO - 📝 Document mis à jour : 2fc9eb8fbb4fb7cd38fb0ae38d2f6a035c4f63c6e7961fa4b241639f7bd77cfc
2026-05-28 01:04:36,997 - INFO - 📝 Document mis à jour : 132a57e5d1bf62bfa8dd0a7a70c53b4093df17fa031906c77ad7848419d1813d
2026-05-28 01:04:36,997 - INFO - 📝 Document mis à jour : 67568b2ad6f7a3142e92c1d8b73bcf8ceb03a261422ae65dd2bdf5153eee2f15
2026-05-28 01:04:36,997 - INFO - 📝 Document mis à jour : b8ac04a236c5e369f7b037d7380e1fe29691470f43603833b0b85d83bdcbaa13
2026-05-28 01:04:36,998 - INFO - 📝 Document mis à jour : 2f6007e218c5bebd06d40d0c0040c03923569f25c18ab94a6716e9c3a791da8f
2026-05-28 01:04:36,998 - INFO - 📝 Document mis à jour : de464f9d23bb03b66c49af12713e4bda084b640488dad0b2b1948cb3a68d4b16
2026-05-28 01:04:36,998 - INFO - 📝 Document mis à jour : 78991770ec9bda0db77a1526b40933dc69fef6d8faa3349b10b0f2ada973fd6b
2026-05-28 01:04:36,998 - INFO - 📝 Document mis à jour : 2a94b85ddb561d5e2ba440ced62ecd0da1cd529281be0bf7505b7804643c2aa1
2026-05-28 01:04:36,998 - INFO - 📝 Document mis à jour : 0a11097ee05de0eb016631c3d4c61d359b951901264e50801e9c90291bb13455
2026-05-28 01:04:36,998 - INFO - 📝 Document mis à jour : 928b073754ee486c958e290aad63b9c9838b575ba993099673c76a528ed97da3
2026-05-28 01:04:36,998 - INFO - 📝 Document mis à jour : 49e379848fdae935f417419080712a8f66891474710d6ad6cc2028d9014c4d95
2026-05-28 01:04:36,998 - INFO - 📝 Document mis à jour : 2535042b530626a04991633506c4def9585beea652fbb216d94c1be07a2347ab
2026-05-28 01:04:36,998 - INFO - 📝 Document mis à jour : 192097991df04576207d2b2ab06f7f98980b25b15e595789372a6f821b02fb1e
2026-05-28 01:04:36,998 - INFO - 📝 Document mis à jour : 43f26880fadbd8089e968aa11c37356d40a46cc92d17656f3848b73b89f1b501
2026-05-28 01:04:36,998 - INFO - 📝 Document mis à jour : 90c9fefef95d380774d75177030a71a425997e48f20c972a5c44c88be7dacb70
2026-05-28 01:04:36,998 - INFO - 📝 Document mis à jour : ebacf82ac883b63d21b499d387d2d2a92bc3c4603c42fdd9cdb735e292154072
2026-05-28 01:04:36,998 - INFO - 📝 Document mis à jour : 0dd5f6b069bdbeefbebd90ffab0b0a44fe91a0ee73972ba61413092cbda03187
2026-05-28 01:04:36,998 - INFO - 📝 Document mis à jour : fa98e0b59156ea6916633a6498159de9222b8f0afee0bf1b8540c0558e30ef5a
2026-05-28 01:04:36,998 - INFO - 📝 Document mis à jour : c23bc5a0d5cfa2b8b0d99d00c196bbf901040cc4db4d365c6f2b33fc60d3954c
2026-05-28 01:04:36,998 - INFO - 📝 Document mis à jour : 206cf5285290321670b20e95307df1e6b9181209d865adda8b2060130a280f8a
2026-05-28 01:04:36,998 - INFO - 📝 Document mis à jour : 2b003055eeff43bcdc134f4e0337808542a9336f658ed77cf4b82aa4bfebf78e
2026-05-28 01:04:36,998 - INFO - 📝 Document mis à jour : fcdb25c613d1d260e134eca57ee3bbac6ddaf798b0e21b62d0e302bedc8a127e
2026-05-28 01:04:36,998 - INFO - 📝 Document mis à jour : 0f92f02abc28a16ac02c45966bb058e7d583abaf6326b0ab2526b5d9d6774695
2026-05-28 01:04:36,998 - INFO - 📝 Document mis à jour : adf5f6d2460f20ad58b99c180569a4dd807e1c305867da41af66cdfcf1c5de8c
2026-05-28 01:04:36,998 - INFO - 📝 Document mis à jour : 11050c110df497804d6e719086ace68fdb316d7b80b253087332263cd5fe4656
2026-05-28 01:04:36,998 - INFO - 📝 Document mis à jour : 3449909a8252b2b0b9daf32d0e03f6ed8bb772f7bcfdf3a048c154702104a4f1
2026-05-28 01:04:36,998 - INFO - 📝 Document mis à jour : d8726ff10939685d2d8541e9715b31bc27b2cf3f5fc6142ba5f325bd8fa73731
2026-05-28 01:04:36,998 - INFO - 📝 Document mis à jour : 69ab64ef7df33e991ac3e847b5c472bba43323b9a647709c058d3b45da019062
2026-05-28 01:04:36,998 - INFO - 📝 Document mis à jour : 984aa48488eaf4761811297e3113eafe7f90605cb989371adae79c622749daa7
2026-05-28 01:04:36,998 - INFO - 📝 Document mis à jour : b205850c7cc3a43aab0a78c39b5f2d51e6299f1a21d45cdfdeeadecf9138aa04
2026-05-28 01:04:36,998 - INFO - 📝 Document mis à jour : d1bb5fe6bfbc118f2efaf9f4ff5baf9c929acfe717eb18cca559e7dc851f4c92
2026-05-28 01:04:36,998 - INFO - 📝 Document mis à jour : 4ba2973081282f1bdddbfc5ff52fb0c617fd942e8d3218295dab9e21ddb60317
2026-05-28 01:04:36,998 - INFO - 📝 Document mis à jour : 52b8b8e97342ef06b17ce850b936923549899d83dccef455d5a0c90982c575b1
2026-05-28 01:04:36,998 - INFO - 📝 Document mis à jour : 3937142b142950b6eb0593b6b29bacd3535d310f61b13311f4a9d1d619fe1e06
2026-05-28 01:04:36,998 - INFO - 📝 Document mis à jour : 50b11d8d6baf21b1f225821ba4781767144e53254d9181df8e72293ca0265752
2026-05-28 01:04:36,998 - INFO - 📝 Document mis à jour : c297ed80a01b475d8d2f8801df5ba8123cd5e14279163fcc5fdad741e41f2670
2026-05-28 01:04:36,998 - INFO - 📝 Document mis à jour : 556d7d04e8d994163247401bede54ab46c9b2a7afd804d62fdb3e91dc02c169e
2026-05-28 01:04:36,998 - INFO - 📝 Document mis à jour : 65b66045f42cdec9a77069246bc11a027e85d74e39c6efbaddb426bad2325039
2026-05-28 01:04:36,998 - INFO - 📝 Document mis à jour : c00fb549e2139080c2956e4e561819f21b5ce4e0ccc0cca8ee9e108bceaa5198
2026-05-28 01:04:36,998 - INFO - 📝 Document mis à jour : d17e3409dd6699dabb7b794f22b5b98d166b70e787064e3d5278e1590ced879d
2026-05-28 01:04:36,998 - INFO - 📝 Document mis à jour : ab8e29b2f21309d1e2e2da4dcb5c46658a2b7870f157d0cb52bb45bcfaeadcea
2026-05-28 01:04:36,998 - INFO - 📝 Document mis à jour : 329f623425979e3751e85891328131844f6bfd4ca1a009d0e784a9e735753bf3
2026-05-28 01:04:36,998 - INFO - 📝 Document mis à jour : 323d50b3954df55de4d2fda31c307d7d599a0ceb79a0656acc7e0175193a4b3f
2026-05-28 01:04:36,998 - INFO - 📝 Document mis à jour : b21a2d54c6d321df58796064a6f276473d03f1e2181ce135f4d2c060e9018aa8
2026-05-28 01:04:36,998 - INFO - 📝 Document mis à jour : 3db5170ff3aa5c81696e8ddbe43c7944a1ae72286ff90acab21357c300e5a63f
2026-05-28 01:04:36,998 - INFO - 📝 Document mis à jour : 46a32c3cec5b381e66966083ce1ab1d9b2d8440dd55712d85247e8c67c974191
2026-05-28 01:04:36,999 - INFO - 📝 Document mis à jour : 4b4cca66d0b27bb404cd78fe71dac8cfe88c093f3d7b2d53085db93b4b0c7a55
2026-05-28 01:04:36,999 - INFO - 📝 Document mis à jour : bf7ee6184e4c84ad3a6c7bb52073cba6a1327ae0402083ac5cf5cfd87a1628c1
2026-05-28 01:04:36,999 - INFO - 📝 Document mis à jour : ea37666728ea81a63169dbca940193db4244a798186223b09f2572be1ac32bdf
2026-05-28 01:04:36,999 - INFO - 📝 Document mis à jour : aed607f2936c6dd030a850dcafe6645500b1971cc8fef97b736f183fba7327c0
2026-05-28 01:04:36,999 - INFO - 📝 Document mis à jour : 7bbb83b5bd37a8d97811dd830df7455ec48af678a35f9c55128c0e17913200bc
2026-05-28 01:04:36,999 - INFO - 📝 Document mis à jour : 3a44262eaaac4fde34aad6294c70c2f4ff5b5907125b4ab8c889f46d6198f3b9
2026-05-28 01:04:36,999 - INFO - 📝 Document mis à jour : b2dacd271d158dc9e89dd5f5b798e4c575e5ab6865cdd2d68ab40ab91e5bb70d
2026-05-28 01:04:36,999 - INFO - 📝 Document mis à jour : 01648cc8b69b38d0b04bd463362a9de60f5779f5f0f494b359663daee9914705
2026-05-28 01:04:36,999 - INFO - 📝 Document mis à jour : 2a9d1d9265a50b3fa7cade7a48f5bd2353ddfb752623e84ba64fa4a06d355584
2026-05-28 01:04:36,999 - INFO - 📝 Document mis à jour : 7cca3e175e33a5d56ab2d5ae2ece4f7f7773c9f452f844a406a33d1225ccabc1
2026-05-28 01:04:36,999 - INFO - 📝 Document mis à jour : 7896cc1fc10f20335786dd7a6fee68b5eb3e9fc4b70adf6a653b7d7a8fcc5065
2026-05-28 01:04:36,999 - INFO - 📝 Document mis à jour : e7b53a7ab764dc2247b14eceda41e356619a9cb1dfa268ef388dcf076e6ed1b5
2026-05-28 01:04:36,999 - INFO - 📝 Document mis à jour : 85a8b5931d9c565621cf94ab0e378ee7ddd3157b9874289ef42ddf83ad3fa2b4
2026-05-28 01:04:36,999 - INFO - 📝 Document mis à jour : 8951550517dbc8784f6c1b2c1b5b50d208d8c51308e802b368f6029ec1d8d1b7
2026-05-28 01:04:36,999 - INFO - 📝 Document mis à jour : 7f9b4e59c16cd248d4ed5ce375e67cc63681d3106da667701bfc4c978cd00ca8
2026-05-28 01:04:36,999 - INFO - 📝 Document mis à jour : 6ab3134944f98d07bd6f786b43c94cd6c22903927fc445eab7321e6002af4c76
2026-05-28 01:04:36,999 - INFO - 📝 Document mis à jour : 72b49b93f5b3c8d33ce6247916a148e62aa8c6db6f4abc1fcb14f47c0d9e00e6
2026-05-28 01:04:36,999 - INFO - 📝 Document mis à jour : 0c7da3a8c4ad9da85634641d427e7f636a73ebebc499ae6f89ce5c7a0acd231e
2026-05-28 01:04:36,999 - INFO - 📝 Document mis à jour : 11c47a081131c9029b2699bc61b344251cc4fa75f798b6eacc3b55292de5e1cf
2026-05-28 01:04:36,999 - INFO - 📝 Document mis à jour : e512d0b99e9959bb43574ffe5a72dbffdeaf7a425858fd33d987617a75ef2795
2026-05-28 01:04:36,999 - INFO - 📝 Document mis à jour : d0db4659cbd195c5936eb3891194c48e95a82a67f435c7ccb73f97100b880db2
2026-05-28 01:04:36,999 - INFO - 📝 Document mis à jour : c94b072434ac42f472718a91280108a623bb112ed89b78b1c2a993b570040592
2026-05-28 01:04:36,999 - INFO - 📝 Document mis à jour : 323bc30ba7df02053409cb1582d26823f5462919d3746331503787a741cfea99
2026-05-28 01:04:36,999 - INFO - 📝 Document mis à jour : cc67c26f731c78ffd58cf5beeb14b2e1fef80eb3863ac1ecaeee9f2931f636aa
2026-05-28 01:04:36,999 - INFO - 📝 Document mis à jour : b4641b892228fcbfd53626ab2fe0f7f8baf01daa61c37f4540424284c2c33855
2026-05-28 01:04:36,999 - INFO - 📝 Document mis à jour : f9ede087495e1cb787e38883ffb206833d132ad463275d83999002d4f7c3d468
2026-05-28 01:04:36,999 - INFO - 📝 Document mis à jour : cd14b11bc35c390da3bbf2ad0c8264c4b96c157eca2cbdd5e1c5973aaa5b3e0e
2026-05-28 01:04:36,999 - INFO - 📝 Document mis à jour : 8f79897de8a32bed8bfd787e92084946c162ebce6f1381b281ab2cb8a09cdb45
2026-05-28 01:04:36,999 - INFO - 📝 Document mis à jour : 0a1dcdab78bf1d5fb72058c68fe94825fc42636c202a4657a7c69051c40b62b7
2026-05-28 01:04:36,999 - INFO - 📝 Document mis à jour : d444fd6c6f7e9d04c5ae4e5498c07203fbb551a142f2633b0f5bd10399b5931f
2026-05-28 01:04:36,999 - INFO - 📝 Document mis à jour : 7072b7ef751dc1c8ddbdd57b2d8866e5f3cc96b5ab03c2b90922786e176e2cd1
2026-05-28 01:04:36,999 - INFO - 📝 Document mis à jour : 514cfe157f82f9cef5ab61e6652f5acb26d9758b418c186c54036353f6e914ee
2026-05-28 01:04:36,999 - INFO - 📝 Document mis à jour : 4192fd903f52a3f73c6d541da8e86740412019d0a213b7528c8f2c5c85ec5813
2026-05-28 01:04:36,999 - INFO - 📝 Document mis à jour : 6687f3b9a1600a096fe924ac2990c588a1784dc19140387926063ae36df00a6b
2026-05-28 01:04:36,999 - INFO - 📝 Document mis à jour : 45a947444b1fde970e32e4453abe6aad0a76efd7ecdfc794dfe22d0d1d0a1a0f
2026-05-28 01:04:36,999 - INFO - 📝 Document mis à jour : 4fed72a76cd6075d5e8882683a5cde5cd2fce2df46ef453cfd100d15957bb8d3
2026-05-28 01:04:36,999 - INFO - 📝 Document mis à jour : 3a38dba6490eb462a9171c66edff52944dc199a093f7cade06a5b46a544f7166
2026-05-28 01:04:36,999 - INFO - 📝 Document mis à jour : d364be1454e5088fadeed7ec3f055e00f6b6af0dc57a1a9c8ab6a6cd16bd2a9e
2026-05-28 01:04:36,999 - INFO - 📝 Document mis à jour : 4048b023306a9ef395db5c2ca713dfa8813b4b1ecbd95cda8d43eefd05db3629
2026-05-28 01:04:36,999 - INFO - 📝 Document mis à jour : 250771cd7e13712f04ffedab0e60ae8c477d956fba28d79504d61e3177993ba2
2026-05-28 01:04:36,999 - INFO - 📝 Document mis à jour : e7b2d2fb449f9a82feebdf79c40bdcabcdb5f9d32ce6a7f514f7946a975e839e
2026-05-28 01:04:36,999 - INFO - 📝 Document mis à jour : ed216e351a4f9f5213486668b23b129c2feb14545b7f3edf2c06c9fa40c40f78
2026-05-28 01:04:36,999 - INFO - 📝 Document mis à jour : dfdb243d160ce256ad76e10754b9e2f87ce28f9663da2757e062b0d817d00810
2026-05-28 01:04:36,999 - INFO - 📝 Document mis à jour : 2ab76ed7149b4e091a905364a123b5b560a9d185c551babb8025bd7a53fbf964
2026-05-28 01:04:36,999 - INFO - 📝 Document mis à jour : b569518c27b4743d9e349a40d0313277aa6f4c9556c0ea51556c585d79b32f54
2026-05-28 01:04:36,999 - INFO - 📝 Document mis à jour : 6b9b2c79433fd9417313d9f4b9bedc64035955b2b7aa203d6c1ab920358322e2
2026-05-28 01:04:36,999 - INFO - 📝 Document mis à jour : 9b5f5f7a1334a441a4ee625ba2c6636f89f848f99e0c8d80caeb137a894ee808
2026-05-28 01:04:36,999 - INFO - 📝 Document mis à jour : 6a5d0762bfba8db1b60af56c5c3624ac4e8cc03b54fa278a824d33d7ffb5ea07
2026-05-28 01:04:36,999 - INFO - 📝 Document mis à jour : 79e6a1e6c35422c1cb2d9d12bc65d46f1d7026f329b326490a78f3816edce3dc
2026-05-28 01:04:36,999 - INFO - 📝 Document mis à jour : fdea44763c8e662144d02485cb4196902bfcd80b3346ce09294c957608fe5888
2026-05-28 01:04:36,999 - INFO - 📝 Document mis à jour : ef8d417c9da7a7a2a7df24941a78c4f7be64e243fa30a5043ffc7a2d02f3474a
2026-05-28 01:04:36,999 - INFO - 📝 Document mis à jour : 3fb2cdf35e417eca26ce290874efc39d57201b6bf0e65ef84c869ee3903027a9
2026-05-28 01:04:36,999 - INFO - 📝 Document mis à jour : b480dce7c3ea36db618050ffb754a94d6692c2a338a2461d9c84d299a2272419
2026-05-28 01:04:37,000 - INFO - 📝 Document mis à jour : 92c145040ca8a0d89189d05342a143200cf766448558510bc68fb8c0a7b1042a
2026-05-28 01:04:37,000 - INFO - 📝 Document mis à jour : 7b3313d4fc6b1e235dc0d707e0a8183f33e5bc3ae3b9dd4d29152a4750b91b73
2026-05-28 01:04:37,000 - INFO - 📝 Document mis à jour : 4be5d6ed72584e819d68619f0fad2e29b78cbc2c9e7901aca960830f200236e6
2026-05-28 01:04:37,000 - INFO - 📝 Document mis à jour : dbbf38496a3bdbe243618af1002bf74fc5076a80054e773173889ae60e8244f4
2026-05-28 01:04:37,000 - INFO - 📝 Document mis à jour : 1a66c82f110326bfea6dec9ce5607c4ef678cd2c3ae4efc461757f1bf0faed4b
2026-05-28 01:04:37,000 - INFO - 📝 Document mis à jour : 35759c4c37d2c210baf2311ab11d35691230af265dbf629af9f19ff617b7b3f4
2026-05-28 01:04:37,000 - INFO - 📝 Document mis à jour : 70dd7e62ae2eb3ef3cbf804738af072d5309ece4c89189da712af4f5da3e4df5
2026-05-28 01:04:37,000 - INFO - 📝 Document mis à jour : c8dba9bffd701dbeaee72bfd34926e8d1b40559a70f099ee8a0d791f7d89e04a
2026-05-28 01:04:37,000 - INFO - 📝 Document mis à jour : 7f51f88cf7818a3370bb74c873a2f33d4ca38c2713b030a356e023a2521721cc
2026-05-28 01:04:37,000 - INFO - 📝 Document mis à jour : 57e41750187e2855232120dd166f7a3d76ccca8e6f41a69f36b122034302f9c6
2026-05-28 01:04:37,000 - INFO - 📝 Document mis à jour : 6d2bc243215c75967c0677da1c947d9d70edf2e602c616071fe0365c0a60b7dc
2026-05-28 01:04:37,000 - INFO - 📝 Document mis à jour : cf361707c83766c646dd74a592f2cb6618d0077590656f47ccbc06c9049400c2
2026-05-28 01:04:37,000 - INFO - 📝 Document mis à jour : b5d23834c82e9a8516ed04ef3ae1c97fe6ed032c519501452779744582903fd1
2026-05-28 01:04:37,000 - INFO - 📝 Document mis à jour : 96b2e34771610835cee2b9b6fba12d2ca3025d4d4b0ac31e387ca509ef158b02
2026-05-28 01:04:37,000 - INFO - 📝 Document mis à jour : 1c29fd5831227d728545df048e15afa98f5c8b045f4d2b675bcaba29ca9a3c1a
2026-05-28 01:04:37,000 - INFO - 📝 Document mis à jour : 78aa6da052f7088cda752b9de64f26201006efb220a9ddf1f96b779755588723
2026-05-28 01:04:37,000 - INFO - 📝 Document mis à jour : 633e177d8810d3738388963ef1a706c1daff399a41f2a50b1cdc72c686802732
2026-05-28 01:04:37,000 - INFO - 📝 Document mis à jour : 245184d7c96630f88e9f7dba04d3e3ee84d15416df709d23b35f8ef861b244ff
2026-05-28 01:04:37,000 - INFO - 📝 Document mis à jour : e73fed65e0c91a812496e72879a104ae1500d9d449d7a103cffa55720a419d7f
2026-05-28 01:04:37,000 - INFO - 📝 Document mis à jour : c51a8a1bf1b0cfeac79d572da1a780d3459743eb8bb1baa267b6bcffcae81f23
2026-05-28 01:04:37,000 - INFO - 📝 Document mis à jour : 515d137f096663e0ab709581ae7a8c12933f3cecdb4a8179395a0e221c0f5864
2026-05-28 01:04:37,000 - INFO - 📝 Document mis à jour : 4e01baad552636c13c054b6a72dce4b1d8e91d0d7ef76f4ee47839cbb49e0284
2026-05-28 01:04:37,000 - INFO - 📝 Document mis à jour : 75a2f44c62ceace39183fa73c8e0188bce78d6144e6cd3177845e04161b5fce3
2026-05-28 01:04:37,000 - INFO - 📝 Document mis à jour : 6d26121179ad9e08d69a8c6f42cd70a14cb021a1d741f0077ab6b47321e12eeb
2026-05-28 01:04:37,000 - INFO - 📝 Document mis à jour : 6f5240b10af8a9d00052fc31bef49494f79afc288ac7b12704bffb06fb65b1dd
2026-05-28 01:04:37,000 - INFO - 📝 Document mis à jour : e4d5a76ab18edc21ec1cccb41b7ee0fe8c5b10427fc463a8e2025367e7d5149b
2026-05-28 01:04:37,000 - INFO - 📝 Document mis à jour : 634cbb2e576feee3c54c36bb9d5f4fc8afde1b33715aa3a9970f87a96fe112dd
2026-05-28 01:04:37,000 - INFO - 📝 Document mis à jour : 761169c1bdd2053855649c12172cda20b8655a01e855d938187399b26c7671f9
2026-05-28 01:04:37,000 - INFO - 📝 Document mis à jour : e8d0638418181386b3312394bf7934761cd6d78a2feb00b6103a6d7dcf0aacdb
2026-05-28 01:04:37,000 - INFO - 📝 Document mis à jour : e8315afbc622f90b1861ec624c6cbe97562714ca46c437aec4844eccbe6ec9cd
2026-05-28 01:04:37,000 - INFO - 📝 Document mis à jour : 72cf006227aa4ad177a8c9039d45b5c5db33f82aecc0f611b723e51d62543c81
2026-05-28 01:04:37,000 - INFO - 📝 Document mis à jour : 857cf71c536dadd031f670dc8a55235bbf1c34599f486d13b0ca7a0a42aee8f6
2026-05-28 01:04:37,000 - INFO - 📝 Document mis à jour : 77498c1f8e663391f0fb7101c883812a8d9573c7554e2b82b8934301b742616e
2026-05-28 01:04:37,000 - INFO - 📝 Document mis à jour : 7d3bf1e87eeb35d12ce7df583359581aa1d703e0dfcc26a8d226037fd0e73fd7
2026-05-28 01:04:37,000 - INFO - 📝 Document mis à jour : 31f93e4981818a15f995603489aa075e5865a0ddf31612166baa0ef33afb5605
2026-05-28 01:04:37,000 - INFO - 📝 Document mis à jour : fd9c3ff4bfa22bb50aedea4832bab6177a7861acb1df04c155889b60caed33fa
2026-05-28 01:04:37,000 - INFO - 📝 Document mis à jour : cc36ccb10485974f4ee928254f4feb8aaaea292c48ddc50be61f0d352b7428c7
2026-05-28 01:04:37,000 - INFO - 📝 Document mis à jour : bcc2682d75170f58537741f4d695a8e9603897e2bd6abce150a54193568733da
2026-05-28 01:04:37,000 - INFO - 📝 Document mis à jour : cbc92abdb5108a3a5fc91ee2967887aa224aa2fe834408b92b4be94313aeac62
2026-05-28 01:04:37,000 - INFO - 📝 Document mis à jour : 7af66ca5796c1e6023aec5403dc3081853015235bf523a383382814736f81351
2026-05-28 01:04:37,000 - INFO - 📝 Document mis à jour : 778b7ed473a895a9cf6c1fa7abd17c416716794d5aebd77ec652fa311bf5e214
2026-05-28 01:04:37,001 - INFO - 📝 Document mis à jour : 01077b24c1a015e67e543296a24fe0ffa1170691fe715bcd9e5680ace6f11d85
2026-05-28 01:04:37,001 - INFO - 📝 Document mis à jour : 56ff3ac2dcb81bb92ea35219b147fa7c85e2b477173fd839214550edaf753373
2026-05-28 01:04:37,001 - INFO - 📝 Document mis à jour : 814581b0bdf2f2b298801890820b59442b3537b92e93f66981c4ee61707349b5
2026-05-28 01:04:37,001 - INFO - 📝 Document mis à jour : 354d3509add1e5f05d192794afb63e9393e3972903021345b434aabf3c5e125f
2026-05-28 01:04:37,001 - INFO - 📝 Document mis à jour : f93fb4d8089a2dcba7c54438e782640a291ad19d682558cf1a15ed343eb79323
2026-05-28 01:04:37,001 - INFO - 📝 Document mis à jour : 97987908ce8f0e36403a65fd1cf585675d58c9b3f8d831f459730ed3c38ee0f8
2026-05-28 01:04:37,001 - INFO - 📝 Document mis à jour : 3e289d8dd12d7b9299feb7ebe4e447afddd5d2e0ba7b36504bd755b4737a379d
2026-05-28 01:04:37,001 - INFO - 📝 Document mis à jour : 9ac0dce83e5ed122d23d9b4c3bd57403775d2d9c71e56923f825e779e6e4d8bd
2026-05-28 01:04:37,001 - INFO - 📝 Document mis à jour : a8db39ac572ea398a0b878285b2bcf092af579e29b310837b71f17307b6e5d04
2026-05-28 01:04:37,001 - INFO - 📝 Document mis à jour : 44e169c3321d1b845756c0b53cad05181cc5b3e85c6a5be37d0cbb0d91f77d64
2026-05-28 01:04:37,001 - INFO - 📝 Document mis à jour : 0368ca9607cdb37bea0135581551121ce1c8e72a04ed38b833d8a0c33caba78b
2026-05-28 01:04:37,001 - INFO - 📝 Document mis à jour : 3aeb9277e48465c0f7d9994ce603839140581a67f973e1adf755059e7d7fb480
2026-05-28 01:04:37,001 - INFO - 📝 Document mis à jour : 5de70bfa07b67094b86088217cc3d1b25d850cf5826d8f91b88b416efdc4c8b9
2026-05-28 01:04:37,001 - INFO - 📝 Document mis à jour : 18f99ac8daf00344041d1ccdd995bd3dfc324a625eb1dead5ff7bd613b95e60d
2026-05-28 01:04:37,001 - INFO - 📝 Document mis à jour : aa394dc223063f5f7faa8f99f52071fb689234d492f66a2d71d6f8915fe30052
2026-05-28 01:04:37,001 - INFO - 📝 Document mis à jour : b0ded47bc949fc9420c12e0fa30fd35d7e8201d1915c6de4fa5704278bc03bfb
2026-05-28 01:04:37,001 - INFO - 📝 Document mis à jour : 407e404b860511ae1d30551bb2aeb6e1c51af1bd7d09b780d70099028122bc2b
2026-05-28 01:04:37,001 - INFO - 📝 Document mis à jour : c6259fe4529dc5b39470b073112d347b0ce08562a211c28abd560d751e68328c
2026-05-28 01:04:37,001 - INFO - 📝 Document mis à jour : de1017103480442c4a0fac07c481f663c413fe608810cff40c8845d41a187873
2026-05-28 01:04:37,001 - INFO - 📝 Document mis à jour : b7dda6f4cbd0e77db19d8d5deacce261c5213c25ee1c08582ba52403c96d3036
2026-05-28 01:04:37,001 - INFO - 📝 Document mis à jour : fa158554712777c02990d4be30543f87745f26db96c213464238b514d3c112d4
2026-05-28 01:04:37,001 - INFO - 📝 Document mis à jour : 684ff500488c01df6cb94c4db6813c0e18264b1d6979b323d964988931034e3a
2026-05-28 01:04:37,001 - INFO - 📝 Document mis à jour : 863d9b10683de4df960d88a9cf59d4c906fe24e493d78089e4f555398590f11e
2026-05-28 01:04:37,001 - INFO - 📝 Document mis à jour : ac675de5192ae95b83fa2bf95eacd291ee10ec898754e3dea1809a73851553ef
2026-05-28 01:04:37,001 - INFO - 📝 Document mis à jour : 3e7543fc46b80d43fb3e98529039dcf6423c5da001ae3fff8a97cb1c142756f0
2026-05-28 01:04:37,001 - INFO - 📝 Document mis à jour : 5f3d8dde1f1ae48efa1a7cb97fd95259c02d8c5df1cb4a56e14a0584d7c931d5
2026-05-28 01:04:37,001 - INFO - 📝 Document mis à jour : c4616057729655ca8dcf1d2fcf58620d30e916c57633330eb1b47d6961075d6d
2026-05-28 01:04:37,001 - INFO - 📝 Document mis à jour : ffe1d85482808661800b6dd6c92c9f706b1c898c2958e028d6503885e0f1cff6
2026-05-28 01:04:37,001 - INFO - 📝 Document mis à jour : 58069ccf24de329589fbb85eb8fa1205fba97c7a984ab956bf37a7fe6f84b388
2026-05-28 01:04:37,001 - INFO - 📝 Document mis à jour : 3790915c39636934f80d5cbdbc8c282248559982e6c117bf8739780047b7cda9
2026-05-28 01:04:37,001 - INFO - 📝 Document mis à jour : d5234e41789281af960768dd76ce90d57c7cfd416f67bc297fad75929236d92f
2026-05-28 01:04:37,001 - INFO - 📝 Document mis à jour : 7d2d72f22006a54bf989757b3e0b31a34be2ceaac35c1f923abd14289199aa2b
2026-05-28 01:04:37,001 - INFO - 📝 Document mis à jour : 5bbf82361e7bba3986f614ba3021bc0117a793d4b9f4990f470b1f6793b180fd
2026-05-28 01:04:37,001 - INFO - 📝 Document mis à jour : 6529db05c06273f4b2b059e23991a94bcfcfad45c0aeba9018cb2362e189b79c
2026-05-28 01:04:37,001 - INFO - 📝 Document mis à jour : e4318b88e6ff51ea56af54cea7d5388ae68e41005cef910ffd47efed323411b4
2026-05-28 01:04:37,001 - INFO - 📝 Document mis à jour : b1582c09a36a5f83d1310a9de04facb12b4fb437c308abc09c74e2ffda088213
2026-05-28 01:04:37,001 - INFO - 📝 Document mis à jour : 3bb5360d1fe259822a21a19da410793a6884c0ca4ed15cfb55520a1dbcbd004b
2026-05-28 01:04:37,001 - INFO - 📝 Document mis à jour : 78583087580e5d26b7e1327f66575a850344ddff9a426259c7e38db93269119c
2026-05-28 01:04:37,001 - INFO - 📝 Document mis à jour : 88d09cde3393ca8b2ed5032af7e542f366306bac9cf2795177d515029842d710
2026-05-28 01:04:37,001 - INFO - 📝 Document mis à jour : 7a6365cfea420add52907a870c94ab5b5bd1ccad2145a839d100e86e6aff9b2f
2026-05-28 01:04:37,001 - INFO - 📝 Document mis à jour : f1d2a6f3cca41de7f30e31b233f95f73ed51f2e0c5914df5494b06ef3a6f077e
2026-05-28 01:04:37,001 - INFO - 📝 Document mis à jour : f81d982143454a124ca0a6a4ac3d136c318d9ccf72e7faffb5fb3226a5620d78
2026-05-28 01:04:37,001 - INFO - 📝 Document mis à jour : f2e293f1b509d91beb6c2174d481327bbbdb7e43de0a0890176bf73d1c5345e9
2026-05-28 01:04:37,001 - INFO - 📝 Document mis à jour : 1987299abc01407c60695097800bb39f8425fef49a2c15a6dbc06424478b3d2c
2026-05-28 01:04:37,001 - INFO - 📝 Document mis à jour : 226107904e767170d188e853ce7d4be114de4278d4108e769874584b03a48f80
2026-05-28 01:04:37,001 - INFO - 📝 Document mis à jour : ed87df4a5d8250179a53c4ccb4d975d41a4ebc28d8e81cacc959d9bcbed69961
2026-05-28 01:04:37,001 - INFO - 📝 Document mis à jour : 7e16631a65f92c7edd016b1f806b23ca64f4c29e4f33e2f5c20fc54c3dc0e9bf
2026-05-28 01:04:37,002 - INFO - 📝 Document mis à jour : 7832cd0766f35b6a02cea14bcb59c5fd3312899a4dc8d4959485dd4145efca72
2026-05-28 01:04:37,002 - INFO - 📝 Document mis à jour : 571fd6eebc9de08763a57d4a891965b21b4e2d80eea89ba0f05c3e25794a24d4
2026-05-28 01:04:37,002 - INFO - 📝 Document mis à jour : 705122263f043d2b70b1dc91a138f7c7f44a2ac64e2f8c460e62aaa8d1474ffd
2026-05-28 01:04:37,002 - INFO - 📝 Document mis à jour : 4a6eb2f591eac718d615e94e5f01848b1db80bea3f96400bbe2b4fd99ebfa332
2026-05-28 01:04:37,002 - INFO - 📝 Document mis à jour : d149890b05ff5a2d724c25f4601c1882f5073c2f2bca7f4264298b716c4cc3d9
2026-05-28 01:04:37,002 - INFO - 📝 Document mis à jour : fbe1e10440adcfa9815cd40626696938f373558f8c89db4d7762bc207be4ae03
2026-05-28 01:04:37,002 - INFO - 📝 Document mis à jour : 356a496d2872586d24ff9a20acfb70113336f2050772b7cfabc76b56806a356d
2026-05-28 01:04:37,002 - INFO - 📝 Document mis à jour : d0094a2e3d00821270f959f32b97a641bdd0d1d759c6cc0f8ffcc451c561c15c
2026-05-28 01:04:37,002 - INFO - 📝 Document mis à jour : 746114a44a0f54ba302bd870b1c8222d69ea8e914429923dcd2db63d2e4b3184
2026-05-28 01:04:37,002 - INFO - 📝 Document mis à jour : b64b16cff723b3ff9b1c701561da8203e6b256d282516077d4cbc7cfe1d1a5b1
2026-05-28 01:04:37,002 - INFO - 📝 Document mis à jour : fa68ce8863bef67bf58ba00ba6adca988cd2f0c1939d4b8bb154c5a446e50ca3
2026-05-28 01:04:37,002 - INFO - 📝 Document mis à jour : 8bbd772fcddccf5135d7e2ce7c7aa5acea6ecde9195363280d40497ccad8106c
2026-05-28 01:04:37,002 - INFO - 📝 Document mis à jour : 79cdad37972ac214088d401b37d4a7007eb1f02fa0ad2e43bcb7d0509f76a87c
2026-05-28 01:04:37,002 - INFO - 📝 Document mis à jour : 7ac3c6e86c1d2e1d5d4a2d40b5c9488fec7d418e9bd72d15d6cecbeeb41f16b8
2026-05-28 01:04:37,002 - INFO - 📝 Document mis à jour : 47151d36aa254aba7933213e836b0cfc20b981d18a515eed948b898c970e4d51
2026-05-28 01:04:37,002 - INFO - 📝 Document mis à jour : 9d3e33e73f6c0fb152dcc2dcde398e777d0f729d389c22cbd20c7b4cd2062f0a
2026-05-28 01:04:37,002 - INFO - 📝 Document mis à jour : 75134760f3ab1cc778a11da04bfad69c5a3047d5c6040f84fc68627533b2a3d2
2026-05-28 01:04:37,002 - INFO - 📝 Document mis à jour : d91a48bf54ff04a744c03f272cdfcceb59457b8456782c2f9620d3bb82607eb7
2026-05-28 01:04:37,002 - INFO - 📝 Document mis à jour : 1d890e331e8c7b4fd6c790fe3c91ac1baca3152514cb4449510c864f6c7d2e0c
2026-05-28 01:04:37,002 - INFO - 📝 Document mis à jour : 30fd3469362d9de85747690784d66987b391b99482474835cdcb7cbf07fe5d92
2026-05-28 01:04:37,002 - INFO - 📝 Document mis à jour : 1176b28774ec814bb58d742b43a80ebc28e93ea85719d29b781c3b35aff9b6cc
2026-05-28 01:04:37,002 - INFO - 📝 Document mis à jour : be47c7e137b6d55d883fb12b737e491eb15473a58ec01f87b284cca644271e61
2026-05-28 01:04:37,002 - INFO - 📝 Document mis à jour : 858ec763338c39254c3d4224859e92350581c625612b35cf373f0ef2170f3231
2026-05-28 01:04:37,002 - INFO - 📝 Document mis à jour : cda365b6e0d7531efee7fd9894ba92f6346d9064b023fad9e67c84a9150f0380
2026-05-28 01:04:37,002 - INFO - 📝 Document mis à jour : 9467dd7bb4fb0990737977f758d545d672b94013c0bf58e1592f4317b5f924ab
2026-05-28 01:04:37,002 - INFO - 📝 Document mis à jour : 9f5e15db6bd40c968713f57b223d6539a79e15034b9dd1b8f8430cadddebdefe
2026-05-28 01:04:37,002 - INFO - 📝 Document mis à jour : 6caa7a5560f494e47295dac6e3fb24df1e5477fc187d2503c19ef39003e12765
2026-05-28 01:04:37,002 - INFO - 📝 Document mis à jour : 0adbccf8c1a1c6c7e0d81a086cc942f92e643c685ae076a3dc57b335d424d766
2026-05-28 01:04:37,002 - INFO - 📝 Document mis à jour : 8fb06a3007461c6a8fc95e281cda0df955b8ae68215f3e46fa45bcebdbbf9476
2026-05-28 01:04:37,002 - INFO - 📝 Document mis à jour : 98132d39d88e7ac6e1c2053ab93f6efab3baa907d22d9f052b4461692e12e093
2026-05-28 01:04:37,002 - INFO - 📝 Document mis à jour : ed47b6e5911d6e7822b5ac741a82cca96a3485fba537a9eed41d030b4ddb4cfb
2026-05-28 01:04:37,002 - INFO - 📝 Document mis à jour : 83f2721208db32f59d460c33765940e821325031956d336948ac5f815a5dd5ac
2026-05-28 01:04:37,002 - INFO - 📝 Document mis à jour : 16e27e8ce03209ca20fad97c28eb34025534e729b2c52a63186b12d44f0bb786
2026-05-28 01:04:37,002 - INFO - 📝 Document mis à jour : 46c6fe7323785beb5a4f2aef8ad2043aee274c5b24ea2fba2dbe8949d7e0f276
2026-05-28 01:04:37,002 - INFO - 📝 Document mis à jour : f4843e7fb2255f798fe934c717b45696d483a1a9acd5d31dec28f577fd33c92e
2026-05-28 01:04:37,002 - INFO - 📝 Document mis à jour : 2670e03eab04f829646de192f21b776b408ec47299d7fe0d3a5ed06a8d2b301b
2026-05-28 01:04:37,002 - INFO - 📝 Document mis à jour : 91ef6435686ff0f4450840395940155d5a67c94b56a4b59a261c427882ae5f18
2026-05-28 01:04:37,002 - INFO - 📝 Document mis à jour : e1345726f9be9ec0b2e9b07409125684a0ab1c97f4e417c74f98300774c70359
2026-05-28 01:04:37,002 - INFO - 📝 Document mis à jour : e21353a72a33ad63f66fb9127da92b86c84d336e484b9fb5a423d0f2fcecd861
2026-05-28 01:04:37,002 - INFO - 📝 Document mis à jour : 00313b5b11dbbfd8fd5821400a7b5efc623215f58b3cfa05d8b9dcb4578bfc23
2026-05-28 01:04:37,002 - INFO - 📝 Document mis à jour : 9c062b2f714225d0b9dc1a458477aafb7f9088c32cf6f6d51f76c9414e9b3f69
2026-05-28 01:04:37,002 - INFO - 📝 Document mis à jour : fd8ce1a9da056ae7a2b7cf5a892f2111894695ee8d7add48294bb40709d921ed
2026-05-28 01:04:37,002 - INFO - 📝 Document mis à jour : 13a2292458f446a505faad419bedac9055794578b2c813a5f88dc169a5b5fc2e
2026-05-28 01:04:37,002 - INFO - 📝 Document mis à jour : d216771fb8ab5362433d3a3c91e0d54364175ae257f1349b822d85a73cf9ff76
2026-05-28 01:04:37,002 - INFO - 📝 Document mis à jour : 883955bdf1580000c865ed3dbf282e1d961db5f2f047b4c769b967ce2e709619
2026-05-28 01:04:37,002 - INFO - 📝 Document mis à jour : 693b7ae63b01ccc2e2ba276af7e035f18a38c1b98f78264364c19c1404219550
2026-05-28 01:04:37,002 - INFO - 📝 Document mis à jour : a38a7ff0344dbf6d39c46f01dc4a785f60989b915b6b30d0c6dd5b6f05c82d91
2026-05-28 01:04:37,002 - INFO - 📝 Document mis à jour : 97d6a037033c0f4c6d9a66639fbb33c50dfd0c1361652a3e95685c516ccfd07d
2026-05-28 01:04:37,002 - INFO - 📝 Document mis à jour : ac847deebe30d89bf0ff7c27483b3e280fd4694a48fcfb19aa1002cd6bdb8745
2026-05-28 01:04:37,003 - INFO - 📝 Document mis à jour : 7c71c29a7e8f057f1b9aaf64b235e4570f081affe02b727d4d2bc982820119ba
2026-05-28 01:04:37,003 - INFO - 📝 Document mis à jour : 2f11a3b97f2bd5341683e904c5ed251da940537714c8e9c3f617db91bbba9ad2
2026-05-28 01:04:37,003 - INFO - 📝 Document mis à jour : 810696af4749a5aa4231cdb003f89fb684f249a1861c0ae80369df0d80703953
2026-05-28 01:04:37,003 - INFO - 📝 Document mis à jour : 40efc8eec683c6e1991d58132c500e794bf739157133dfea60cbc4d8f37d625a
2026-05-28 01:04:37,003 - INFO - 📝 Document mis à jour : 8857bf007d63481be5564cf0acf82b42bbb6871301becd372a24b1499595cf48
2026-05-28 01:04:37,003 - INFO - 📝 Document mis à jour : f62854155e2c73f2ff97185d7246dcfe4a13d2d66c193122b788ec2ec17d405a
2026-05-28 01:04:37,003 - INFO - 📝 Document mis à jour : 20ddceb3b3af5131806fa73dbdd9bccbcf0d9b3a97f9884add74b1c4c8ef361b
2026-05-28 01:04:37,003 - INFO - 📝 Document mis à jour : 5b02856a35f9b13d5028a5639fe862bc43ff923a271968a8456d6dc5ff3a3a18
2026-05-28 01:04:37,003 - INFO - 📝 Document mis à jour : 181b5a1842cbb5bc59e570a3c2db6153b488621b6b3bd7da2f209ba4008468eb
2026-05-28 01:04:37,003 - INFO - 📝 Document mis à jour : c4b40789fb59eca733d05231dd8515760124cce12fd3399de74380ef2812fb16
2026-05-28 01:04:37,003 - INFO - 📝 Document mis à jour : d52e709940b6956609459fa90201b1e373cad80080c5970a6087ce3628cc735c
2026-05-28 01:04:37,003 - INFO - 📝 Document mis à jour : fa6bed63fb099f0b543405cb5985cc6d09e38671beacd7c32916866b11289a92
2026-05-28 01:04:37,003 - INFO - 📝 Document mis à jour : 6cff3bb335578ef6ed4175a3279d4ce56de21e482d82f385e1f2efafc0bcc924
2026-05-28 01:04:37,003 - INFO - 📝 Document mis à jour : 9200c534164787f7fcbd1da526fe55b1df4dbf6b83009e4db3b8ae679ad62b4f
2026-05-28 01:04:37,003 - INFO - 📝 Document mis à jour : 8d38b19b5848911688ef71f51becea858991b08210e8f4b72114736b52349925
2026-05-28 01:04:37,003 - INFO - 📝 Document mis à jour : 6b27020a9c3275f35acaa5d2d2a737e57149a0c6f2d2197f7afcd03afb669081
2026-05-28 01:04:37,003 - INFO - 📝 Document mis à jour : 2c5a1f834fb2edc6873119797d6df14d51a973ed7a26399231be2cfa75dfcff1
2026-05-28 01:04:37,003 - INFO - 📝 Document mis à jour : 1db8dada5423ada46ed215b760d20dc6438a14c44f85718777d056f52bc37099
2026-05-28 01:04:37,003 - INFO - 📝 Document mis à jour : 213d8a8f66488132ce2ecd3d73d1db854a8c566573f148ff1cf3565adfe12f44
2026-05-28 01:04:37,003 - INFO - 📝 Document mis à jour : f805c598559cea8eac74a96dd882e50c4f283bda0e5fb1573081cf4010ffbe16
2026-05-28 01:04:37,003 - INFO - 📝 Document mis à jour : 45215c4a6ae1a9e17175fa3debef2ad3fd54ace859f7cb1e6f22d7cfb361360d
2026-05-28 01:04:37,003 - INFO - 📝 Document mis à jour : ec8c821a4218abe02933c20a0e22cb60ec5c16c5313b9f07a185e936745baf69
2026-05-28 01:04:37,003 - INFO - 📝 Document mis à jour : 9762fc678730b31775739ff010bc79b79dd9b60fb6e5d88ee61f4eceb0851d95
2026-05-28 01:04:37,003 - INFO - 📝 Document mis à jour : 7a96f4d15a4e1f7d3023934e81424d972a274d4685d4c37165631b2e9a126fb5
2026-05-28 01:04:37,003 - INFO - 📝 Document mis à jour : 61f1d7b66987dd3670c4b0fe0ef8ff3224732d24f02b0902ff8f6482cc2ce426
2026-05-28 01:04:37,003 - INFO - 📝 Document mis à jour : 6f6b66704d41032ee8dc313ef5a2132fc6632231fe3f38bc48e1675c6a8de107
2026-05-28 01:04:37,003 - INFO - 📝 Document mis à jour : a0447f386263068e9ca4d10ad32d15cace35f0095047455d99190d2ff05e8983
2026-05-28 01:04:37,003 - INFO - 📝 Document mis à jour : f3cead53db7eba6c480f8c978417d85cc798e4daae5fe634fa38263bbf5165b9
2026-05-28 01:04:37,003 - INFO - 📝 Document mis à jour : 275d6dec15973a7a70c1ed28ab3333d85b22a430af2fc82c6fe7c212ff49e829
2026-05-28 01:04:37,003 - INFO - 📝 Document mis à jour : 2b8d0763582162c5a24a7c1c7b14d1a438c6d2b9e87429fc12b0b50bd996301a
2026-05-28 01:04:37,003 - INFO - 📝 Document mis à jour : d97738028f0f1d0b310305aef801a0a3a7855041fd33ae8dfc9fc7abdfb29412
2026-05-28 01:04:37,003 - INFO - 📝 Document mis à jour : 9c7d779ca64a2ae8f899e2eb9ae9e23d16985ea4bf16ab8fa540bae5315b5f7c
2026-05-28 01:04:37,003 - INFO - 📝 Document mis à jour : 6181d35f8082bcfe3e0dd033f4590483458721b950908a6cb7b30ff5944a44d9
2026-05-28 01:04:37,003 - INFO - 📝 Document mis à jour : 7230bc3d1e907f19efd301387e70666f817d8d8c2ae296680c68cdacf441a4b9
2026-05-28 01:04:37,003 - INFO - 📝 Document mis à jour : d6dbf7f1e910bbf1d41f19b58b4c4ed9c303b99ada58cd564b959de119e03c23
2026-05-28 01:04:37,003 - INFO - 📝 Document mis à jour : f83368dccdc397690dc9a6d7be705b127d94e2c732a9e4fe125d525e210778f1
2026-05-28 01:04:37,003 - INFO - 📝 Document mis à jour : 694abe002ce10b4380614c34d72c61778bc5432a6b47418fa0ac19a2ddfd88ba
2026-05-28 01:04:37,003 - INFO - 📝 Document mis à jour : f2fb918657c4d82d18a14165f4e7bc68970ed48179d7ffbc03659c9b6fddcf80
2026-05-28 01:04:37,003 - INFO - 📝 Document mis à jour : e6dbf08dd3526d3255b546bf1fc8f447f336d5d943bd97622deb9cfe2401384d
2026-05-28 01:04:37,003 - INFO - 📝 Document mis à jour : b8da1771289b806be0a1209ec504f5be44b8a6fe9723ffb929971f3b323883e4
2026-05-28 01:04:37,003 - INFO - 📝 Document mis à jour : c3c8be48916b741e2a2d8beb0fdfc4cd1d92adf4e878fa12b41bc504907dc00e
2026-05-28 01:04:37,003 - INFO - 📝 Document mis à jour : 6cc4c0fdfb32a6b46dda174548cad9cfe5baa40d5a2aca7073b22c96ed121782
2026-05-28 01:04:37,003 - INFO - 📝 Document mis à jour : b187746ef90a6e1559c0dee346295e83414d0567f9c5ffa19723c9b040e2931e
2026-05-28 01:04:37,003 - INFO - 📝 Document mis à jour : 668928a1d75eff28f237525f7afae3fde42cf0cbdd50f2557ff054741f199f77
2026-05-28 01:04:37,003 - INFO - 📝 Document mis à jour : 63cbf3d810a6c3884fc7e9dd52153ad22e57bd82bd1c88dd85c624d523f14212
2026-05-28 01:04:37,003 - INFO - 📝 Document mis à jour : 8b1df2cbb672f550259ec2f984ccc839c0aa4607bd76b61d9d5df3b371cbbe62
2026-05-28 01:04:37,003 - INFO - 📝 Document mis à jour : 7d79464dff1bc8a80b7ba7354ca8cc46a4cbf22543e963f31f61b38aaf3bf92a
2026-05-28 01:04:37,003 - INFO - 📝 Document mis à jour : e79a2d264cdee0fcecc0b65476426fefe9949e908df665288084c2d857030d5e
2026-05-28 01:04:37,003 - INFO - 📝 Document mis à jour : 7fd269cfef0c87571586c9b1955ccb6fe1bdc5bc2565e2245bfe954f8dabd683
2026-05-28 01:04:37,004 - INFO - 📝 Document mis à jour : 39cadafacb8358954c0e61afbd8922f4d7f0f3da88e1b3a9020d46e45ae69cb3
2026-05-28 01:04:37,004 - INFO - 📝 Document mis à jour : 2c1bb623139fbc3dc68fdead69215f740c115441bb968014dd3f3cfb06093faf
2026-05-28 01:04:37,004 - INFO - 📝 Document mis à jour : a01b94899be466bb015d7486b6e008b5a60ef9f25546428bc341c3fa15036fe0
2026-05-28 01:04:37,004 - INFO - 📝 Document mis à jour : 787b886d2873ffa02209d24a2d787ddb7135e8a601deafb3f69d6b0613a4d6e0
2026-05-28 01:04:37,004 - INFO - 📝 Document mis à jour : f689f7f8f2366257f73ad0a93c20c72cb6cb2e7f12aa8c5eb7da42756a42b014
2026-05-28 01:04:37,004 - INFO - 📝 Document mis à jour : b2be1ca936f4dd2f2887def8a9adbef62b93b2cae12df7cd793bdfb938bc53a7
2026-05-28 01:04:37,004 - INFO - 📝 Document mis à jour : 2f0fc4c80a83e113dd0d4376c0532fd796e8862868ec88a5bb48334269530059
2026-05-28 01:04:37,004 - INFO - 📝 Document mis à jour : 7accdc20faf08e3993d4bc14f0e0502a3242033d49e87d75151e78ab86a88555
2026-05-28 01:04:37,004 - INFO - 📝 Document mis à jour : 7021e26f0c73306430db7d8202cfa662ed1a080d6b25791b939046216b0816a5
2026-05-28 01:04:37,004 - INFO - 📝 Document mis à jour : 48951f360608b122f726f1b4d05d51c2f5e0b61417392e60697bca39e5ddad83
2026-05-28 01:04:37,004 - INFO - 📝 Document mis à jour : 3d91b402b587f47076058569cd43ef91652bfc19f00f7e5aa1ef5071d8575758
2026-05-28 01:04:37,004 - INFO - 📝 Document mis à jour : 90daff8d2ee6228f4413f0be6becb194a6551dcb9535fd7ca90d008f6f05cd4f
2026-05-28 01:04:37,004 - INFO - 📝 Document mis à jour : d6868af6f07b4eeae0defebcac5162a8dd92b1cbb6c1ad68ac40933371a6a8ca
2026-05-28 01:04:37,004 - INFO - 📝 Document mis à jour : ac025226847891098ca654cdccb20d3587e4f0107e339fef6e646f16a90f4ffb
2026-05-28 01:04:37,004 - INFO - 📝 Document mis à jour : 35d45acd7b3cff47394e94ebcff07cc1ef8bcb55e430580707bf3e45bf44f45d
2026-05-28 01:04:37,004 - INFO - 📝 Document mis à jour : 63d8b52b4fa61ef6a1f38733af73aa36c56b9a6a32c28cb9bd3487fd7f18c36f
2026-05-28 01:04:37,004 - INFO - 📝 Document mis à jour : d7301f93dd2ec7a0479672d3b8d3524444898bf757a882830f8acfacb00b94b0
2026-05-28 01:04:37,004 - INFO - 📝 Document mis à jour : 3fef2863b22f5a72e7f899abb0e44d8d65ebabf95c7afdb81b1026baa1774a51
2026-05-28 01:04:37,004 - INFO - 📝 Document mis à jour : f7117de266a453eeed31880011ad2c9d1002f825c9a22e1f52b746912e2c9bf6
2026-05-28 01:04:37,004 - INFO - 📝 Document mis à jour : c78c7292367177c9bf156df4420960435eeed0dd192b1710517137453d5228ab
2026-05-28 01:04:37,004 - INFO - 📝 Document mis à jour : 38867744bde77ed107be6308e57ccbf6bafd6826758e20b1185a4fb5c07bb42f
2026-05-28 01:04:37,004 - INFO - 📝 Document mis à jour : f4a70a534bb114246dbec7ca69a5135f20c6d012f16b7c6a72ba3ac6efa4fe62
2026-05-28 01:04:37,004 - INFO - 📝 Document mis à jour : 5a877c245802d3d57c86f69abc2daecdb1e726c32c126b6ca72224d1117dc746
2026-05-28 01:04:37,004 - INFO - 📝 Document mis à jour : c1b850280d6528c158efe4c4ff5d6521d8330d9b0a8ee5880f6ecabbc322b9a2
2026-05-28 01:04:37,004 - INFO - 📝 Document mis à jour : 45232ae55bfc74b249703dc4dc5c35fd161f2e2a19ad6dd62cafa830391eba97
2026-05-28 01:04:37,004 - INFO - 📝 Document mis à jour : 239c760d45ad66afb128f573d7f237c4e44f49af1d41212eaf8cae569297fa21
2026-05-28 01:04:37,004 - INFO - 📝 Document mis à jour : 2d4aaae6fa0fdf3b7d24aaf1506219a3eb95f0462f88ecb4940f1e1ab1466906
2026-05-28 01:04:37,004 - INFO - 📝 Document mis à jour : 57d4f56de3c53387bb6878dc620c16c6d8d9e0175dce567e24069bad6b8cdc01
2026-05-28 01:04:37,004 - INFO - 📝 Document mis à jour : bddbb2b3ccd2700790fca368421248db7bacbab923ec73d070b609221bbbc38b
2026-05-28 01:04:37,004 - INFO - 📝 Document mis à jour : 6f035e2a9466df3ee18eb9a5de761b62b3351bf10d1abfb185944f5c8c2b85d4
2026-05-28 01:04:37,004 - INFO - 📝 Document mis à jour : 7f045f9a68dcc9d795c5548b29b8555305efba259d95ce517aad7bbc6a390d22
2026-05-28 01:04:37,004 - INFO - 📝 Document mis à jour : 4c6beed850370d1735b4c1c06f3814e6311bfa4ea0715d4918b3eea292d6ec28
2026-05-28 01:04:37,004 - INFO - 📝 Document mis à jour : 7d989df035539d5c591c78684be0744f5018168ea3c0eaab433ec2ee9acda710
2026-05-28 01:04:37,004 - INFO - 📝 Document mis à jour : 92928f5df261be8459354f94728a82baaba06229a26d916363ef96199529e23c
2026-05-28 01:04:37,004 - INFO - 📝 Document mis à jour : fd0925618f4d9f0bcdf8a0d94673778b36e839d1fcf2b11f77feb7034427e9ef
2026-05-28 01:04:37,004 - INFO - 📝 Document mis à jour : 73e3625038819110d8f4208651367dee339210d93663dbc12429ff1d6018c6ec
2026-05-28 01:04:37,004 - INFO - 📝 Document mis à jour : 4d93d45bd5a2ce2fe6bc5e13609833f67d65d327bda33d0c4dbe82e7c059fec5
2026-05-28 01:04:37,004 - INFO - 📝 Document mis à jour : 0f2f50420c689ab8ddc222397bfa0458f80983edeadb2017deafe8827f89bef4
2026-05-28 01:04:37,004 - INFO - 📝 Document mis à jour : 9530f001dbc580c5ce6913a23b35072ecf6bf2b0c681444fcdf6eedcf2a159b6
2026-05-28 01:04:37,004 - INFO - 📝 Document mis à jour : 1cac81191b5dbe6454d534e9c743de05e06d2c623d8fb141f5953929f7763cbf
2026-05-28 01:04:37,004 - INFO - 📝 Document mis à jour : 3cba3daa494e8d5f76f8756f3c3cda5477f19e5cd2d3835b1a2a5189128b2953
2026-05-28 01:04:37,004 - INFO - 📝 Document mis à jour : f22d71c82073557dd702e230635ee7ec3056ac4f82d6f0b97352b3d89e046453
2026-05-28 01:04:37,004 - INFO - 📝 Document mis à jour : 88db328dd09eed882fcf6201b6a86443f3146e6e3a224991039cef3ae9e75931
2026-05-28 01:04:37,004 - INFO - 📝 Document mis à jour : 7665b0ba0548253ee4a9e69c789d0f1ec24262376160f44c8192536648ae8a68
2026-05-28 01:04:37,004 - INFO - 📝 Document mis à jour : b3678993b16a3955e957b6a83d4c5c18794ac3b6a991bf53bddba7549dea679b
2026-05-28 01:04:37,004 - INFO - 📝 Document mis à jour : ed80231cb9ced0e1fc38b8ee204ed0f23f6b87f5f817bfe767f6f8e4dab92652
2026-05-28 01:04:37,004 - INFO - 📝 Document mis à jour : a8ff03a485630cbcfda83523eedafda7432cb81cc6f9a2eac55d69d7e929291f
2026-05-28 01:04:37,004 - INFO - 📝 Document mis à jour : e2b8d1e5dd813c5c5e1d83224814fb4a6b2080602fd8671ef77e24585d3342a2
2026-05-28 01:04:37,004 - INFO - 📝 Document mis à jour : 7a6d4582e0dd070e2724e90eabb874ce30e9812c6e0ca0ff4b9ccb151f47bfde
2026-05-28 01:04:37,004 - INFO - 📝 Document mis à jour : 2a2018bd2ed64dcf15ccbf39b5903e83faec524fc550e605a05525ea9b141f89
2026-05-28 01:04:37,005 - INFO - 📝 Document mis à jour : 4e058f2453298f601fa262a92fd721a70d1bd1508bbf8f4a7917851f319e5497
2026-05-28 01:04:37,005 - INFO - 📝 Document mis à jour : cf08102f022350939cdce9dffe15c3702f53483060c5108526f5d5d6543eabbc
2026-05-28 01:04:37,005 - INFO - 📝 Document mis à jour : b73b376a1fd3429342994b4ce2af2e7d489c862fcb037f083889cb04878f9773
2026-05-28 01:04:37,005 - INFO - 📝 Document mis à jour : 887425bc567de98a47f5d2eb2e9158e3a2b0507301bd9d64c2decb005c943dc0
2026-05-28 01:04:37,005 - INFO - 📝 Document mis à jour : 53ab7d6cc0a9c881c28c0d8b97a702c14154c6f9d5dac38c9f300e008f325cfe
2026-05-28 01:04:37,005 - INFO - 📝 Document mis à jour : 511326648f0abd99ccdec0dd2623af7858de80e618fae0a62a43a5ee7767ca4a
2026-05-28 01:04:37,005 - INFO - 📝 Document mis à jour : 4f5d7464b6e65d4a1a4f07794b3701524689629c9e00c124cc3594ed1ba398f4
2026-05-28 01:04:37,005 - INFO - 📝 Document mis à jour : 1cc251485daba1413243b7dcd5a8d4e08e54a2e28df0afc20353d71c54989dc9
2026-05-28 01:04:37,005 - INFO - 📝 Document mis à jour : 85a778b5fe35d6327132ce31704e129278c00350ac5707dc5984b1105f5e41d2
2026-05-28 01:04:37,005 - INFO - 📝 Document mis à jour : 4b6a38038a7cfd887040a9600541fdc4eeb516f83e6b166f9626b734c64992b9
2026-05-28 01:04:37,005 - INFO - 📝 Document mis à jour : 1d6c70071348c9c9da40bccf535af47009b07af5c99f94f9260bf07507f9efb2
2026-05-28 01:04:37,005 - INFO - 📝 Document mis à jour : b0f9c91f46d2d81ca6e4a7ca6b84fb3d0e58174d2d103005309903173e3c8c2f
2026-05-28 01:04:37,005 - INFO - 📝 Document mis à jour : a029f1c968aadd880124129738dc1e00aeed4836b28ef4dd9a0e582d900c2869
2026-05-28 01:04:37,005 - INFO - 📝 Document mis à jour : 293dcf12615820984ce95e15bdc70db6a3e3d62fd2fd158bcac45def5167b058
2026-05-28 01:04:37,005 - INFO - 📝 Document mis à jour : d50052d4b350917f427c02d3ab78160294558fce48fa3efd4a4a1e1cd55505db
2026-05-28 01:04:37,005 - INFO - 📝 Document mis à jour : a735042594780f847f365b04e8271ac04f9f3a5803614890ce8ad72a55c0752b
2026-05-28 01:04:37,005 - INFO - 📝 Document mis à jour : f9ccd0cb14b0c6906224b89e81f2c446338491be1631fb717ec11723c6a71dec
2026-05-28 01:04:37,005 - INFO - 📝 Document mis à jour : 321f7d84721ecc75d5c0582256cc796923942354cb6b41e7d01f4f6c3043fbf2
2026-05-28 01:04:37,005 - INFO - 📝 Document mis à jour : a69df8958749513d8776a6cabd22fb8bab7c6f639ff605f073049000af423baf
2026-05-28 01:04:37,005 - INFO - 📝 Document mis à jour : e60bc9da807e6e10d1bb60d8cfe2ac261dc602b862ad834f445de0a3ee50bb08
2026-05-28 01:04:37,005 - INFO - 📝 Document mis à jour : 09f2bcdcb4affd4d3f6bdc4257fe4e14ea6a9c5cdbfc631a90ac522c19402064
2026-05-28 01:04:37,005 - INFO - 📝 Document mis à jour : caf39a71c76119f79752c94c5d868f170bc547bbcb8008501a17345140e80dfd
2026-05-28 01:04:37,005 - INFO - 📝 Document mis à jour : 8082e63f1c5f339553b993c9bc6bf96741cd1cce8b4721359c045c219218711e
2026-05-28 01:04:37,005 - INFO - 📝 Document mis à jour : 41334372ce9967bb70cd7fb2c06f75a25222a8498507db46c12fb2d813c9c812
2026-05-28 01:04:37,005 - INFO - 📝 Document mis à jour : 28d2268782c0b2a0c231067c917941b40198ad4397dcffc83d67f3fb2b9352a6
2026-05-28 01:04:37,005 - INFO - 📝 Document mis à jour : f11787074d912ddec52951f675869e82426bea34451c17bf0b2b50d40ba1820b
2026-05-28 01:04:37,005 - INFO - 📝 Document mis à jour : 782f15d181608ea9d03bb6e4af24b11feedb768f3d106f6c286eb28530723864
2026-05-28 01:04:37,005 - INFO - 📝 Document mis à jour : 3edbbd1bfc4f84a4277d233eb0d1a0a8efc8a49002cca885dbc93a54bf1714e3
2026-05-28 01:04:37,005 - INFO - 📝 Document mis à jour : 35445ec2a32683f8b2b9850c9990f8ad8e4e74f84defc4ed673518870be61242
2026-05-28 01:04:37,005 - INFO - 📝 Document mis à jour : e5b685a12ca724be924e86a1f1afbded26f80cba02f9a03581f6df5fafb5d37c
2026-05-28 01:04:37,005 - INFO - 📝 Document mis à jour : 5404719d787a4516793426cf0162dccbe1376019ef6921f7a7dd98da3bb94287
2026-05-28 01:04:37,005 - INFO - 📝 Document mis à jour : 3d305b0ff156903bdea00696fa34a6a2d952b8ea616bdc5e3b49552598254bbd
2026-05-28 01:04:37,005 - INFO - 📝 Document mis à jour : 7deb64807d9c2d549e113f8e60dc27723ff7068e784ee73fa346326c25bd36f0
2026-05-28 01:04:37,005 - INFO - 📝 Document mis à jour : af261050bcdd077d602380c8af6464bf7b3afa49851a187e3c2a1ec2d7f494f5
2026-05-28 01:04:37,005 - INFO - 📝 Document mis à jour : 7bd06095dda79f8842f52bfd9383fea58b14b5c467140c985fd3c24c7697cd04
2026-05-28 01:04:37,005 - INFO - 📝 Document mis à jour : c37b4ce25e9ed0fced2512c1f907a7e0af79c446730b94ca51b3d653d4753f71
2026-05-28 01:04:37,005 - INFO - 📝 Document mis à jour : 0ad9e48a900ed399d14884bbb94006c32e55ae1cd8d57a6a72752929e43de329
2026-05-28 01:04:37,005 - INFO - 📝 Document mis à jour : 804560ad913b590702a75542a62184aeb89b3eceb01b4cf8d252912fe1f68da5
2026-05-28 01:04:37,005 - INFO - 📝 Document mis à jour : 4f9c8698fe565a0b976cd1dd109ca76336112344e2b9f87c914ed64b9f5d7f46
2026-05-28 01:04:37,005 - INFO - 📝 Document mis à jour : 8897bfda71578f19d59d8f787368da992887d60db199a7dcc2dd0ca61086bf87
2026-05-28 01:04:37,005 - INFO - 📝 Document mis à jour : 301e64cfb64dccf9e4ad2f610cc6b4218ab01fe468abd71c4dd114f9a8516286
2026-05-28 01:04:37,005 - INFO - 📝 Document mis à jour : 8931efda4f64401057e94de270b26afe183aa014231593487c72d6d494dd7f7f
2026-05-28 01:04:37,005 - INFO - 📝 Document mis à jour : b1744bf26549d1168c15282330539099df1ba5e043e757c07e7225b47fa4d55b
2026-05-28 01:04:37,005 - INFO - 📝 Document mis à jour : fd1b0f9d363efd28ceda429aff76e2dfbb7d9c2a3bcc3173620a721827978122
2026-05-28 01:04:37,005 - INFO - 📝 Document mis à jour : ba179ba53664d6046b186c6f895d9d52ee46d24e2c18b636358487a4e68adae4
2026-05-28 01:04:37,005 - INFO - 📝 Document mis à jour : 9419b8ed076b5f98a24b4ae8e7a328353d6c5ce99d03ba3cd43bacf08ebd9913
2026-05-28 01:04:37,005 - INFO - 📝 Document mis à jour : 79323e506b70ceb2f2c504b71c7a391a7c6ab983e52bddb649d17ee0bb2b257e
2026-05-28 01:04:37,005 - INFO - 📝 Document mis à jour : 980bf5c446faebd32de8401280a8ef4ab3782c879e741158df4636a1474e53aa
2026-05-28 01:04:37,005 - INFO - 📝 Document mis à jour : d854502bf7c721ee271daa7e9d923971b724ccf9503e50a6d647a3e81d63df65
2026-05-28 01:04:37,006 - INFO - 📝 Document mis à jour : 9d31858aea1a3b97705547171dcaa18b6300299d4e57d6407560924d21957bd4
2026-05-28 01:04:37,006 - INFO - 📝 Document mis à jour : 6515a40b3489461b87e69de018cefbf3f0c56693b03e4ca364935024c1ad6bfc
2026-05-28 01:04:37,006 - INFO - 📝 Document mis à jour : c93790ef57ec544ef5eb98554425a41dda8c7b82476f270c5109e9fda4eed18c
2026-05-28 01:04:37,006 - INFO - 📝 Document mis à jour : 799ae4f9f54c12ae1a98a79d4dddfbdc00926d132988fd394553153a34958205
2026-05-28 01:04:37,006 - INFO - 📝 Document mis à jour : fc21669f7a2ed3888ead01156be11fe0e2a54710977f1d27aba6a7107d943820
2026-05-28 01:04:37,006 - INFO - 📝 Document mis à jour : 6b237e12298b4051fe47f954e5cb2bacd824643ebc1add2c6c17fa36b0244183
2026-05-28 01:04:37,006 - INFO - 📝 Document mis à jour : e68e0fcb6efd86f00f72b39711113086ebcbac0381cce5c2eecade84df1c3b51
2026-05-28 01:04:37,006 - INFO - 📝 Document mis à jour : dff6d99394cc1b370fe85b534f87b03ddd4f6f0809d01324958118c6fdc6c0a4
2026-05-28 01:04:37,006 - INFO - 📝 Document mis à jour : 872da6f0f874e42b70c75fd9a315440296be3506cf52a1d70c696ba884f54032
2026-05-28 01:04:37,006 - INFO - 📝 Document mis à jour : f25492f1a9d206ed90994f5f27a44aa9766fcc66bc57ade1a1aa6cce4df8a474
2026-05-28 01:04:37,006 - INFO - 📝 Document mis à jour : 7a3befdf32afedba408b67be60a8ebcd4460a45472ef4c1ec3dab9e4dd877949
2026-05-28 01:04:37,006 - INFO - 📝 Document mis à jour : 968e7bf35c66404d69e69ec072ce38f7c0369b9f7303fb86fd85c3d884ef7896
2026-05-28 01:04:37,006 - INFO - 📝 Document mis à jour : ca1186782d2fe8277ffd87c7f58664d43791dfdcd3d97da4c58bc0abefa616a4
2026-05-28 01:04:37,006 - INFO - 📝 Document mis à jour : ecf91cd0e89ec28778b4a789de19b4a6dbd5ef6a938b59c4067b3443583062f5
2026-05-28 01:04:37,006 - INFO - 📝 Document mis à jour : cd9c6c8b42d01160c2dca6f5ecec3d7bc085002e72b2095353fc4d099c009509
2026-05-28 01:04:37,006 - INFO - 📝 Document mis à jour : 3f7b35add5194f0594ff4a330c11fb9194227f1ca80b9c47abb674283ad4c04f
2026-05-28 01:04:37,006 - INFO - 📝 Document mis à jour : a14457ff2ba5e0678f1d03ac84e2ad17c5bb08ec6a7279c1a57d61b2a4dc488c
2026-05-28 01:04:37,006 - INFO - 📝 Document mis à jour : d26858ebe134ebfcd446ef61efb939001609b7c7deb57c65f68be09d2adfdc8f
2026-05-28 01:04:37,006 - INFO - 📝 Document mis à jour : 4511bf94dbefbe06e02981b1f616569e59e895cd92160e1647d4c7843dc4226a
2026-05-28 01:04:37,006 - INFO - 📝 Document mis à jour : 861fd42dd30e5422f9793087a63aa27d4ac6af7f54ead75c123977b1980b27c6
2026-05-28 01:04:37,006 - INFO - 📝 Document mis à jour : 8b09b1d4988b44b1820f66caa0044fd10a97effb32d5dad7bac6087801743086
2026-05-28 01:04:37,006 - INFO - 📝 Document mis à jour : 39964faf7f2e0cda132f8922c400e3f6c5bdb50950b0969650da53710b4da586
2026-05-28 01:04:37,006 - INFO - 📝 Document mis à jour : fa23e09ee7723944de0e6415bf3e3fac3c0bd3544cb52aa4e6c42df29481096e
2026-05-28 01:04:37,006 - INFO - 📝 Document mis à jour : c9e75fbd3827fad8d1f7c4f16526e435b329348223a2436bde68303744f54a65
2026-05-28 01:04:37,006 - INFO - 📝 Document mis à jour : e38f650e1e4e972ef80df0c6fcf81438ebcbc07f68bd05cea1ebc522c8f0c99a
2026-05-28 01:04:37,006 - INFO - 📝 Document mis à jour : dc57dd4dabd169c953e2717d3acd6141e4069f34dff3f5172c3ee3ada238d1ac
2026-05-28 01:04:37,006 - INFO - 📝 Document mis à jour : f17c2d01df9f3567783bd5e96879616183b45083c8a3baa1d70b4ac4176c52d9
2026-05-28 01:04:37,006 - INFO - 📝 Document mis à jour : 66c53a604c64536e2762b3282225078fcb9e2e9d2aeb491ddb39a3122aa98a7a
2026-05-28 01:04:37,006 - INFO - 📝 Document mis à jour : f6a172e64950f2242ab0fae73d14f541bd4896c44706cee1db9c060993ccf740
2026-05-28 01:04:37,006 - INFO - 📝 Document mis à jour : 4dcf30a1456a6b55bb1233423b02dce96200df1d3bae2743a012f761c92c0637
2026-05-28 01:04:37,006 - INFO - 📝 Document mis à jour : 9af2cd5c8a84334f9bf925ac93e7cac22fd55f12a14e14dd119241e67c093e00
2026-05-28 01:04:37,006 - INFO - 📝 Document mis à jour : 0b56d6e1ffc83ebd87519543e142a96d54b8920c487bf0206548547628410885
2026-05-28 01:04:37,006 - INFO - 📝 Document mis à jour : 75123f1577b9bb316e068df3c265e5d49488fceb2aa0942cc2836a1a3d72a4d6
2026-05-28 01:04:37,006 - INFO - 📝 Document mis à jour : 13415b2580ece63a3fd37ab9ab1d8e603fa9301b16a53a78b0233b7b483ddbd5
2026-05-28 01:04:37,006 - INFO - 📝 Document mis à jour : 86333f48874143abba763a6265c1751687f102d3bb2fcb3865d9c71bdec42e17
2026-05-28 01:04:37,006 - INFO - 📝 Document mis à jour : c8474000c058eeef71b4c4f04b5e8f9c262efd31864e3da71fb3b670c74b9ea1
2026-05-28 01:04:37,006 - INFO - 📝 Document mis à jour : ca7ffadfb093bdc13bd4691ce5ca6a13e9c612f8993cd4cf731b4a9664eded52
2026-05-28 01:04:37,006 - INFO - 📝 Document mis à jour : 2aa57536c3f18e04f5204ff258e38e8e52f5b5a1739ebe8c645d8ffb7bf1d2b1
2026-05-28 01:04:37,006 - INFO - 📝 Document mis à jour : 6115080d4a3e1fea35d95da85256eb35eb2deeb22fb04353637629baf90f15b8
2026-05-28 01:04:37,006 - INFO - 📝 Document mis à jour : 12856f669b227cbdde74d81e56b1051381142ae5eedbc4f84c644fb45a09d2d9
2026-05-28 01:04:37,006 - INFO - 📝 Document mis à jour : e0f1a0063b163077146944c7ec8b2107d23bce2da2716af287cf75c3da307574
2026-05-28 01:04:37,006 - INFO - 📝 Document mis à jour : 744c5e2e7f558bd7208e1f67e40e10753d6231efa0704edd45278a82628828e2
2026-05-28 01:04:37,006 - INFO - 📝 Document mis à jour : 236ac766d45e265b9e6f20ecbbde3843a125e8e7f970ef0e85a36ffaae6c4aab
2026-05-28 01:04:37,006 - INFO - 📝 Document mis à jour : 2558d259adcdacd5b2b0ed5e679b8dce1d65db2b391b2a82bedd4f9876898f53
2026-05-28 01:04:37,006 - INFO - 📝 Document mis à jour : c24d72027b7602b0a57e3a9b5ef6b25ade8bdd990e08ac5e37d7c48df4d9be96
2026-05-28 01:04:37,006 - INFO - 📝 Document mis à jour : 750a18a12225713e3addc5bea8d5b83acf419bd629060e7f0b726da8a9408330
2026-05-28 01:04:37,006 - INFO - 📝 Document mis à jour : dca7f14002dbcfd2b83ef24c073c8bc6fc61194955ea1854fd1a8c62d415647d
2026-05-28 01:04:37,006 - INFO - 📝 Document mis à jour : 2d3509530d1dcb2bb8c02809ae303980a3a9979ea630cac1312bdc0dbfc1864e
2026-05-28 01:04:37,006 - INFO - 📝 Document mis à jour : cadb5b4dc94e83b8f14bd4ae63a6c92ba67490ca13902f9a167684864647c39d
2026-05-28 01:04:37,006 - INFO - 📝 Document mis à jour : 33cb40ab4afb690a469e25aaf8cbeccf50c9861e6c3460fac9fc5b6660a8aefd
2026-05-28 01:04:37,007 - INFO - 📝 Document mis à jour : c82118c6225f73c27b49c34620cbc7eb7bd46cefb7a4df37ee384712a20d5a9c
2026-05-28 01:04:37,007 - INFO - 📝 Document mis à jour : a8cbcc65f7d273c735eae6766f5f707d349b4fad01c68890b319a6636ff9473d
2026-05-28 01:04:37,007 - INFO - 📝 Document mis à jour : ef80a906bf2c65dc5095f5c0ab2250f9f90850456276ddce5b6b264d6c9fd459
2026-05-28 01:04:37,007 - INFO - 📝 Document mis à jour : e715ceb5f84f55297e56c7da83868d88e64befc62f1bed58ec5b10764e880abd
2026-05-28 01:04:37,007 - INFO - 📝 Document mis à jour : a144bb216f012b7f7149ba81d8fe5fd0c556d806c71c77e449d286b13039dc36
2026-05-28 01:04:37,007 - INFO - 📝 Document mis à jour : 5be043248cad5323fc0e8f36e19f99a691d24ca8721cc8ab60e99a1ad39f005b
2026-05-28 01:04:37,007 - INFO - 📝 Document mis à jour : 313654bb2c6e0d909120d35922a8c773a3b945f5c7f2152f6d0d956738128f43
2026-05-28 01:04:37,007 - INFO - 📝 Document mis à jour : 94bcdf1ab2c8c0115aa473666b38ea8a570252e859c8556702b244e242face3f
2026-05-28 01:04:37,007 - INFO - 📝 Document mis à jour : 099de5bb7d3c80cd4e518ef70e7e16ae088a2a94bc09a65fb3f07f7917290d43
2026-05-28 01:04:37,007 - INFO - 📝 Document mis à jour : 3d52801d3dc5d63dfadd5a268922c11366b791d4af9c0fa9b172ca42d8fd1567
2026-05-28 01:04:37,007 - INFO - 📝 Document mis à jour : a1adc639133c2c6e52e1c3979b1e3bd82e317dcfa4d4aad3035e2654ebd9de9f
2026-05-28 01:04:37,007 - INFO - 📝 Document mis à jour : ed4b1e8b54bf93bb88e045a1b060c26d80ec95b5af94143a1df542f2c5b1c63e
2026-05-28 01:04:37,007 - INFO - 📝 Document mis à jour : f7f121e954ad9fde9306305cb7ac3692a4d1a6dd592c0b5df3f022bb1b9511f8
2026-05-28 01:04:37,007 - INFO - 📝 Document mis à jour : 788a806f045184e62e7205d81cbceea6fd3bcf424f226dd57c55438c2cd96272
2026-05-28 01:04:37,007 - INFO - 📝 Document mis à jour : a37438b54c5ec5f7eb7ef4d8b743572b603d9b01578d025c6be364b1cd94e0fb
2026-05-28 01:04:37,007 - INFO - 📝 Document mis à jour : 032a9d6683304c889f5974bde7c98a6a444300be7f27557c04504ddc2a42d766
2026-05-28 01:04:37,007 - INFO - 📝 Document mis à jour : 508fdd78b0d35cf29935d7bb756afaed229da4fa3886b3613313a8e3af7127ce
2026-05-28 01:04:37,007 - INFO - 📝 Document mis à jour : 11f566654da1ed26eb11cc99895326016bd72ae689057a3b900421c54c914218
2026-05-28 01:04:37,007 - INFO - 📝 Document mis à jour : baf5bea6105f014e25051649fbd5ec064457fac1729418a867210cf3187f5760
2026-05-28 01:04:37,007 - INFO - 📝 Document mis à jour : b28138edd6cd4dee81aca23afc477a0e959902bdde0bf2f6a5ce8ef0870c6fc8
2026-05-28 01:04:37,007 - INFO - 📝 Document mis à jour : 92bfe2edacb3c7510c926cc8b5a687653b7634426dca5cb6d1ef920e7cbf6274
2026-05-28 01:04:37,007 - INFO - 📝 Document mis à jour : 7c23e6f31f20ba40bb52238debd134e9311701a35ae87a04d8d22f40c60cd4da
2026-05-28 01:04:37,007 - INFO - 📝 Document mis à jour : 05004ad9e13d0d9791e55267c90f902a69b772c1cca60170b52c7ec9466aa7ee
2026-05-28 01:04:37,007 - INFO - 📝 Document mis à jour : 4aae1e90033d56841dfefe18777fc377be541e8db087ad4758f13d00197fc28d
2026-05-28 01:04:37,007 - INFO - 📝 Document mis à jour : 8b52736ebab1079b66d55dd295154f5a8825dc1efc0b6d2af0919ad070e0901f
2026-05-28 01:04:37,007 - INFO - 📝 Document mis à jour : 0f0ad40839b911b3c93f90d2be5bcfa8939ea9567c06af9ce1d84849e2b3bb45
2026-05-28 01:04:37,007 - INFO - 📝 Document mis à jour : ee07c9f5a5bd4b34ae32be43da045e3a7819d3a1c7e667ab2573c150a43ecb77
2026-05-28 01:04:37,007 - INFO - 📝 Document mis à jour : acfbccfb757cff33dfcbfbdd467117760bfc6c0830d8160323dbb1bc6cbe599b
2026-05-28 01:04:37,007 - INFO - 📝 Document mis à jour : 032840246711bf52e7dff5cc57379391ec44812e64e7035129b208d8354f0a10
2026-05-28 01:04:37,007 - INFO - 📝 Document mis à jour : d9c83c80602b304955265138a9bd526f777e639df531f12efbbb828471e4c62f
2026-05-28 01:04:37,007 - INFO - 📝 Document mis à jour : d6c8d0f0a42c4d93ae09a746e82b18e1fd7488f9eec0c31860ad7f8e4beb3236
2026-05-28 01:04:37,007 - INFO - 📝 Document mis à jour : bbd803d4a2970dfff34655064de900061a68ab9437c02570792faad6432a1b4f
2026-05-28 01:04:37,007 - INFO - 📝 Document mis à jour : cd383d2764d4a57e1250ff89bdac4fae2b368cc7c8da234489e023f1945e0d59
2026-05-28 01:04:37,007 - INFO - 📝 Document mis à jour : 4edca9efb89b98ffb6021d321a2ea458e0f50e4da3cfb66174f78670093babc3
2026-05-28 01:04:37,007 - INFO - 📝 Document mis à jour : 367c5db50232b528da3dd37c360b62b0e8bec8c2ee90f4c23cb3fc0d3c2cc886
2026-05-28 01:04:37,007 - INFO - 📝 Document mis à jour : 35d6cbb3b27a099690231afd952d8c9655b005a136122360b1d810ff70923509
2026-05-28 01:04:37,007 - INFO - 📝 Document mis à jour : 6f80056d0a8e4c8129d9a7dc0be7fb4d4c1a40dd264acf54a4567f7e57621b6b
2026-05-28 01:04:37,007 - INFO - 📝 Document mis à jour : a54d501162563ddd0e5f35d6221e89e257d9462010c722b31619e40a2736d25c
2026-05-28 01:04:37,007 - INFO - 📝 Document mis à jour : 00eb3770bdcc5190994645cadf76cb57478615541cd3227fe411e9d053aff6d8
2026-05-28 01:04:37,007 - INFO - 📝 Document mis à jour : 5ae3940b891926d277ee565e39602ac52aa0784b2fb7fc829427c690d3325d76
2026-05-28 01:04:37,007 - INFO - 📝 Document mis à jour : d040f624863b3b3dcc42475583b962c50aaae083d8d85d7585c2aa5c815adf60
2026-05-28 01:04:37,007 - INFO - 📝 Document mis à jour : 2137039bfb05257fcfb72d3de981103fd841f331ba3059f5fe4aca89acb1db22
2026-05-28 01:04:37,007 - INFO - 📝 Document mis à jour : 2763f4e2cba244f594a45764f171bbb20fc0ba158d85ef510f9685fd6a6d2c21
2026-05-28 01:04:37,007 - INFO - 📝 Document mis à jour : 832d703e96f6ea893f1b7c083debebd1b7ab9b2b809738d73c03f92b2269bd48
2026-05-28 01:04:37,007 - INFO - 📝 Document mis à jour : ab9aaa1e2fde6e5ab640489f2e05236df7826bc2a5f599d4eaf44d0c5f030b91
2026-05-28 01:04:37,007 - INFO - 📝 Document mis à jour : 39480ccb13801905b67f394d428b91f88e9195458997e45ba307ab825d7342dd
2026-05-28 01:04:37,007 - INFO - 📝 Document mis à jour : 6c79aa5eeb23cb4f61056089bf4c109b8236917bb42afe4057975721b11eb5b8
2026-05-28 01:04:37,007 - INFO - 📝 Document mis à jour : a331fb6034d9f2c85afbaa44d077dd4d8fee000159e2996523ddab9c9f437ed7
2026-05-28 01:04:37,007 - INFO - 📝 Document mis à jour : 592d94d63c9e97bc7323a99e087481e5836858361fbfaad77529129b32a7c58d
2026-05-28 01:04:37,008 - INFO - 📝 Document mis à jour : 6cacd85b252992f7658d3faa5edd7e6a073181edb8ceceeb4fe60de86b120d1f
2026-05-28 01:04:37,008 - INFO - 📝 Document mis à jour : e2eb6d916895a1c485c104273ed5ddbceff3fadbe8a80df14676a874692d9185
2026-05-28 01:04:37,008 - INFO - 📝 Document mis à jour : 484c81f2b2ea89a5415fa0cdee6499f0f4e0fd987b96bd03c889b748e237a72c
2026-05-28 01:04:37,008 - INFO - 📝 Document mis à jour : 8584b462491593d7ef40edc6c91042fceff6019ce36d60d63e74ece0861c8f45
2026-05-28 01:04:37,008 - INFO - 📝 Document mis à jour : cdf95cd7027cbdb0c5b8e015069b0ca52c544faffe9caaba3bc9d9aed8f27931
2026-05-28 01:04:37,008 - INFO - 📝 Document mis à jour : 018a3e7e1ebe4a5e61291d612059208516b7a2235abf053d6a5ab2a65aaf805b
2026-05-28 01:04:37,008 - INFO - 📝 Document mis à jour : 26587c98567b8883e593b068d0ccb7c6ee0cac62c31a54eeba35bd9a80b55b17
2026-05-28 01:04:37,008 - INFO - 📝 Document mis à jour : eca53370d569510fe032785397ae83bf2b5ecb3218289ffb0190ed192dfec9c9
2026-05-28 01:04:37,008 - INFO - 📝 Document mis à jour : 5281fb37bee65c31a9e5fe20800caad6b2e1f2ba66ce016ddc26b860bd9d86c1
2026-05-28 01:04:37,008 - INFO - 📝 Document mis à jour : 992218f3225359cc5a961cedca43c78d654a118ffeb85e6b6407bab5453b0097
2026-05-28 01:04:37,008 - INFO - 📝 Document mis à jour : f19d7e0b9b085c8c20ecca8a85d18d1dc80661ad443488f5fe98edaabe4e0173
2026-05-28 01:04:37,008 - INFO - 📝 Document mis à jour : 2f2910f1d429c886d1cd1e7e435b634494bf315d89b59e6f102525a867eea8ec
2026-05-28 01:04:37,008 - INFO - 📝 Document mis à jour : 1c3ac0b00546781e944a55cdccbf77fa25e9336c7a06d4c77047b2ff3ecd8333
2026-05-28 01:04:37,008 - INFO - 📝 Document mis à jour : cf369fce2e020badd55c789048287d837b64ebc968fb8f0832f8488bb6675119
2026-05-28 01:04:37,008 - INFO - 📝 Document mis à jour : 06eaf508414b5f780f7a9ff92c4fd0a9edc60fb81a6553f481a1d53a8a4e9959
2026-05-28 01:04:37,008 - INFO - 📝 Document mis à jour : 9c25ef98c1aa7d99a1443b96e98ae8fd9630e513e7021f210aeee973f26d67a7
2026-05-28 01:04:37,008 - INFO - 📝 Document mis à jour : ddeb2dceb8938ad2970da77cbc0e2a7894c60859d8c4bc069a5ae97e7418da8c
2026-05-28 01:04:37,008 - INFO - 📝 Document mis à jour : 45e6e1031bfd6aac5ac60b9968d31b36240bc67cefa928ad8207dc8c04fc23fc
2026-05-28 01:04:37,008 - INFO - 📝 Document mis à jour : 8478c99d4d6e6249447946dfd544a6d1169e6424797fe3fbda1dee8c6f38a7a5
2026-05-28 01:04:37,008 - INFO - 📝 Document mis à jour : 7f96cc126244a10e01784c0243aebd306f600bc5f4bdb6298ca1e4e56551aadf
2026-05-28 01:04:37,008 - INFO - 📝 Document mis à jour : a25be7f69befd331eae5bf56b187492e2776f7220e66620023b61a5f09028929
2026-05-28 01:04:37,008 - INFO - 📝 Document mis à jour : c128d02bdf67196429900555dcc22487474f542421444005a4c87ef1fc473298
2026-05-28 01:04:37,008 - INFO - 📝 Document mis à jour : 13ccf2d11fdffda0564c4310e5c0c99e6efe473f97f51d518c8a29a224dea0f2
2026-05-28 01:04:37,008 - INFO - 📝 Document mis à jour : 2110fea6c4ca404114e731972933578cb579cc9ed7ad7c0ef27134f720b86bc7
2026-05-28 01:04:37,008 - INFO - 📝 Document mis à jour : 6a30c94c5496ee3e2ac8b7b51847a8a5a79897bf8f4913cbbcddd34747bdad8e
2026-05-28 01:04:37,008 - INFO - 📝 Document mis à jour : 78b12b70100332fd5420dcfdcd26870b553cf408e4679dc0a33a161905d07786
2026-05-28 01:04:37,008 - INFO - 📝 Document mis à jour : d3921d5537a041b4c297b4ea47f76c8d29b43083612411f4efa052cb051d3d4e
2026-05-28 01:04:37,008 - INFO - 📝 Document mis à jour : 5ae13d8b2a5f2411d3e26082aea1459aa977c5953918722375db57c98c7ee5dd
2026-05-28 01:04:37,008 - INFO - 📝 Document mis à jour : 288770874b646c69c5bd69c19f597eb2eb5430111150fe351dbcec7663de1804
2026-05-28 01:04:37,008 - INFO - 📝 Document mis à jour : 7256bb9a9eac06d886bc9c7fc349dbe887d9ae62062166d3a3eed754b1801d52
2026-05-28 01:04:37,008 - INFO - 📝 Document mis à jour : 6b5b442695d641b60d796d2b6c5250276ee1172c142ba2b9bc48d7617765b3a7
2026-05-28 01:04:37,008 - INFO - 📝 Document mis à jour : 3f235f237028d5c6b6be62e51f02e5e42dd3ee74a791d1e9fe195e2fca29bcf2
2026-05-28 01:04:37,008 - INFO - 📝 Document mis à jour : 2dfc9d8254405bfa0adc4e455ac25d8a7cc0cfc18cfa03e47884f8ddd3c27cf5
2026-05-28 01:04:37,008 - INFO - 📝 Document mis à jour : 2295e99daf5a092b31ce09eabb1452d1a7cc0a33eca223e5c38fd6fd59d0d608
2026-05-28 01:04:37,008 - INFO - 📝 Document mis à jour : 6978383616b5d4baf1766d8aee9e36c0963d68e21b93df1fee383e4069bcf94e
2026-05-28 01:04:37,008 - INFO - 📝 Document mis à jour : 615b85af8384daad7267dd6903ea04ad9ca1217f8e688faa6ceab9871150fb7f
2026-05-28 01:04:37,008 - INFO - 📝 Document mis à jour : ca4ab60f2b55fef230a9d127d76c26d4aa189bdd2faeed697128fbe97fd798fb
2026-05-28 01:04:37,008 - INFO - 📝 Document mis à jour : 4ed2d41adb16d0dc1dcec26f4e19f2b3368f3ea12a5018939d95bc985aab3925
2026-05-28 01:04:37,008 - INFO - 📝 Document mis à jour : d8f87a5fb72764140cc555a900f7994915fa130c652e27c412fb8028113824e6
2026-05-28 01:04:37,008 - INFO - 📝 Document mis à jour : dd9563fa26c7350abcfe5c258042930419eda80a0f5c855386413810125d4e88
2026-05-28 01:04:37,008 - INFO - 📝 Document mis à jour : 7e98e61c3e736cef6f8248a5ebcaaa987f349ac8d96a0d72ae9a82b4b9111f44
2026-05-28 01:04:37,008 - INFO - 📝 Document mis à jour : 8f8d79299a928cbb443d94d62ad95b72145ee54ad8f21cb9e80931f399769878
2026-05-28 01:04:37,008 - INFO - 📝 Document mis à jour : 996d224fb9b2d3280c01deadf53ade660adc2e67a4c3ac276809bb5905031f91
2026-05-28 01:04:37,008 - INFO - 📝 Document mis à jour : f0f6e4806e26ac2a1025af963549132304642cadd53a6ba4b0970d6e8f3850f7
2026-05-28 01:04:37,008 - INFO - 📝 Document mis à jour : 315a2d9af91451608ac1771cb46c6ff8dd81ee45d29506de3457eeb9a127dd34
2026-05-28 01:04:37,008 - INFO - 📝 Document mis à jour : 92c5d25f638992f656142823579d229ebaedf54c3a33c89e161e1b2a7482da29
2026-05-28 01:04:37,008 - INFO - 📝 Document mis à jour : 9ea99c6e7092565b35a33bd170bc6982303bb48b3314b43e64ef7046a7aa54df
2026-05-28 01:04:37,008 - INFO - 📝 Document mis à jour : 0ecf128ee4c40229823c312a07daa4edea4b774dca6b63cbd86532543445427a
2026-05-28 01:04:37,008 - INFO - 📝 Document mis à jour : 975ffdffe333f8fab1411402fa4de337284d7a4208f612c0b9137c6d00cdccb8
2026-05-28 01:04:37,008 - INFO - 📝 Document mis à jour : ff185d735931597eba03283d86a0a798629f2dea05a885087d673ceaeab23e85
2026-05-28 01:04:37,009 - INFO - 📝 Document mis à jour : 9ca0bf81f67f6bef33be96c9e02b8a0b21d0b8410c89422c6c4f1d4d6f72b0d4
2026-05-28 01:04:37,009 - INFO - 📝 Document mis à jour : 967c7a5936b81862caf1dde46a0d283061dcc1d13d2fc60f52de33b39bed0f1d
2026-05-28 01:04:37,009 - INFO - 📝 Document mis à jour : 559086ba04e727c3f2958665c27c6db8a64d805f03d601eb3073c6fb6d5b5c23
2026-05-28 01:04:37,009 - INFO - 📝 Document mis à jour : f8bf8c11fd87193902c3fcc9508046c401a25e0200e72ea68d98f09e96f5d5ba
2026-05-28 01:04:37,009 - INFO - 📝 Document mis à jour : 203e0ab20854a9ad611db3a065b7e8372d66e4dc92dd8498d685dab2e426c2ba
2026-05-28 01:04:37,009 - INFO - 📝 Document mis à jour : 8bdd048bfbf11ba21104c7b9db3c9ac705260f999a81c4f71cf54b76856fce45
2026-05-28 01:04:37,009 - INFO - 📝 Document mis à jour : ee2840a457b0d41279efad1020b84f7bcde26b338c1ab26c5ad19d5ebacc997c
2026-05-28 01:04:37,009 - INFO - 📝 Document mis à jour : a3c82e372a8194e240b70718cd87e64b590b22446bc9f3c1335ded55f4ccc9d7
2026-05-28 01:04:37,009 - INFO - 📝 Document mis à jour : d51ed4dffdcfcc2b91e912830b0a4813a13818c4f14e4957f3b1d4a73e5bb3a3
2026-05-28 01:04:37,009 - INFO - 📝 Document mis à jour : faa5f3c01076c4c14a7c32b6ae5bf0cef8bc68773b9c72813f46a49a32a5f89a
2026-05-28 01:04:37,009 - INFO - 📝 Document mis à jour : 1470b35f2f7ece4079bfee7e02b4c24b01ea0c1ff10039dac7ca3a66244e1991
2026-05-28 01:04:37,009 - INFO - 📝 Document mis à jour : ab74830a8f94fd40cc7b360b011d0eaa07931affbd1452983590e71c1e819157
2026-05-28 01:04:37,009 - INFO - 📝 Document mis à jour : b03cb29ec2d2c3c3d8e5fe9edb262a4413862eb5f034bfbd0f212567e2bbb962
2026-05-28 01:04:37,009 - INFO - 📝 Document mis à jour : dd70a96fda01eba25c2d21d62803f7c9f6212859e43141d11c2dc5afbbc1e780
2026-05-28 01:04:37,009 - INFO - 📝 Document mis à jour : 7dfec71f91b0a443230b5aa625c46696a133efae18daf9058513d91011e86b7d
2026-05-28 01:04:37,009 - INFO - 📝 Document mis à jour : e01d4aa4456cee260482bcd18838f9ef9f94cb0c08d03736adebff4174f7f198
2026-05-28 01:04:37,009 - INFO - 📝 Document mis à jour : c20b305e09fbb3caca229b27193b1f1d551bdd6ac5350e3d1b6c7b8a467a4c72
2026-05-28 01:04:37,009 - INFO - 📝 Document mis à jour : 4fcdc34a1f62eb9765efbd412053527399c23f8baf72077f6db269abcee509e2
2026-05-28 01:04:37,009 - INFO - 📝 Document mis à jour : c3567de3e50198df4dbfd386b1cb4b4cfa000a698adb2f1eaef1751930700d92
2026-05-28 01:04:37,009 - INFO - 📝 Document mis à jour : a73fae1b0fb745f8e3cea73183218cb0d9e57af9cb78cda6c6926cb5fa301dad
2026-05-28 01:04:37,009 - INFO - 📝 Document mis à jour : 5a4624a73433a005646a72fe8f7ae2203bf880b76dbce7f0ba5d75fef5eb6621
2026-05-28 01:04:37,009 - INFO - 📝 Document mis à jour : 94cb5a2779ec77587ea47f433ebab9f7f4e425a09495b05209f7baafc6432529
2026-05-28 01:04:37,009 - INFO - 📝 Document mis à jour : 0b3233ea7d736b841e6a4c1ac77c5fc65c0b7505e57b14860d4bc844ea960171
2026-05-28 01:04:37,009 - INFO - 📝 Document mis à jour : 5b644ce2f4bd57c1070d1dbc39d47a76e111d201679fe9ebfd822061f435eece
2026-05-28 01:04:37,009 - INFO - 📝 Document mis à jour : af58e5a512466975244c19a3c72078ad18872e4c9dea7d43267765a3f84d4713
2026-05-28 01:04:37,009 - INFO - 📝 Document mis à jour : b772c6ae0d54ebc496dcf6c763e926e5e9abd8f698374712e3957198dec2ec10
2026-05-28 01:04:37,009 - INFO - 📝 Document mis à jour : bcf859cbc6cc897a03e711f51c630a76efea381f1a5e81a6a48e6d80c127a410
2026-05-28 01:04:37,009 - INFO - 📝 Document mis à jour : 9dbc987c526ed058d300727c0c62243eb5f4746a03d66f047c371ace7cf631cf
2026-05-28 01:04:37,009 - INFO - 📝 Document mis à jour : 2fd653f440fc004a7c838d34b6a6e9ec8a4e41974503d0263c98a1e3703b92fc
2026-05-28 01:04:37,009 - INFO - 📝 Document mis à jour : ec7023f851e7f0d9c9366b72f1401591a7917c820275526d32c19488d1bd1aa0
2026-05-28 01:04:37,009 - INFO - 📝 Document mis à jour : 1391ace4b0f3b635ec9014e3f20e479ee48ca8efe5c95f4c306914dd968ea1ed
2026-05-28 01:04:37,009 - INFO - 📝 Document mis à jour : 24a81a08ace4dc6bf3da31c18f4bd48e6bc1d1d2ab7e612d4f3ca97938d994af
2026-05-28 01:04:37,009 - INFO - 📝 Document mis à jour : 68d44bcb7497a53cd49b2adcba2eadb8187d2b2252ba4eea37df1314b71d5213
2026-05-28 01:04:37,009 - INFO - 📝 Document mis à jour : 9348a3a8a18347aa28fbe0234bcd4e7301b3a43a1a5d4d3541d6b822c6f88530
2026-05-28 01:04:37,009 - INFO - 📝 Document mis à jour : 409584c5128d5934097999e9ddc532573564088b02c6c8932e49599436fe87f9
2026-05-28 01:04:37,009 - INFO - 📝 Document mis à jour : a3f952fbef5d765967ea49ff3d67a64029b09786151fe7b489e2a2e0a115bb7d
2026-05-28 01:04:37,009 - INFO - 📝 Document mis à jour : 77422394454fae40f73246c9f48c1f68804245848b84bbc962e0a5e86bf9217f
2026-05-28 01:04:37,009 - INFO - 📝 Document mis à jour : a15e5090c363c5caf3a24a472e2b9b74ae3d7b03df29d7156a31c7feee8de906
2026-05-28 01:04:37,009 - INFO - 📝 Document mis à jour : 414287843a1b309421ff94961ca1bbe5421abfd6a2e5505f9c7d9041a56e42d7
2026-05-28 01:04:37,009 - INFO - 📝 Document mis à jour : 1fe8c741694b154e41474733b4c0a8bfd869d4b117399e5294dc656714e5aa3b
2026-05-28 01:04:37,009 - INFO - 📝 Document mis à jour : 0909203835d932d915e6234d9d058286f76d20d5c272a42783c72f226fba8144
2026-05-28 01:04:37,009 - INFO - 📝 Document mis à jour : 12ab437ab3d340681d6d1e6dbcc9a4e7d2bf0beadcdb90b39600b158f6078bff
2026-05-28 01:04:37,009 - INFO - 📝 Document mis à jour : 9dfccf6f676b96b89861c386e45a303313d11e5f5d9b535f4023bbbacdaf806c
2026-05-28 01:04:37,009 - INFO - 📝 Document mis à jour : 217c78a3dab0046d8bd4089227db51ab8f8ab43638b9a94cd4abfb5693fcd106
2026-05-28 01:04:37,009 - INFO - 📝 Document mis à jour : 45b334cffc4f4516685f89da91d999f3fda2950b31065f94b6286c83af54e912
2026-05-28 01:04:37,009 - INFO - 📝 Document mis à jour : cc80b22368d053d2ffba3713bb6418f0c2b79cf563e5b3cad537ea8e6c8fbbf9
2026-05-28 01:04:37,009 - INFO - 📝 Document mis à jour : e689c397797caed1083c984e6f9fe5c83d25e2e70aac668fea02c1a08f5f1faa
2026-05-28 01:04:37,009 - INFO - 📝 Document mis à jour : e34add01908be457e05e5c53cd3de8f3c1e8974ed1e82ee316212154a6770b0d
2026-05-28 01:04:37,009 - INFO - 📝 Document mis à jour : 2a613bb1b1ccdec404469b183d0cc7c7e02a16b415f6f1f7c72c92f962b8fdb4
2026-05-28 01:04:37,010 - INFO - 📝 Document mis à jour : 027e6a1d33407a1b0cda41bd4dcb8a928ecfc77b726ffa8cc5f80329a5c6aa92
2026-05-28 01:04:37,010 - INFO - 📝 Document mis à jour : 43561522a71aa020e7909ca7975c37dd12e084edd87920db63e12f97a2a3572c
2026-05-28 01:04:37,010 - INFO - 📝 Document mis à jour : 691cbb077563fe70ab316a94f0a54f5785367224b0ef79cf60d61b2bc1c04d76
2026-05-28 01:04:37,010 - INFO - 📝 Document mis à jour : 95eb8a68c05c0fb65424feeeb4bd22323d22a2a39d86492438da52329e6d9204
2026-05-28 01:04:37,010 - INFO - 📝 Document mis à jour : c1d46433e7676fe0c47d89fd51b238692130ec9b20b877f97ac3dfc601cd79c9
2026-05-28 01:04:37,010 - INFO - 📝 Document mis à jour : b35f770bf62c671e8cf1ce3881a4a04544a71d4619d8d268f7cdb460dec76bef
2026-05-28 01:04:37,010 - INFO - 📝 Document mis à jour : fd790aad29c517aa979a8610dec3fca818fbe58728bd0c8bd275ee23389db4c2
2026-05-28 01:04:37,010 - INFO - 📝 Document mis à jour : 20cc0737de20efa35537707c211cfbc75fd8851063292cd72fe1bd6337dd8f01
2026-05-28 01:04:37,010 - INFO - 📝 Document mis à jour : 92994aa1b7a341ce43e9d668cc70216e4f19205a285e6ec95ffbdbbb904e758a
2026-05-28 01:04:37,010 - INFO - 📝 Document mis à jour : db10c37921be104909ab68db27d1a722f4f1ea318d0e0cdbf84f062db9144a79
2026-05-28 01:04:37,010 - INFO - 📝 Document mis à jour : 3d3d2680492bee7941efb4851215dd02a0cbfa147578328423e21cd6303147df
2026-05-28 01:04:37,010 - INFO - 📝 Document mis à jour : e0c81a7d38177585117d7fa77a64258aeb48672f6928bb7a0d33acbadac7c1f7
2026-05-28 01:04:37,010 - INFO - 📝 Document mis à jour : 6a6d7201aab4a539578f42373fbfa57d575517911d96bdfc473fc658414d6753
2026-05-28 01:04:37,010 - INFO - 📝 Document mis à jour : 4f52e5cd7e597bce165ef78837d447ab5feb04ce752310e57ce2b372ae2e60fe
2026-05-28 01:04:37,010 - INFO - 📝 Document mis à jour : 6e729bc4b9609884a31b5fd7189c49d345ef90b948ec4ef3c0de924630ed26e4
2026-05-28 01:04:37,010 - INFO - 📝 Document mis à jour : e4ca9f7df3944784a0a476987541ffbdf818dc09118e206466b2712453100599
2026-05-28 01:04:37,010 - INFO - 📝 Document mis à jour : 2e77d52e698319a06227e3c9b902d6d3270a04acd57fd4db50d68e8ecd378fd4
2026-05-28 01:04:37,010 - INFO - 📝 Document mis à jour : 69122201520d5d1f795f650e1beb7142943be8d3033317734194d8c86f829515
2026-05-28 01:04:37,010 - INFO - 📝 Document mis à jour : 6a6df8e84fb4602df86f92c869a08b25e5d8c76d672890bdf8ccbbb566f65368
2026-05-28 01:04:37,010 - INFO - 📝 Document mis à jour : a0b92145c464183a2a4b6f596bed73f1050a24888c35ef1247de985c7f841199
2026-05-28 01:04:37,010 - INFO - 📝 Document mis à jour : 27d3b1b8afdfc874fd038ebcf54162aca78f034d9e3971b10dcdedb50e5423ef
2026-05-28 01:04:37,010 - INFO - 📝 Document mis à jour : 79dd7809f3517a0a8ebe61b5aa595510473ca45ff2c1bb5b83329d86f57b1818
2026-05-28 01:04:37,010 - INFO - 📝 Document mis à jour : 977c455547662a7ca25a0e9a83526301de7492b49b1f7030eddd888bd03ea183
2026-05-28 01:04:37,010 - INFO - 📝 Document mis à jour : bcfb193566b9e12292bdb130cb127455196556e92b22c303dd6e6b25cf4331a8
2026-05-28 01:04:37,010 - INFO - 📝 Document mis à jour : c7b69b1eb30da99d04ce6732ad488a1cc21118bb0cb635960d593778eea60827
2026-05-28 01:04:37,010 - INFO - 📝 Document mis à jour : 7496f3551e670e5cceb0d6b84fb87d10dff8718c32ae502ac36817087656d9e9
2026-05-28 01:04:37,010 - INFO - 📝 Document mis à jour : 6f010da83bb58729c008007978491554f23fff58346a989823322920ebc02d9a
2026-05-28 01:04:37,010 - INFO - 📝 Document mis à jour : 0bc4052c12a75d0ec60aa1b0b65928aae0283f4687b665d186c12050e66106d3
2026-05-28 01:04:37,010 - INFO - 📝 Document mis à jour : 95b2a03b0cc20c44ae1b26b16a42c08cfefe973ced59db931f89fde96b434d27
2026-05-28 01:04:37,010 - INFO - 📝 Document mis à jour : e6e8fa7d7473cc9c257068c22b19fae2fded5f17996a71931ecff2550d251276
2026-05-28 01:04:37,010 - INFO - 📝 Document mis à jour : 4adf795efd9f42a64a19b4473c43f66b71e0c3df6a3212b316b3ef4ed4eee436
2026-05-28 01:04:37,010 - INFO - 📝 Document mis à jour : 582daccab2be9b623a77e0c372f78ae8d299d22e17d286eb52db38f74e8f01dc
2026-05-28 01:04:37,010 - INFO - 📝 Document mis à jour : f9b998ceaf03b47ebe5bb03b1c1a06ac09c4b08963098e16208378dba6a83b25
2026-05-28 01:04:37,010 - INFO - 📝 Document mis à jour : 58b7860f19036b90413df1c9315e92e7ab0a53a336b5d58ff3684f5b4f0fd455
2026-05-28 01:04:37,010 - INFO - 📝 Document mis à jour : 7e0fefe065fa00f2af44baa582767784d8d22d45b029f0d2ea24baeb4837039b
2026-05-28 01:04:37,010 - INFO - 📝 Document mis à jour : d4c3c799b920ae0cf97b478a7f18c0f5e2f80ed5cf2af9a02a5629d70db42a37
2026-05-28 01:04:37,010 - INFO - 📝 Document mis à jour : c63e5cb7beaf48b0fc7ff4b8f0648aa2b5588b33c65067e5daf4a3e0cf810c98
2026-05-28 01:04:37,010 - INFO - 📝 Document mis à jour : c2a60291eeedec1a334d592fcbd3d72a45cd685d3931e9ff86957e180c46053e
2026-05-28 01:04:37,010 - INFO - 📝 Document mis à jour : 093536b4360416cabe8a75525717f2f16b7d33ea77869434c7f32761177d58b1
2026-05-28 01:04:37,010 - INFO - 📝 Document mis à jour : b301f1182c9b250cbdeb98e7a0c50215326f4790bbe5296a3956ccf7f0d01571
2026-05-28 01:04:37,010 - INFO - 📝 Document mis à jour : ea136e8cd2d25e63f3b6da8469cde1ca5ad925d11c566292b230243a8e3807fd
2026-05-28 01:04:37,010 - INFO - 📝 Document mis à jour : 776404826f18d9cf6b31a3aa34d7da2bfa0387b9063965a12fa71a25c4bcd7ab
2026-05-28 01:04:37,010 - INFO - 📝 Document mis à jour : cc897da0162cee9e8b5e14d80359da1045388de91480dd9b854207b6325c90b5
2026-05-28 01:04:37,010 - INFO - 📝 Document mis à jour : 4199bcc068a3800f9175c575a79f530c840875218c1abd020bdbb5e01c62db14
2026-05-28 01:04:37,010 - INFO - 📝 Document mis à jour : a28e79c4f0682c64a1378f6755f039cc678a9bab0c7f949c02a0e7e397d65099
2026-05-28 01:04:37,010 - INFO - 📝 Document mis à jour : b4f15e935681c41f07d791a633d93d74725a268cf13f82d76b5ac3baea70a513
2026-05-28 01:04:37,010 - INFO - 📝 Document mis à jour : 8bf83f2f247bd10d9cdc897ce2332790d455988710c3a480d67bdaa15cbd983c
2026-05-28 01:04:37,011 - INFO - 📝 Document mis à jour : de838edd55b427f2937b65ab8b9a95fc702d1adb07855f9d8242b7fc76dec607
2026-05-28 01:04:37,011 - INFO - 📝 Document mis à jour : 7cbea2dd9710cd7a3a3dd877ed706abc70eb2dccec85a3ae4a0fc7105b9d1a9e
2026-05-28 01:04:37,011 - INFO - 📝 Document mis à jour : af05a85bbe4a1da0df684936ab73a743d8ca23cafea35e7830b1963bf0762771
2026-05-28 01:04:37,011 - INFO - 📝 Document mis à jour : fbcf9b0b7844d4d4e17c348f3212a0df43711e7991627bd7e535b3e721aee345
2026-05-28 01:04:37,011 - INFO - 📝 Document mis à jour : 75cd3b88b4c134d22911f988a0fe90590a91c29580b98674d24655f1e257e4a3
2026-05-28 01:04:37,011 - INFO - 📝 Document mis à jour : 5cc9ac53fe45f3f43a797e4b58130384641a02daf4d5be6ae3e4f2c4421fdea2
2026-05-28 01:04:37,011 - INFO - 📝 Document mis à jour : 4b972064220558cd9e7039908053e9eafc7be7694ee6afebeed1808e1424d4f1
2026-05-28 01:04:37,011 - INFO - 📝 Document mis à jour : 0e4b8ae37b2d3edaf08d5cef730ef5ac5a801736e9b6c1e4888d3e155f45a055
2026-05-28 01:04:37,011 - INFO - 📝 Document mis à jour : 6e9e8b9da882dbeb326f3f704a5303542b4212a894600d48805f26bc2fac8667
2026-05-28 01:04:37,011 - INFO - 📝 Document mis à jour : a4fbf8aea8876e6d8f591b95d9af0a090902ef07e924ec7925471dc85cd25197
2026-05-28 01:04:37,011 - INFO - 📝 Document mis à jour : f062327126c47c76fad3e098e4b894b81544d7359c708397d05ee5363b07d086
2026-05-28 01:04:37,011 - INFO - 📝 Document mis à jour : 6baffd551a7a58aefd5d5cebd731eeafe83f70e454ae88ebbf9c3b7568635a8d
2026-05-28 01:04:37,011 - INFO - 📝 Document mis à jour : cfe832b49af9fa9660bb0964b45eda7a7313774cecbee67bbe4fc94e1efe39ef
2026-05-28 01:04:37,011 - INFO - 📝 Document mis à jour : c750fc54112ce07c7528e692dab48d21eb6e66fdc688cb0f00a8b79c1a7f93dc
2026-05-28 01:04:37,011 - INFO - 📝 Document mis à jour : ec6b44af889a4076447afa876b4479b8799c97f1621e7bf71c5492578e6fd599
2026-05-28 01:04:37,011 - INFO - 📝 Document mis à jour : cbc59899b588f9ef32af784c7cf5ba2248e7eafc27d598444b62fc03b1a99a44
2026-05-28 01:04:37,011 - INFO - 📝 Document mis à jour : cad4bd3e399f9044b86083c7d4fc5fc94ecef2e02258abaa9749ee558aefc237
2026-05-28 01:04:37,011 - INFO - 📝 Document mis à jour : 35199e23f0a2f83bc3276049ecdcef5bb9a2e2c6e992b55750944acf25de44f4
2026-05-28 01:04:37,011 - INFO - 📝 Document mis à jour : 401f7dc36484f8111a9bed144c56e1b733c81031b2605c14b52ba2b775cf3cba
2026-05-28 01:04:37,011 - INFO - 📝 Document mis à jour : d1d9f58eee6f7ab7105bd8f452ab5bd5ae22a877b7ee3a3a23591e98ee6fe260
2026-05-28 01:04:37,011 - INFO - 📝 Document mis à jour : fc6ee944ecf60173b6c42cadd8bac7233e43b7ef5909038dec1ae7942c08c46c
2026-05-28 01:04:37,011 - INFO - 📝 Document mis à jour : aa08fe2f797aaac43f675fde88ca79a3b67a4a950d9526b686aed45ab663b396
2026-05-28 01:04:37,011 - INFO - 📝 Document mis à jour : fa4d43abda28d0f9a67e263b74f662a2698c288a4ee18f71ae47433c65e04bf8
2026-05-28 01:04:37,011 - INFO - 📝 Document mis à jour : b3201a5b7d3cbb179d74bd7fa0a173329c61b137af768250289d601b1dcdb3f5
2026-05-28 01:04:37,011 - INFO - 📝 Document mis à jour : 35aa818d29dccb15a5a1c34eef9ab9fc44e1ee56f84b30abae5b6ad20ada0023
2026-05-28 01:04:37,011 - INFO - 📝 Document mis à jour : 7464dd03713f3317e17aa7da3dcb5eafad06ccf6d6b7555073970815499e4937
2026-05-28 01:04:37,011 - INFO - 📝 Document mis à jour : a316dbba2db786737973ca2d7ebc2810b0778e0d865a756abec73a212710f865
2026-05-28 01:04:37,011 - INFO - 📝 Document mis à jour : 67087f12ac424991174f7d57a98c7d016cc1e81433b6249c7316e25d6899948b
2026-05-28 01:04:37,011 - INFO - 📝 Document mis à jour : c10c6659fd1eee72e94ffc25e29674dc3db7dd42a5c35a58d486acb977be6178
2026-05-28 01:04:37,011 - INFO - 📝 Document mis à jour : 5d183a2be1a2a6af63c157c191e65e45800f48e297df67c163a7f634b1eeeebc
2026-05-28 01:04:37,011 - INFO - 📝 Document mis à jour : e4f30ecbbd56b91b1111558b715dea206e72011c985e95d8e97dfdc4973ebeba
2026-05-28 01:04:37,011 - INFO - 📝 Document mis à jour : 2e145cb42e4ba2496258d1e8603591d794dcaee263132b770f9e5df364dc7ea0
2026-05-28 01:04:37,011 - INFO - 📝 Document mis à jour : 34946e031f32d318fc25da70c5ad30484d96216bdf84e8c6d0b737f1d90d2161
2026-05-28 01:04:37,011 - INFO - 📝 Document mis à jour : 2723f244260761c126c42e576ab31818bd07e34ac5d3351c46fd6f915d48ec5d
2026-05-28 01:04:37,011 - INFO - 📝 Document mis à jour : 9e3743b345f7a6e404c3a816ff43ea96683b29ffbb1e7f64a9ae64b0dc4d28fd
2026-05-28 01:04:37,011 - INFO - 📝 Document mis à jour : a39285ee9a2172bed48f8702601cde4b95afa15dd3b4f21bdf8ba6b50c85364a
2026-05-28 01:04:37,011 - INFO - 📝 Document mis à jour : 418794e2022a7667f2698b58f783ce31ee81013c80ef08cc13c27b7233b8d5de
2026-05-28 01:04:37,011 - INFO - 📝 Document mis à jour : 0122e4286a1d354bd1df6169d289a51d8540de1b57b3868116c709adb4ce9060
2026-05-28 01:04:37,011 - INFO - 📝 Document mis à jour : 483128364746883d3b5e98752ed5b04312b54c558bd5571289cb9368bf1419d1
2026-05-28 01:04:37,011 - INFO - 📝 Document mis à jour : cd1726dc106c07969293c938a1a70b86a245fb24b39804b114a2ec5d0c3c749c
2026-05-28 01:04:37,011 - INFO - 📝 Document mis à jour : a975f1b9e9b155621e76140cca01ef3a5a5c89961406b5d1ee4fb80a39f991d9
2026-05-28 01:04:37,011 - INFO - 📝 Document mis à jour : d52cc4112ea5f107a0c6048becd2460a0ce90c0a6f9a7098b8aa16eaccd7888f
2026-05-28 01:04:37,011 - INFO - 📝 Document mis à jour : 5d539bb2174adab85ce0ac69195393dda4da823a4f29c5c05bb51f5cd62a590d
2026-05-28 01:04:37,011 - INFO - 📝 Document mis à jour : c16bc4b7a2e451ab31aaaacea5ba862924ff3cadf9822045dee2a7b07de5238b
2026-05-28 01:04:37,011 - INFO - 📝 Document mis à jour : 5aa18aa40196398b687873633536abdefd491f37f4500b9abd47cb129c387bab
2026-05-28 01:04:37,012 - INFO - 📝 Document mis à jour : 2eb61ee018f0930685293095a64af214dd13dcf34d4c9f9b4634a8aa817b974a
2026-05-28 01:04:37,012 - INFO - 📝 Document mis à jour : 6db54acf8c4d6f97f16700e73c3ca7081fcc2a808a188a4c9f441c2246618615
2026-05-28 01:04:37,012 - INFO - 📝 Document mis à jour : bcbbed023860b159021df1a02eb56af3774ce9274f2de10e5134e1118b29320d
2026-05-28 01:04:37,012 - INFO - 📝 Document mis à jour : cdc5fde39157feca742f1f6537479fa269c85f42268157a75c46e79d07e87289
2026-05-28 01:04:37,012 - INFO - 📝 Document mis à jour : b3d4ea7bd0c476213c369b479182daec3411a5107ed2375faef344cfd70e2fe9
2026-05-28 01:04:37,012 - INFO - 📝 Document mis à jour : 30523be19b4170717b7753d2cc04292d5ebaf856b7a697036c87b6d2bb1c5602
2026-05-28 01:04:37,012 - INFO - 📝 Document mis à jour : 694a032a42cdb686d99db0792698ca3977842c7a2d44e9239a51c5d780db04a4
2026-05-28 01:04:37,012 - INFO - 📝 Document mis à jour : 0f517bb2fb37a0b0cda236b499bf3136756bb659b70bf88ee26d955ba7cd4d7f
2026-05-28 01:04:37,012 - INFO - 📝 Document mis à jour : 610a673da21303409de4cd26d668d9c5ad934a9ee6c4e4d2a957c424d0c5471a
2026-05-28 01:04:37,012 - INFO - 📝 Document mis à jour : 6eec28eea50c2cac7d120468a8e4eb21fbe7d8009c652e28eca4a70e3d0dcd25
2026-05-28 01:04:37,012 - INFO - 📝 Document mis à jour : fa1f5a51503ecbd0e9e7f553b084e197012780eac1c192bf6daeba85c7a3ebe1
2026-05-28 01:04:37,012 - INFO - 📝 Document mis à jour : 4af213a0e401eec8d795835c460696a004d71a77f52ce103dbd940ee3135e598
2026-05-28 01:04:37,012 - INFO - 📝 Document mis à jour : bc69cbc9b02d6085003e1c49dc89de8a2b61fbfa374f27ac77f0b0ddd8df7049
2026-05-28 01:04:37,012 - INFO - 📝 Document mis à jour : 07fa5133ca4a90fe5a870bc40e64051dfdb0468b7272a3c1cfc1e6b2d2bb44b4
2026-05-28 01:04:37,012 - INFO - 📝 Document mis à jour : 9f748d487f382c4d5dd769110d4df92ec81d69c0d33977444526e8dc9c37a184
2026-05-28 01:04:37,012 - INFO - 📝 Document mis à jour : 70eac2b98ca69165eba7336c7e2b080f9502ad5b3f8c5eb470edd138d07f262d
2026-05-28 01:04:37,012 - INFO - 📝 Document mis à jour : eb2c110e875f2b8bc1d7d2888b55f1da7058732b0b9fdc35ada29a727ea69a1b
2026-05-28 01:04:37,012 - INFO - 📝 Document mis à jour : 425af436f31ee26f35b5c91c5481e8f50f91955251c01219f80ff0f9552282e4
2026-05-28 01:04:37,012 - INFO - 📝 Document mis à jour : d43539ede944a810a7d349f689732c013e0d0d8e8dd09d58bec0bc67bdd35c52
2026-05-28 01:04:37,012 - INFO - 📝 Document mis à jour : db04443c92396c42478b7e06592c8c28eaceeb2298f42f700365e8ff3d186f9a
2026-05-28 01:04:37,012 - INFO - 📝 Document mis à jour : e1f700f55a6b7aa0d84dd8a5eca9d854ac74790c85c77f964c63de4b51dba03b
2026-05-28 01:04:37,012 - INFO - 📝 Document mis à jour : d0ebfc968e978a0398e4cbde714a8278b7e78270f6af27901709df5e82143f48
2026-05-28 01:04:37,012 - INFO - 📝 Document mis à jour : 88a15354cdb720c6af3c03544abc742edd8b95bc1f1022b85a7d0a61516eed74
2026-05-28 01:04:37,012 - INFO - 📝 Document mis à jour : 6542f76d0343a1bc03f31ed2f55b08d45d260f657168bf1bea90d4020fbc337a
2026-05-28 01:04:37,012 - INFO - 📝 Document mis à jour : 0ba5e7c60666b92d9874d91f97120680336b6f8d55f75d51b0c11388246a1e14
2026-05-28 01:04:37,012 - INFO - 📝 Document mis à jour : a39d85c77ffb39b0d481db0fc1b2e227da7d881db6374c19ebfb2447f0161af3
2026-05-28 01:04:37,012 - INFO - 📝 Document mis à jour : 0333a2de07641c53f4802e58e1fb430926c5afed38526e1b9afdc32397419971
2026-05-28 01:04:37,012 - INFO - 📝 Document mis à jour : 35e936e6aa895ff9c02ae8a20090a49182e065471948cfa3a029b20f2230e946
2026-05-28 01:04:37,012 - INFO - 📝 Document mis à jour : e616d030f29bf500af26acc8474a574b1a007e344a4b4716599b00d9f3d00da7
2026-05-28 01:04:37,012 - INFO - 📝 Document mis à jour : 863cca16925e56ee165ba63c5d1b512a05d11235fda8474f2d2aeba455ac55d2
2026-05-28 01:04:37,012 - INFO - 📝 Document mis à jour : 76f447b354bc4f8ce6763894d7436180263167d2b8945eab1046dbc49e22b5a3
2026-05-28 01:04:37,012 - INFO - 📝 Document mis à jour : 04c54cd2d98dcc5fc0c8410afe6f6668cc1b7b7004cee2526f25f0d64d70b704
2026-05-28 01:04:37,012 - INFO - 📝 Document mis à jour : c935336e1a6cefdb5e5cd6c441cbd59df46d0dac56771bf0c2bf47c2c44b0048
2026-05-28 01:04:37,012 - INFO - 📝 Document mis à jour : b81cd31dba29ff2e333069ce04bbcd627af4541414ac97734be8d5244841ab2c
2026-05-28 01:04:37,012 - INFO - 📝 Document mis à jour : e742fc18c74a2915a3c1eee741e4d40d77aa3183c6f5b83ac0e0730a0d59d85f
2026-05-28 01:04:37,012 - INFO - 📝 Document mis à jour : c2275474e945423a4b36491dae569537373b06934bcd5784d0b657b6975a363e
2026-05-28 01:04:37,012 - INFO - 📝 Document mis à jour : 2560d9c6203eab72d42dfb9f26a4e12a4566852a2d94dc09082f5740f7ae3dc2
2026-05-28 01:04:37,012 - INFO - 📝 Document mis à jour : 222427121a8360022fdeaefdb18cabb861aa9dec4101cb830c904b222b0e230f
2026-05-28 01:04:37,012 - INFO - 📝 Document mis à jour : 2fefa57b0309d86ad56f1537010ec9e223226ccd9d77c10a232d1e46dc4c3291
2026-05-28 01:04:37,012 - INFO - 📝 Document mis à jour : ccb125fe46ebc153cdedfc89763493298a35d901fc2452d6ed429e7377e15001
2026-05-28 01:04:37,012 - INFO - 📝 Document mis à jour : d821c705777469b47eb79466ea72f82734a58ada7962a1cb5fddef562e7dad3b
2026-05-28 01:04:37,012 - INFO - 📝 Document mis à jour : 475ebe8526245070a3d66f7812a82cd71b5d8c9af7ba1ee1b4bc0ac3fd1da6c5
2026-05-28 01:04:37,012 - INFO - 📝 Document mis à jour : acfcead37a58806fb439623c8847714f351799d51d417588f0d7c3c0ac922178
2026-05-28 01:04:37,012 - INFO - 📝 Document mis à jour : 0733d7c84b2a6e25c437023a29613b06adfb770d65e9230b167f1a722dd60be3
2026-05-28 01:04:37,012 - INFO - 📝 Document mis à jour : f7bb231b7598120801ffba65e65a270dfda5ac8c55c5e76e0890f991655100f7
2026-05-28 01:04:37,012 - INFO - 📝 Document mis à jour : 8e2ef64fbd4b63716496f87bda94e1165b2ccd52039b0c6b06de6d023a9132eb
2026-05-28 01:04:37,012 - INFO - 📝 Document mis à jour : 757acefa301df05ac012003fb9e28b99a32c8c39e0aa6639595fd21988b193cb
2026-05-28 01:04:37,012 - INFO - 📝 Document mis à jour : ae45ac921b85726bdec0aaf7933906a7bdce675f071b893ede611577af0d2101
2026-05-28 01:04:37,013 - INFO - 📝 Document mis à jour : 312ba8ffe64329561d9751055cf40d798c31958d69b3a3582f948555cff2702b
2026-05-28 01:04:37,013 - INFO - 📝 Document mis à jour : 0b554387a8d42af8ee623c5d979ebf990975d5c41d925c740c9eedc8546dfa28
2026-05-28 01:04:37,013 - INFO - 📝 Document mis à jour : 11d41b4fc5ed382803778a2c2e6c96b8da7c6db5da14704e0599895e84cfc1fc
2026-05-28 01:04:37,013 - INFO - 📝 Document mis à jour : 5ac8cee32dca20614a7ae652a406eab061ceb3a6636f4d77df15061f82799849
2026-05-28 01:04:37,013 - INFO - 📝 Document mis à jour : ebeab1b100457da3937d62f67457e6cb1053c55d8eac16448ec6ff94d49adcbf
2026-05-28 01:04:37,013 - INFO - 📝 Document mis à jour : 03be3f13006a0a09a380e45687321afee07162f7d40439b255fdd8f3a0cb4aa5
2026-05-28 01:04:37,013 - INFO - 📝 Document mis à jour : 7639577bdaa4140a6b47285d807f6c6ae43ad6652325a198202825c0d092a3e8
2026-05-28 01:04:37,013 - INFO - 📝 Document mis à jour : ae74b2399122bb035397383aea0fd2fe8ff4255cfbd49579c1c27dd30e9d557c
2026-05-28 01:04:37,013 - INFO - 📝 Document mis à jour : 5fcaa8994d5369312fb589141e48bcc898f6317bd7df6dd287bbaeba4ece7aab
2026-05-28 01:04:37,013 - INFO - 📝 Document mis à jour : 5694a758f9a4c36bec3ff6cb669141a8e6a96b048b9c0de9cabc72feced0ff07
2026-05-28 01:04:37,013 - INFO - 📝 Document mis à jour : e1b6f72e14def745bb42036f1fe9b9c22a36e7185c0b1c6a3871740ed9d24662
2026-05-28 01:04:37,013 - INFO - 📝 Document mis à jour : 6f9df2c5b8988191248058be6220e8fa01377ba3656b0b5d38f6bff329a5747a
2026-05-28 01:04:37,013 - INFO - 📝 Document mis à jour : f9537ebc363e64b794a0c7ae66e1b3b9cd031c4227a5d152bf7c6414a12987d6
2026-05-28 01:04:37,013 - INFO - 📝 Document mis à jour : 69ec62a54d65b4c00b015ed24dadbcc54c7bc4e5002e71bfc5d9250a5bb68af5
2026-05-28 01:04:37,013 - INFO - 📝 Document mis à jour : 8ed7ef642364a50329b70f7809edf952dbf39e78b5cf8e0a1f387b54e72d9a32
2026-05-28 01:04:37,013 - INFO - 📝 Document mis à jour : bcf64be09f6747a75c5b5da201e74f637aa34a351dbb109e117c559b99305047
2026-05-28 01:04:37,013 - INFO - 📝 Document mis à jour : fea116bc1c09ec8b430cd30005635ef17f282c36a6709f2ed25828ba86de697c
2026-05-28 01:04:37,013 - INFO - 📝 Document mis à jour : 535e17b8f9684348d08b1a6e248bda8715e9855f72b919f920dc73eb52304ff2
2026-05-28 01:04:37,013 - INFO - 📝 Document mis à jour : db25baf93fdb580f4da0bf9f97231a07679ce1da8073f355cf01f3a071df0375
2026-05-28 01:04:37,013 - INFO - 📝 Document mis à jour : ec89af9df8dbc22be0a219480f2e1fde2b95b9fda14561c9eb312c77487c653b
2026-05-28 01:04:37,013 - INFO - 📝 Document mis à jour : 37172544d7b536df964a291ed6d3917844e442a7b8aded99fbf8b22c6673bfc4
2026-05-28 01:04:37,013 - INFO - 📝 Document mis à jour : e5603418f22d8eb652c90d4df5924379968d432967548825cdc549e308982212
2026-05-28 01:04:37,013 - INFO - 📝 Document mis à jour : c5dac99a77e00cbb388e250b6a0156ca746fb6fb14e22d780cdcfdd2bd618b7d
2026-05-28 01:04:37,013 - INFO - 📝 Document mis à jour : b15a36f61ad43ee703611caccf5a0be80a8d077371af54730618e8dcca6b46c6
2026-05-28 01:04:37,013 - INFO - 📝 Document mis à jour : 6f0cd623ea774a00b94e4239870071be5f2ca0bc38273d29e124cb195b32cdba
2026-05-28 01:04:37,013 - INFO - 📝 Document mis à jour : 56df5fb4e728ce47b61e0af510c93c9da2f22cf94ee02424be6fd69d8cf54d70
2026-05-28 01:04:37,013 - INFO - 📝 Document mis à jour : e0f9295b3198a432becff209c5186a4b5b39ed8ad5dcdc9d62a8425be40476d7
2026-05-28 01:04:37,013 - INFO - 📝 Document mis à jour : 31a3f7ab9faabbf8f88b62aae158f86399d385a2284abf98cfe9efb9c90473c5
2026-05-28 01:04:37,013 - INFO - 📝 Document mis à jour : d808c59bc1339b39a07369b052b67298cc47b56f625d12a9db78682a4a16eaf7
2026-05-28 01:04:37,013 - INFO - 📝 Document mis à jour : 6246b8706d0bd3ef397809e08e4f0df25fb13525fbd300df88c979cd675a20c4
2026-05-28 01:04:37,013 - INFO - 📝 Document mis à jour : af387fa7abd99841048c48d1913d22207f02302feefe2de61fc9c8a5d15dc386
2026-05-28 01:04:37,013 - INFO - 📝 Document mis à jour : b23e478af919175fee02f5372e9b36258c7f1d8bd1e84cec16f59676106e0287
2026-05-28 01:04:37,013 - INFO - 📝 Document mis à jour : 1bddbf1c3a6576171124f3b56b43f410611d3efa25462d1e2b68aa5847d58de8
2026-05-28 01:04:37,013 - INFO - 📝 Document mis à jour : f927201f917ca6f13c0b9cbd14f5908258c0d2d93535beb511357250a340cd3c
2026-05-28 01:04:37,013 - INFO - 📝 Document mis à jour : 6e74c7e6c49ea660ee50871652cda3b1f304a4d204fbbd4756332fb14ff9f055
2026-05-28 01:04:37,013 - INFO - 📝 Document mis à jour : e126110b3fd3088e624ccbbb41223c737b6065f7cf85b81c413ee888be26ef63
2026-05-28 01:04:37,013 - INFO - 📝 Document mis à jour : 564f71f3548b76e68b6b319297f68f76060f3765625b44b841b398169d9d063f
2026-05-28 01:04:37,013 - INFO - 📝 Document mis à jour : f6993e621eeeaf20da381348227c6e1269fe904146b84471ee616accc824fb26
2026-05-28 01:04:37,013 - INFO - 📝 Document mis à jour : 2d7c50a1eedb870153868b21471e74ee9e558991907c9e6fb7171c8685b89ef6
2026-05-28 01:04:37,013 - INFO - 📝 Document mis à jour : 7f878cc6e9929593e0c0891eb8a50c7e0853670f41905d7c7b2e839d68b0a70e
2026-05-28 01:04:37,013 - INFO - 📝 Document mis à jour : 5df56e1059dc6bd14777c2e09cce256bf6beaa2da0dfbc8c386a5be767dbc1a1
2026-05-28 01:04:37,014 - INFO - 📝 Document mis à jour : c3cac0b7686151b78120ba20076642a6266edd5925dc093edf9b9227f42548b0
2026-05-28 01:04:37,014 - INFO - 📝 Document mis à jour : 7f85d680a7b1d42ecce14489a87c214fdb0b9e7759c4121e816a23e12643b1f3
2026-05-28 01:04:37,014 - INFO - 📝 Document mis à jour : ae3c00f3cc6e69872962a8f3957410ccd60b778c0e3bc049724781165718e28b
2026-05-28 01:04:37,014 - INFO - 📝 Document mis à jour : 30ae0346162a887268fd15c428b243a92c83408e676b33d55b874bd0a4f17092
2026-05-28 01:04:37,014 - INFO - 📝 Document mis à jour : 6ac801ece413622f7e032ff377cdc07eb44c042ce1345c9df78310b629a6ede0
2026-05-28 01:04:37,014 - INFO - 📝 Document mis à jour : 4157c3071766393daf4524f1dd00e774379757b430849657487926d4f4866b73
2026-05-28 01:04:37,014 - INFO - 📝 Document mis à jour : 0d0b7a5581eb8f67152e5c0c81e494044b90edc923bff52e8e9286199b563150
2026-05-28 01:04:37,014 - INFO - 📝 Document mis à jour : 4b9a8ba84d885111f1df484d1e7fde8cd99fe93b5162bb2c362ad4c3c8bef9e4
2026-05-28 01:04:37,014 - INFO - 📝 Document mis à jour : 666459b558fbe09b0c466a95cf730d49e453a34bca0c174d173a62b93ca6031c
2026-05-28 01:04:37,014 - INFO - 📝 Document mis à jour : 7b083c8e51f3a321490eda04e0f0185d79a22c98a48a00c745d388249ce480e8
2026-05-28 01:04:37,014 - INFO - 📝 Document mis à jour : 36ec16128f2144beb46a934498bc56cd6a0c7e46031e17b1111a413ce54a6d1f
2026-05-28 01:04:37,014 - INFO - 📝 Document mis à jour : 28f0bb116b486f1716cf79234e512e4fe4c31b2bed3331e92b776578ba6354b0
2026-05-28 01:04:37,014 - INFO - 📝 Document mis à jour : 31ffaf028328a4ac4e4ecfacce5e1406b1df564f7d3c48a8344cebf03d0f6810
2026-05-28 01:04:37,014 - INFO - 📝 Document mis à jour : 44467acafbe4586f4e839bbd284d1bad2e40a9a95c65af3a489586eef82aaba6
2026-05-28 01:04:37,014 - INFO - 📝 Document mis à jour : 9e704df0900f1b7f7565967823a14342b5168ea7091747559051d1f2ba422834
2026-05-28 01:04:37,014 - INFO - 📝 Document mis à jour : bab6e898ad6072475e314206dbc7f27565376edc1b15e88c9b34a7f8a94de0cd
2026-05-28 01:04:37,014 - INFO - 📝 Document mis à jour : ba91a6affb1d80f19fa46bc5dff147f3c20e0a3d4ba41477a78bb2ba208a1428
2026-05-28 01:04:37,014 - INFO - 📝 Document mis à jour : e84889bcd1c333171f205301d11f195497b16f919b1bfdf52df5159605719d6b
2026-05-28 01:04:37,014 - INFO - 📝 Document mis à jour : 4cf5ce24c57f10630717779ce691995cf062e762345d92b9836a52a3b8c41663
2026-05-28 01:04:37,014 - INFO - 📝 Document mis à jour : 18018e5528015f8eb51b6ae87821175f4b507671ad21e11fed9e30356f00043b
2026-05-28 01:04:37,014 - INFO - 📝 Document mis à jour : 4c8f581b25cc9b3c71fc619113b87991b796137011350cee07370d27fa79dd3d
2026-05-28 01:04:37,014 - INFO - 📝 Document mis à jour : 8f24edf04d9560daa3005c4c89841ba1bd2e82e99558ffafa870baabd7079ea5
2026-05-28 01:04:37,014 - INFO - 📝 Document mis à jour : 45ed7ff86c5262783607367842b1ae8463958f4d716b0cd159b286d1fc9650d6
2026-05-28 01:04:37,014 - INFO - 📝 Document mis à jour : ddb48ab3edb6115355d43ceae10de487a19f6e0634aa554f560c8769fe0387a4
2026-05-28 01:04:37,014 - INFO - 📝 Document mis à jour : 2ff360e8fb23e74b06de36deebaadb58e3ae13caf3f0856e9c4f03344652fd02
2026-05-28 01:04:37,014 - INFO - 📝 Document mis à jour : d0bf25520085f2935079fb2e88f5ddce49f7bb2c878c572c45bff81b3b3f2484
2026-05-28 01:04:37,014 - INFO - 📝 Document mis à jour : 3b3bddddc94577d9c8357a14e1f8f63c7fd3e7662959b301309a329abff5b273
2026-05-28 01:04:37,014 - INFO - 📝 Document mis à jour : 7d2ebee23b5b1d9e719f6e3f9186e9619c805cdebb785fb4875c85579668fce7
2026-05-28 01:04:37,014 - INFO - 📝 Document mis à jour : 5a9b044fa754878b23a771aa56e2dbe71849c0240df491eb2811d4b14f1a2d44
2026-05-28 01:04:37,014 - INFO - 📝 Document mis à jour : dc70429537ade9cd9778dc6a9b881b3ac50d10270190cf45adaf38bd74d6788a
2026-05-28 01:04:37,014 - INFO - 📝 Document mis à jour : 3f33adf53bc6893588c8113036eb8d2dbe4d9b9ada7c2dad1a037d064220c60f
2026-05-28 01:04:37,014 - INFO - 📝 Document mis à jour : 7a98a17ae8ca4360ff75056a16897a1defb91b09618a3ed2b42336daa6ad8ed0
2026-05-28 01:04:37,014 - INFO - 📝 Document mis à jour : cbced003c68511218fb37dc994888474629ea6a7288438683b744f390988d250
2026-05-28 01:04:37,014 - INFO - 📝 Document mis à jour : 4a256d1d262d1d9c14d1b73623a6668287682874cdb4a135e08297fc52790071
2026-05-28 01:04:37,014 - INFO - 📝 Document mis à jour : d1f7aec02dbf78fcb4f079b475c912c6805257444c1584c448ca07d12b272151
2026-05-28 01:04:37,014 - INFO - 📝 Document mis à jour : c3119a484c51893cf55ed5e422fc907560b5df9cfa3aa43d4308019b3399184a
2026-05-28 01:04:37,014 - INFO - 📝 Document mis à jour : e837dc3126eec49efa56dd19482c379fc1c5be79787d59519928c3a4aee101f1
2026-05-28 01:04:37,014 - INFO - 📝 Document mis à jour : 5bc268775798975197278bb15af3f7a56df1710629d92a2a44e9db61befecc47
2026-05-28 01:04:37,014 - INFO - 📝 Document mis à jour : 06a35d09a3fc499746c5e768ceae1c2878e7f592ddfbfe3569bb78b657a71aaa
2026-05-28 01:04:37,014 - INFO - 📝 Document mis à jour : 2d8e24ee6c5f885cd0ee9a82e1676883b13359a7d5a49b9d8680a9fc70c8512d
2026-05-28 01:04:37,014 - INFO - 📝 Document mis à jour : 8c39faba4ec4f5652da24f432e09e79cb6b235f67e3c1518a9921dc2e1cc605f
2026-05-28 01:04:37,014 - INFO - 📝 Document mis à jour : c620e60006084b1ed10653764317eb58abbef39e2ad3e4704b9daa93b87e474c
2026-05-28 01:04:37,014 - INFO - 📝 Document mis à jour : 14a96eec1aa22b791f53dbe00900453f67f8ae26bf3114756e98f5a5eb224433
2026-05-28 01:04:37,014 - INFO - 📝 Document mis à jour : 3dec1334130194411c69c808c650ad448f03104411b2e78be1e9ea794e612e91
2026-05-28 01:04:37,014 - INFO - 📝 Document mis à jour : c85362f6298b78938f96a37e5c11fdb76dcd9c2806339bf0222087e78a9fbc7d
2026-05-28 01:04:37,014 - INFO - 📝 Document mis à jour : 2449f70f45a2b0427eae7fc7973ef6af0f5636690dfd893e68539743f3767781
2026-05-28 01:04:37,014 - INFO - 📝 Document mis à jour : b37c9e970e7ea5953ae14700579dda844ab9d84f4ba0cb73ddcb6ed02d8663e0
2026-05-28 01:04:37,015 - INFO - 📝 Document mis à jour : a1dbfe6cf202285f4b5590b15f7b6d67a08b875270f0ad71f97bc7d28d867f25
2026-05-28 01:04:37,015 - INFO - 📝 Document mis à jour : 535a21f3cf42cd3e0953016a89d9c4393e11cbc7bbefae993cb275169409e917
2026-05-28 01:04:37,015 - INFO - 📝 Document mis à jour : cbadbd2219e7dcd44e0621ffaa69c31facefde1a18d801504caea917a4a7070a
2026-05-28 01:04:37,015 - INFO - 📝 Document mis à jour : 5d58d8abe066f16ac725d38381363c25e37ef48cf6b67632bb067b5df3e425f0
2026-05-28 01:04:37,015 - INFO - 📝 Document mis à jour : 87922a12f6fbf953e7d639594dc15106d01c082f056d4291a1fd7a277043f2f5
2026-05-28 01:04:37,015 - INFO - 📝 Document mis à jour : b17547bc53ac016137c309804c33876a3ce9b493d5fdf9066a1c51e83037e9ce
2026-05-28 01:04:37,015 - INFO - 📝 Document mis à jour : 93c83b4a3b069f9d5014c3755377f894c801f171b0ec449bb1bba3f891e8cd4b
2026-05-28 01:04:37,015 - INFO - 📝 Document mis à jour : aaf83f1a603a624d2290df97a6ca2e16ba19e429e2454067d497ba943c85123d
2026-05-28 01:04:37,015 - INFO - 📝 Document mis à jour : 3d5b241c07fa866135bd146ea047a7a16116b2b2408bb2224e89c02890eb036d
2026-05-28 01:04:37,015 - INFO - 📝 Document mis à jour : 4ff51a801bbd0b2b1d0796f1d00e58a3fd088a4300d833e391253f4c7fb0c7b4
2026-05-28 01:04:37,015 - INFO - 📝 Document mis à jour : e354e784461bbf4337b2badcc3ed84764fb578191f79a2da82aaefca1dab59d4
2026-05-28 01:04:37,015 - INFO - 📝 Document mis à jour : a347c6fc6fe3d1bbe65e9b4d885ea14160fc924833da6a5e9683cef5433f8fe7
2026-05-28 01:04:37,015 - INFO - 📝 Document mis à jour : 6c4add1156a9beead7b63ab07702567b367c0f350b194552887c5d142334d2eb
2026-05-28 01:04:37,015 - INFO - 📝 Document mis à jour : 3577a260c31fa050f041f83b88352cdbc544e08ae249a2304c2af50d981164e6
2026-05-28 01:04:37,015 - INFO - 📝 Document mis à jour : 9106c9211a22b1bd94fe08a2b2774b04eb5e1bf45c705a29a4bd0596c8f54c25
2026-05-28 01:04:37,015 - INFO - 📝 Document mis à jour : fbd92ec615b92482050ad61c2521858d85b07b1c91c8ea279673c52cf4a6c5ab
2026-05-28 01:04:37,015 - INFO - 📝 Document mis à jour : b5af64f128a4a094153f1a92021b09a7d4704123426303303acf95adcd1cb728
2026-05-28 01:04:37,015 - INFO - 📝 Document mis à jour : 3c5964132650993af7356117022c6edb07fb59671f581fb81a038330c2e2cdc4
2026-05-28 01:04:37,015 - INFO - 📝 Document mis à jour : 83dfc162959b1d89e7ed7ceaeb1ba88ba352e9a293c8120c65f34989d4e50a9e
2026-05-28 01:04:37,015 - INFO - 📝 Document mis à jour : 40e062cb17f430816d5f489eedcc0ba59042a9149aff1e3d3ecd97a643bf783a
2026-05-28 01:04:37,015 - INFO - 📝 Document mis à jour : 2b051eab40f14ed65f16dbe9fcf4c0f9f74fb0840c38de435ce8db8bba336fb6
2026-05-28 01:04:37,015 - INFO - 📝 Document mis à jour : f08aef6a176122e1e4e2e8c671091009d19cc00d2ea553d67ea74ca6292b5615
2026-05-28 01:04:37,015 - INFO - 📝 Document mis à jour : c8c40c2c814c3ae7b4a8fdcf7da0884aa7f21fb5c1640d32cb03391e5da1d73a
2026-05-28 01:04:37,015 - INFO - 📝 Document mis à jour : 6e2166de9852d1aac75b3a67d3d2d7a537bae9005345b4a8a418c4f19bad93d4
2026-05-28 01:04:37,015 - INFO - 📝 Document mis à jour : a0f0a0e3f943a5ad2d5b23dfbda25aa9a493be926922e050ec5191323708ac98
2026-05-28 01:04:37,015 - INFO - 📝 Document mis à jour : 7f0b28bc683169e28cbc3a96a8f0dee14067e655521fb0ca2100c99f61d656ed
2026-05-28 01:04:37,015 - INFO - 📝 Document mis à jour : b7b7206e548bda8558712f0441d6c1e3b4f310be84a035091a45f4b353f16463
2026-05-28 01:04:37,015 - INFO - 📝 Document mis à jour : 31374b2002726890577cacd65f08a971a2c4920f8b13508634b4e7ac2148cf4d
2026-05-28 01:04:37,015 - INFO - 📝 Document mis à jour : 7d156ceb09a4c1d2598596e63b6efe597706c851d5085cd2c24b5efb0edc094c
2026-05-28 01:04:37,015 - INFO - 📝 Document mis à jour : ef0af405648693f29ce00a372d87a3d7e151d63cf9f45811dd9967de6c792ad5
2026-05-28 01:04:37,015 - INFO - 📝 Document mis à jour : 78f1705001b488eebd12761dfea72e973bd5291e1df8a14e4ec84221be868b9d
2026-05-28 01:04:37,015 - INFO - 📝 Document mis à jour : ef8f2fa85571b30110794d3516c53aa0a98c77c2a86e240a7da6ed55b1ab957e
2026-05-28 01:04:37,015 - INFO - 📝 Document mis à jour : d54cac75c81938ae6b3cdc250816a83fa265cadfa03edcbe4dce5bc2411fcb3f
2026-05-28 01:04:37,015 - INFO - 📝 Document mis à jour : 14656d1235633aef627fc06f8a5fc00d08e7a57870a31f71a76136d28f35c72b
2026-05-28 01:04:37,015 - INFO - 📝 Document mis à jour : 01e8770c3f95c5bf400b25f0174d3107badd410c26a2ace32c19db4ab49886bc
2026-05-28 01:04:37,015 - INFO - 📝 Document mis à jour : d03623dc3ba641d1feaeab261a41572d6dbd7caba9ba1be35240367abd33d783
2026-05-28 01:04:37,015 - INFO - 📝 Document mis à jour : 84504e3f6bc28ab045c2bd89f968354a59159b8941bfe0b2a52d1460bd450e27
2026-05-28 01:04:37,015 - INFO - 📝 Document mis à jour : 006f67e39c0f8c81adc63c70922f48a6b06b4b09f5a97f83509e396b74d168a6
2026-05-28 01:04:37,015 - INFO - 📝 Document mis à jour : d4ac257a7ba24198ba112c5f850255725c33899a9d3eb80d3e0feb5f5a731a53
2026-05-28 01:04:37,015 - INFO - 📝 Document mis à jour : 12405d6496b182e737ed6c06ffd71fda8ec5fca78c3fdc4c762ead3f451e3956
2026-05-28 01:04:37,015 - INFO - 📝 Document mis à jour : 271b351b71a502e3e0e696a7e944a4a8848e4dc0b4a1561b3aad5dfa2006d469
2026-05-28 01:04:37,015 - INFO - 📝 Document mis à jour : b53f307c22271485829c888f5499ec19981e2e23bf933b9506d3d039f05a9eed
2026-05-28 01:04:37,015 - INFO - 📝 Document mis à jour : bf3cc5a061d351fbee74c5cac2edcd131e421c4fb4fd5c2a72d0bb1343c4bbfa
2026-05-28 01:04:37,015 - INFO - 📝 Document mis à jour : 0de793b2cff1503aeaeed00ba9e21b8435d0aef58d451e79fdfafd280faa020d
2026-05-28 01:04:37,015 - INFO - 📝 Document mis à jour : 8e0160dcd32883dc54c8b0afb8128b33480146ffde05c6f5634bface6f9d148c
2026-05-28 01:04:37,015 - INFO - 📝 Document mis à jour : c1529461604068a6cc3dd6c824874018f581d3b24624dcd0a79cfcabaab50e1e
2026-05-28 01:04:37,015 - INFO - 📝 Document mis à jour : ec7160b341aeb785813d8c3d9cc9ae858becf5b97603675d183fb0b4d29d499d
2026-05-28 01:04:37,015 - INFO - 📝 Document mis à jour : b4fca5fa6e385864c3a44e517037ce4b8d158ab480fa11268bf9d5a4c3ce6b02
2026-05-28 01:04:37,015 - INFO - 📝 Document mis à jour : 27e9aa90144a211fb93a5d6cde45ff6bab216264faea75fdf5b4a778379144b9
2026-05-28 01:04:37,016 - INFO - 📝 Document mis à jour : c0c25179094bd2b5005c26ba5cce8e8153d5ddaaba831a59e237b4a2ace575af
2026-05-28 01:04:37,016 - INFO - 📝 Document mis à jour : 2dcf0752ec32f1492632f54b90b9e37a0a7de60f2a607478e86d74b89ce80034
2026-05-28 01:04:37,016 - INFO - 📝 Document mis à jour : c2685908ca5ad6f591435a3a5985738e3e5237be3a7b39da2dc7479a2c15aca5
2026-05-28 01:04:37,016 - INFO - 📝 Document mis à jour : c32e06322a0a1483815e9ef90b6776dcf1529a665cbc515f9d2e1193f70e7d97
2026-05-28 01:04:37,016 - INFO - 📝 Document mis à jour : 7941a0f22b9c66444ff9fa3eb8282d7c407c9881afac95e875d571afce4982d5
2026-05-28 01:04:37,016 - INFO - 📝 Document mis à jour : e91adf362f71a32160ea58da82b025165f9649085487bcd13352bafedca20376
2026-05-28 01:04:37,016 - INFO - 📝 Document mis à jour : 83927fd1466a7b78bdf29838a7c248e0e99f77e00f0675381480d4eeb3b8cecc
2026-05-28 01:04:37,016 - INFO - 📝 Document mis à jour : aedf1bc04a5b4d39a40da9513386ff2feff0fba1f7b131bffe5d5c7796793fb9
2026-05-28 01:04:37,016 - INFO - 📝 Document mis à jour : e85750a47ebe61cc51eadd545c867bcd9a6d0e85086cce643c5f8e18e618c1fb
2026-05-28 01:04:37,016 - INFO - 📝 Document mis à jour : 0e9074ea9660798efa5b58bbeeb1159694b1a9c0f8cb53ffa86afad38f9f7f0c
2026-05-28 01:04:37,016 - INFO - 📝 Document mis à jour : 5c3c548b8df61d110f77271c9edc1e87ba3aaa614a7c70052595b97b60495238
2026-05-28 01:04:37,016 - INFO - 📝 Document mis à jour : 8487f402699727c94e43664238841d91a745253be57c144f6c0ad5967282779d
2026-05-28 01:04:37,016 - INFO - 📝 Document mis à jour : 21a5ac3639587897cc4ac5ae367010457e370cf3d761e218cc2a087a6d57f96b
2026-05-28 01:04:37,016 - INFO - 📝 Document mis à jour : 46c8093d7560fce4f7866bd14cf32d3409efe1f3a332a2c1b7ee70c2b2146be8
2026-05-28 01:04:37,016 - INFO - 📝 Document mis à jour : e116adbc744dbc50c9d15e9dd28bde83894c6a4d2beb0963a19994c388343ba4
2026-05-28 01:04:37,016 - INFO - 📝 Document mis à jour : 6bc3f5d2955dc68e570ec3ad944568d253718172d9f5cf51e3ca85c470de2c56
2026-05-28 01:04:37,016 - INFO - 📝 Document mis à jour : c0a30e4e866d3366e6768e25e4d2756bd72c06a6687b35a0b591a3ba264a6b7d
2026-05-28 01:04:37,016 - INFO - 📝 Document mis à jour : 3e9c45c21d10b23d3a33e44847598b50d6052e9c3f3f75261571487c30999b8a
2026-05-28 01:04:37,016 - INFO - 📝 Document mis à jour : 9447165068f97b36658a657438dcb5de18050f41dfffd3fab9041dde6eef4199
2026-05-28 01:04:37,016 - INFO - 📝 Document mis à jour : cd85727a7efda44fc27c82e0177d73ac5d2656fef71c08283ad7e2f3ebc7d69b
2026-05-28 01:04:37,016 - INFO - 📝 Document mis à jour : 19bbaa591820d8e88e3776cc6f65a4a86c2d01a44f403fdf85a440ba7828f52e
2026-05-28 01:04:37,016 - INFO - 📝 Document mis à jour : f0ea25c29ec5769c074a46532397f0bf67045dcf8f5580e787d6a6db6373fb66
2026-05-28 01:04:37,016 - INFO - 📝 Document mis à jour : 4847db584b8142dd31e3db12ea182fb9127d31c36a3427e94011c1450d350173
2026-05-28 01:04:37,016 - INFO - 📝 Document mis à jour : d4692d907a1938213b14ab428f22660e80251d99a134f2aa98857e05f77d8153
2026-05-28 01:04:37,016 - INFO - 📝 Document mis à jour : d2398a996aeed905c30ce7634089dd6166750cd8460706cff52df07d8e5412f5
2026-05-28 01:04:37,016 - INFO - 📝 Document mis à jour : d66ff5f56f11b8b911117f78feb878e6371280ad38ffb1704ff612079b12fe04
2026-05-28 01:04:37,016 - INFO - 📝 Document mis à jour : 85ba9cbf8f63f58e1e7d2013b922b1d2bf0f1d1dbbcfbd056d0feebbacf82985
2026-05-28 01:04:37,016 - INFO - 📝 Document mis à jour : 56a6302d1489a1fe5a4d16e41c06da9552ca04caebe19158e391f1469bd14280
2026-05-28 01:04:37,016 - INFO - 📝 Document mis à jour : 7ab16de36c680ac67b4408790c60fe4971ccec3a2830c111a338a1d4a94a7ebe
2026-05-28 01:04:37,016 - INFO - 📝 Document mis à jour : 09d44855dc733e7d93d590b58d488b5c0359b884bb576be747f9bcb221e24aab
2026-05-28 01:04:37,016 - INFO - 📝 Document mis à jour : 847e0e8b22e2c593fcda8359eebcfa88a26c5fdc2c60afa1083ee7c3abadd3d5
2026-05-28 01:04:37,016 - INFO - 📝 Document mis à jour : 410912410e861b7ea0801467bbfe3bed84c92d63427ac50c7ca91d7d0e7de6d7
2026-05-28 01:04:37,016 - INFO - 📝 Document mis à jour : da121f17a48642716a783758024b88012996b8857dcb76ae5ee506de422d46ef
2026-05-28 01:04:37,016 - INFO - 📝 Document mis à jour : 4bfe4a0568bb9c0c3ef4b2439866da4a30d6d926db821ef901d4794ee83b6265
2026-05-28 01:04:37,016 - INFO - 📝 Document mis à jour : b80678c999ce487ae3e1aac0ff6e22b165429c4e56e2c3bd8b6cc7e617ceb04e
2026-05-28 01:04:37,016 - INFO - 📝 Document mis à jour : 49c1402b825f2bcf0c353b9faa6aa5109385afe68b369786e960138cf991d886
2026-05-28 01:04:37,016 - INFO - 📝 Document mis à jour : 4bca7bb5465265844c4e96dbe1dca4319c06902c2f2da139f844303d2d75759d
2026-05-28 01:04:37,016 - INFO - 📝 Document mis à jour : 11754e1112009526a9ac9f3811768eb5a8e975bd7194f62af13a4686c7d4f1b0
2026-05-28 01:04:37,016 - INFO - 📝 Document mis à jour : af8dc766bd1f368d5124aa7003098a00c5d3a52379dd9ffd8033d6de7c64510d
2026-05-28 01:04:37,016 - INFO - 📝 Document mis à jour : 8e793d7897f328f09fcd9641d08f08206199718facb1598853c475f04a9ac1b3
2026-05-28 01:04:37,016 - INFO - 📝 Document mis à jour : 79ba66793630407601cd0ee6845b39fd975c719eeb71ac7132e00844ec4642bf
2026-05-28 01:04:37,016 - INFO - 📝 Document mis à jour : e603fa0e31985942830dfc624df4c120dd46bd8eea7a277691102a982fc546ff
2026-05-28 01:04:37,016 - INFO - 📝 Document mis à jour : e2003f7c6a48e5c594e8228b6e4f3201b81212e3170008121b90e127f3a29641
2026-05-28 01:04:37,016 - INFO - 📝 Document mis à jour : 0dffa927b1d86e9f69cd8887bff82cf4c7c7902e18e875d09d7dc48ceadab68f
2026-05-28 01:04:37,016 - INFO - 📝 Document mis à jour : 9a3e97450049fe8819b1f198b9d903f7dfc43044899b16a70e8384e8d03b0e78
2026-05-28 01:04:37,016 - INFO - 📝 Document mis à jour : 88ca98dfb40c293cfd089365c8559e43c9f2a0ec49af90a3cc6e57b6cf118e2f
2026-05-28 01:04:37,016 - INFO - 📝 Document mis à jour : cac80f649b80a72f5bb61dbca23215d294edbfe19c298f84d54232ff364866dd
2026-05-28 01:04:37,016 - INFO - 📝 Document mis à jour : 2813e55a73c98655da8fb22076a3d73125ad2d3aa1c2fa7039b13eb13b3f2e26
2026-05-28 01:04:37,016 - INFO - 📝 Document mis à jour : 1c35d7f6cfe1735df356b14fa7b98151b224bf80fc83e79ce9abbb638eda3eed
2026-05-28 01:04:37,016 - INFO - 📝 Document mis à jour : b16d6943a61ce3df59d6ab6ab35fb767d12299a97f640cecd5d7963c8f1cfb44
2026-05-28 01:04:37,017 - INFO - 📝 Document mis à jour : d946d519a5c6fa291920cbcad9a696335e1fa05c52c4f2a5aebf332aeece605d
2026-05-28 01:04:37,017 - INFO - 📝 Document mis à jour : 7476a518cdbf1b094d12918f254782fc29a4b07c97633cd78b0235a57b827b0c
2026-05-28 01:04:37,017 - INFO - 📝 Document mis à jour : d57222c4f8ef47a4df609653adfcd8e2e32c0d8cc68c0c90a51043bdb36e8dab
2026-05-28 01:04:37,017 - INFO - 📝 Document mis à jour : af8210ceaef59e0d54728d5fe2d66e6f3a76355dc3c911737ad81a2cdaaf8e21
2026-05-28 01:04:37,017 - INFO - 📝 Document mis à jour : 6b7c6b6530cb294e4c4a9721eb3905a398794d77d53fadfb37c03c791ffb538c
2026-05-28 01:04:37,017 - INFO - 📝 Document mis à jour : 8cbb57e60d6df249b06762c830fb72e49618720ea2108c580e57b85861f9c580
2026-05-28 01:04:37,017 - INFO - 📝 Document mis à jour : c17590a79b56924d677a387d90c60fa461b9e72ae35ef8f60073a266cb6aa0b8
2026-05-28 01:04:37,017 - INFO - 📝 Document mis à jour : 114cb0867c15b8b00f1a45bc63ea006b505fb6a0a5f86009c194090e4470ba7d
2026-05-28 01:04:37,017 - INFO - 📝 Document mis à jour : bb819a3546ece7f80e1ece3233f0d4061a1f3df70f878baf5610255e63a10da7
2026-05-28 01:04:37,017 - INFO - 📝 Document mis à jour : 4f72b47393ea4f4952ae5e6a709b6c343aebef017b8beffba8248bfe11752ef5
2026-05-28 01:04:37,017 - INFO - 📝 Document mis à jour : 1e785efa3cfab48f32977d1c42513f67eadac19c9144b43d7c6546f4ef0b651e
2026-05-28 01:04:37,017 - INFO - 📝 Document mis à jour : e4fbb7cea8273b640ccfc5a243243e79d9658b59093cfb9addb885a4bdd61f79
2026-05-28 01:04:37,017 - INFO - 📝 Document mis à jour : a03ef90c737268b5bf7fce9a00f4f60fb182689deb4f4f3d62f716720d8f89f3
2026-05-28 01:04:37,017 - INFO - 📝 Document mis à jour : a58973aa41b9d7333b9171289df9833c950305998c234bb53db51040773de6e2
2026-05-28 01:04:37,017 - INFO - 📝 Document mis à jour : 345b309d19b1ddc3376b09ed8b2b625f2299542737768e69de51d18200a52eaf
2026-05-28 01:04:37,017 - INFO - 📝 Document mis à jour : d198715bb9800da344a1262ce241ca89624216ce644ac7c179fc503d67dfaf62
2026-05-28 01:04:37,017 - INFO - 📝 Document mis à jour : 347a6a3670e8bd28578a6f739e3734ea930677841c0777cc59f4b7904f74f20a
2026-05-28 01:04:37,017 - INFO - 📝 Document mis à jour : a6e491e4aad62ff79a617ccbf7f0f2dd855add74f6973866a4a386389a524ddd
2026-05-28 01:04:37,017 - INFO - 📝 Document mis à jour : b5117a15ad180fd62eb4164d09295ea3a11012a784b7a3938f10b8e9915f7ec7
2026-05-28 01:04:37,017 - INFO - 📝 Document mis à jour : c653abb5f0cdbacec09ed781d2cb3d4d90144540fc21f4147ef10408f24850b0
2026-05-28 01:04:37,017 - INFO - 📝 Document mis à jour : 09a303fef6bdf358424ea9be48ce16523a069eec73c7d380f22ce7c7a60621c9
2026-05-28 01:04:37,017 - INFO - 📝 Document mis à jour : 03ddb76738042c3bfa8d5986264ea7a032649702381573f00023b7bd3fc48b01
2026-05-28 01:04:37,017 - INFO - 📝 Document mis à jour : 344943ad474817a6c8c90414e86cde7522b9a950eda18a5b34e87b6a7bb8f25b
2026-05-28 01:04:37,017 - INFO - 📝 Document mis à jour : 6cec80c7f19c21aeb126cb36dc8053485628f994231bb79a6a86120a42d46149
2026-05-28 01:04:37,017 - INFO - 📝 Document mis à jour : 4266530cbc0f8e66333b7e389ac7ad65246ffe75becf92e87c4acb47260756d6
2026-05-28 01:04:37,017 - INFO - 📝 Document mis à jour : 918b9f9a64a59afcf77a856a45407af6a0fad6bb9486af333425b8bb29a4c988
2026-05-28 01:04:37,017 - INFO - 📝 Document mis à jour : 50b6368d4dec3ff32502a9c918d6fc208a2042fabf5ce2f2f805aa71ae7cc1a5
2026-05-28 01:04:37,017 - INFO - 📝 Document mis à jour : 3da3ad8cac29935151e643972c7e124ddccb170c48f00e02de1678639a4c471d
2026-05-28 01:04:37,017 - INFO - 📝 Document mis à jour : c6629f9083b89db8883aee2faab12b115c4a355fdeb914f2b6874806a6e95e7a
2026-05-28 01:04:37,017 - INFO - 📝 Document mis à jour : f6e094572da4a5861456fef190a9903e43b57ce64aa23e24079cf76e25a1f98a
2026-05-28 01:04:37,017 - INFO - 📝 Document mis à jour : 79e03d3bc0f9fd9c73eb8f0a66c15989fa97fdaadd1f94742f519fd0646e1653
2026-05-28 01:04:37,017 - INFO - 📝 Document mis à jour : 42c3e0dcca762664ed7474a6f612886590e6ff9c021dcdd281949afe5b1752b4
2026-05-28 01:04:37,017 - INFO - 📝 Document mis à jour : be59ab2db693af8abb5a6be579a0848fb9aabf9d30221796d35e117645540e2d
2026-05-28 01:04:37,017 - INFO - 📝 Document mis à jour : 6c6b0175c9bc09ea2255195b0d28320405ea6a6f092c1a969e16829188ad5b1f
2026-05-28 01:04:37,017 - INFO - 📝 Document mis à jour : 21374e8e62ef79fa3b5826e686cfe2db9bfde70cd3f78a1b28606bfec4de8817
2026-05-28 01:04:37,017 - INFO - 📝 Document mis à jour : a04cb8ded19bdd4cea9db7dde8a63eaf556fb4d725f129e2a11872f8c734947b
2026-05-28 01:04:37,017 - INFO - 📝 Document mis à jour : be8d4570d52e57ab43f6f40969488c399728d1ba022348bc60272cf81d7dc1c2
2026-05-28 01:04:37,017 - INFO - 📝 Document mis à jour : bcba9a943ef50e310030f6d72e2d6056e553a385415ecff0eefbbf5c5a77cacd
2026-05-28 01:04:37,017 - INFO - 📝 Document mis à jour : 31f2aca194118a95177f80a2081f04c8fd600a1cf61d580872bced2e79a90363
2026-05-28 01:04:37,017 - INFO - 📝 Document mis à jour : 8fa8486a5f92dcc64e3287220fd563e3bd75966b671c427d1541807dfa4f24aa
2026-05-28 01:04:37,017 - INFO - 📝 Document mis à jour : 21ccf95a4c632db9112176844912fbcc4a7721c3346c2e1da686039d9bfde5b4
2026-05-28 01:04:37,017 - INFO - 📝 Document mis à jour : 95c6311176235e61e3e53e30bc8cdc078af39b2ba22075080cd331d2bb1c0ad0
2026-05-28 01:04:37,017 - INFO - 📝 Document mis à jour : 1048f5b809add251e53a1e418dfb4f81fbea4ffd6eea543289b1f197106ca78e
2026-05-28 01:04:37,017 - INFO - 📝 Document mis à jour : ee26a038051d03127421fc36bb36d9b26c9a54e6d37020f1c9ebcd3fa21d4404
2026-05-28 01:04:37,017 - INFO - 📝 Document mis à jour : 0e061990ef7ebf33c191b643fd17cac63e806d0ea5167996aa48c33a69719dec
2026-05-28 01:04:37,017 - INFO - 📝 Document mis à jour : 9978c51163132b8d5850c13a69751d7c6355bfd83c4d4d65444948dfe50d6195
2026-05-28 01:04:37,017 - INFO - 📝 Document mis à jour : 280fade8d3d7c86c1b8bafc7b288c46c06461b96b85aea965b49aabedecbed41
2026-05-28 01:04:37,017 - INFO - 📝 Document mis à jour : d5ccc566406f3c5b440c1b12e34f955ec2b85f5ee2d8e95788354ab28afe9d3c
2026-05-28 01:04:37,017 - INFO - 📝 Document mis à jour : 915dab610d1297aca0ff217dd96ed3f31c8c518df5012255c657ef8458be05da
2026-05-28 01:04:37,017 - INFO - 📝 Document mis à jour : b7d21cc26e24bcfc62e6faad8bf0b41f583469a979017e2819a54ef2ce3ca7e9
2026-05-28 01:04:37,018 - INFO - 📝 Document mis à jour : 41ef40f3fb46e41e707c12e4c42a9cc052211d056072f8a8a6063b71dfcb9680
2026-05-28 01:04:37,018 - INFO - 📝 Document mis à jour : df67c94f2237409df9146fa8c690c1143fe99dd39e09ec4d3ea6bfeddeed8aaf
2026-05-28 01:04:37,018 - INFO - 📝 Document mis à jour : aeeaca7e46afc0041adde3124d7d92937bdebdb76d794803e1d0ac551a157125
2026-05-28 01:04:37,018 - INFO - 📝 Document mis à jour : 64bfb1207ff6d5deb127949627886420814c16fbf616c48db548db9953f84040
2026-05-28 01:04:37,018 - INFO - 📝 Document mis à jour : 4f04b00a2323333987a7b3344a84fba213e12e75e58073f1b839f6216dde85a1
2026-05-28 01:04:37,018 - INFO - 📝 Document mis à jour : a1f2027a3d8986e03e6bcfd4552edc5ad06de2830207bae4896e98fe7a1da5dc
2026-05-28 01:04:37,018 - INFO - 📝 Document mis à jour : 3772d136056cc94c506159a565c96fe1c2aa0895131dc469ba182b5eba858227
2026-05-28 01:04:37,018 - INFO - 📝 Document mis à jour : 03c2e9430ba7500c057bece8ca59e507632fdda0a70c5db4d11d72aa329f9108
2026-05-28 01:04:37,018 - INFO - 📝 Document mis à jour : e448be6263dca3a5d6d9ecc446d6c476e6314b514329ba84e5800c4feeadf7bd
2026-05-28 01:04:37,018 - INFO - 📝 Document mis à jour : 52d38cc7b975357f03637aa5018a10669bb89f5d264b9bff314b85ecc24fc5da
2026-05-28 01:04:37,018 - INFO - 📝 Document mis à jour : 582f479a99b6dfcbd13604367813767a529a05fc95f27be29a495adad6ed8638
2026-05-28 01:04:37,018 - INFO - 📝 Document mis à jour : 2bdd007c0c0d816455c7a3fba2996f57d07b4d480a196e2a50a60f721702e806
2026-05-28 01:04:37,018 - INFO - 📝 Document mis à jour : 21d4d4f86acfeb589581a3b8e73c4b982eedec329628388dac20480d799e2797
2026-05-28 01:04:37,018 - INFO - 📝 Document mis à jour : 3ae99fa775f54fbd46cc7ad53d4b330de9a3b53a9174a40adabe60817e7b48ce
2026-05-28 01:04:37,018 - INFO - 📝 Document mis à jour : 5ac9635921035de9be15cf64507b931a46b6a057f87de48da025d1385631b997
2026-05-28 01:04:37,018 - INFO - 📝 Document mis à jour : 4c712c63d3c8a7a637275565b2b0e650a4375a39997c536d53b6caef510307be
2026-05-28 01:04:37,018 - INFO - 📝 Document mis à jour : 75ea87caf3a65fe798a8c8fad35acd8b9591866e8b0944a28dbdd3b7293f3898
2026-05-28 01:04:37,018 - INFO - 📝 Document mis à jour : c717cf9e2536f5d8f8741b296da6d431438cba586e9f31fe77348282c6848280
2026-05-28 01:04:37,018 - INFO - 📝 Document mis à jour : 4864d3d837220c0207d5d9f6cef91167d538fed7ae3e9de171b150d658cc7f3e
2026-05-28 01:04:37,018 - INFO - 📝 Document mis à jour : c1d0848babaedd05ea1bcdeb1e6e61c1e16898aaf905d68ec441f9c8294451e4
2026-05-28 01:04:37,018 - INFO - 📝 Document mis à jour : 92cc4ee53b1cb62e601947dbf474224f9a78f4aaa5871b3433b30302695833f3
2026-05-28 01:04:37,018 - INFO - 📝 Document mis à jour : 42317e590b87a977740540dd7939f958e74fb7390534d261fef7c1f194adc757
2026-05-28 01:04:37,018 - INFO - 📝 Document mis à jour : 94d9de7419152154d34319b3c1828037922a0c2401d1431003a87dcef5d66fd2
2026-05-28 01:04:37,018 - INFO - 📝 Document mis à jour : 31cfa0e2349a1732af2f4ca99cda29ac7eee4614761c00308ef38f68e7a61146
2026-05-28 01:04:37,018 - INFO - 📝 Document mis à jour : 0858284a4d9890338b24134dc9ead8b9d42a812db0daa700a0899b28b63f3f72
2026-05-28 01:04:37,018 - INFO - 📝 Document mis à jour : 72e3cf2bdbcf9dc0d91a27719fbfc483d56b24e8be07513194b1eb4257c9f3f0
2026-05-28 01:04:37,018 - INFO - 📝 Document mis à jour : c0502a2ffc2fece495746de707fe84e07a39a90a9c93a200b2989ad08b35b755
2026-05-28 01:04:37,018 - INFO - 📝 Document mis à jour : 47d3d6794083f1d08da83dc9907d3a66df9153a8fb30f8f676487d2b30609c31
2026-05-28 01:04:37,018 - INFO - 📝 Document mis à jour : 655bf44ba9c6b889d8bade6ed5598c7745fdc3b311e74efd29361b9b375f5c68
2026-05-28 01:04:37,018 - INFO - 📝 Document mis à jour : 84ae10f2e9c32f0073e3711778013a3b97bd6fc7ccfb0637e80f5346f270f403
2026-05-28 01:04:37,018 - INFO - 📝 Document mis à jour : 2e69a5375cdba7dd15f7a3f90a35ac2301ca7d0ba4b28075bf5a5d92a75c989a
2026-05-28 01:04:37,018 - INFO - 📝 Document mis à jour : 456134f97f876b5363276111ac933ebf8509c644363e183269cd892f756f7cde
2026-05-28 01:04:37,018 - INFO - 📝 Document mis à jour : c74205eb377fe488e4ec91f595f1762142e238a2dcfe89f2da768b2c6c704b4e
2026-05-28 01:04:37,018 - INFO - 📝 Document mis à jour : 90b23a65cbe51d1ba6208432daa1fcefd2834b337fc31783f09c7399ab2dd21c
2026-05-28 01:04:37,018 - INFO - 📝 Document mis à jour : 96c6442bd0cb639749ffaf8c45a86f36ed9168ea49e97e89fcac07eeed843d01
2026-05-28 01:04:37,018 - INFO - 📝 Document mis à jour : 708122b52883964de1fec5dd48ac0e463b2a564ea73655fa58114fda1601d454
2026-05-28 01:04:37,018 - INFO - 📝 Document mis à jour : dbe34dcd6fe8de37780cd64721020d2e88efff90fc9b58671862a8bdd858ca06
2026-05-28 01:04:37,018 - INFO - 📝 Document mis à jour : 449900a1f96af6a726e2262c8d0019aabe1baaf917d9855ccf1a0794cc6e67cb
2026-05-28 01:04:37,018 - INFO - 📝 Document mis à jour : 4a606991e4b0e159529a02a2ed8def669724b6ed403ff1fa7121ea371e3294c8
2026-05-28 01:04:37,018 - INFO - 📝 Document mis à jour : 582c64ae248300230ae49fd082dc4625a91fe9b0165ef8b948f33dea962aeb86
2026-05-28 01:04:37,018 - INFO - 📝 Document mis à jour : 84880179bebf44e739db0971a4b4f059d6cddcb89815fbf957bce7cb301dae22
2026-05-28 01:04:37,018 - INFO - 📝 Document mis à jour : f80450f005b50661d6636b355d242461e1b22c16f9ee0666d8f17d37e7cc3b52
2026-05-28 01:04:37,018 - INFO - 📝 Document mis à jour : 0250e626784b394b563784ff9d1128638dd1b39243ea9ca29ccbf528ade6a0d2
2026-05-28 01:04:37,018 - INFO - 📝 Document mis à jour : 23acb3ebadab0f3b345221017af8e04107bb3e5f9b50b1e1ba54b81f995a4efb
2026-05-28 01:04:37,018 - INFO - 📝 Document mis à jour : b5964b5e30e5394c2aa061a8c48dff8aa68d31a499afb0f046e9e655f0e09201
2026-05-28 01:04:37,018 - INFO - 📝 Document mis à jour : 38f17d5bc4cb1beb93e06c644b2967d832fa5a77803b19d3e076fc8d6d99abc7
2026-05-28 01:04:37,018 - INFO - 📝 Document mis à jour : 410b5203c1408d28a068c4c8120802975197a4dd9c730305f11bb8f7700be6d6
2026-05-28 01:04:37,018 - INFO - 📝 Document mis à jour : cdb4dcaaa9c0f5d3b4ffe9ca9eaaab896fecd410b1207046609f84bfe70c35cf
2026-05-28 01:04:37,018 - INFO - 📝 Document mis à jour : 176a6459595754c13013a0e7326a4bbfb3589ed98f03982153c4f4df732de938
2026-05-28 01:04:37,018 - INFO - 📝 Document mis à jour : c7bd25addffc159b2230b077d330ae3ae900e62594500e0447f93497bf9f999f
2026-05-28 01:04:37,018 - INFO - 📝 Document mis à jour : 3ae25b2b5bbc48f4f8b1b5b0b4e81e6ef7854cebbb10aafb80680421bab7d045
2026-05-28 01:04:37,019 - INFO - 📝 Document mis à jour : 742f24739ecb6ce623b485203abe8499d0a478c4bc988f74f02711f50cb812d9
2026-05-28 01:04:37,019 - INFO - 📝 Document mis à jour : 2e1c2daa2c3b8879138120645e4e4c584c90401f326853c0f7c5e6f69e05ad9f
2026-05-28 01:04:37,019 - INFO - 📝 Document mis à jour : 59e5ce38006adb331fce3fafcd487af6cf25a8f69bc09fbb2de9cc619256e9e4
2026-05-28 01:04:37,019 - INFO - 📝 Document mis à jour : e3bb3273b735ea3e39478553db98682a115e64be6b11535c2050279b671b0936
2026-05-28 01:04:37,019 - INFO - 📝 Document mis à jour : 449538f6c2d00957b05dfc2bee6e8b08ee0be4dac698870bf2367e8f08e2730d
2026-05-28 01:04:37,019 - INFO - 📝 Document mis à jour : 294613da89a016d057195ef882b1b95c19d3ea6ab7e2df9dad7e46e1f45481fc
2026-05-28 01:04:37,019 - INFO - 📝 Document mis à jour : d3ec0a755feaeb43cfaf03697a3be28123593a3d146ba5a719500e57bda6a141
2026-05-28 01:04:37,019 - INFO - 📝 Document mis à jour : 1ef322205db1bc9f6a6ea717199e0cdca8e8da0375f91dfc9b8c964e42d472c5
2026-05-28 01:04:37,019 - INFO - 📝 Document mis à jour : 147c778fb8fcbafdd8bb98da914bb6e2e01002f9139a9c36d4b6dcd9b1360330
2026-05-28 01:04:37,019 - INFO - 📝 Document mis à jour : cec4a9ffa8de7bedeb959b24ee15cf0b7e6937151e44820008d7e315319d75a3
2026-05-28 01:04:37,019 - INFO - 📝 Document mis à jour : 787158ecacfddeca292c567990c27d2a76626672ff5ff4f575c907b3d69dba48
2026-05-28 01:04:37,019 - INFO - 📝 Document mis à jour : dc7fd1df78aace86b974cd843a784800a3785a57121b90b70533cd2a90d6581e
2026-05-28 01:04:37,019 - INFO - 📝 Document mis à jour : fa8be61a57e59f17bb568e52885986fb0f02e642562c4e8730e9ab89befae687
2026-05-28 01:04:37,019 - INFO - 📝 Document mis à jour : 9674400aacd73ab77b43c44be161114400b70a0afbb92ec1bdceea4c369aeb79
2026-05-28 01:04:37,019 - INFO - 📝 Document mis à jour : 191e997fac993fa63a4d30602b458e91671fddfa3fc15fece2f1b2940f4633b6
2026-05-28 01:04:37,019 - INFO - 📝 Document mis à jour : e64b84cc987b1be819a7b6e5d4fc9fa5688c4207deae6cc8587bf672c6cbb193
2026-05-28 01:04:37,019 - INFO - 📝 Document mis à jour : a0b1fe78a3860773317177897581b98b53b727c3873a97632344b0897fc901e9
2026-05-28 01:04:37,019 - INFO - 📝 Document mis à jour : fa0f8d74e08e65f9335450cd923b9ea82d7d76a051d06c400899e4c8975859f8
2026-05-28 01:04:37,019 - INFO - 📝 Document mis à jour : 07f59acd8267ea30a888bae716942dab7301e0252661b09a0f7cc1e3078150e7
2026-05-28 01:04:37,019 - INFO - 📝 Document mis à jour : 09084d426b1c2c0ef731c61ac3bc025f60ac602fb9d6b523867e6e4546bb3872
2026-05-28 01:04:37,019 - INFO - 📝 Document mis à jour : 9876ef0087fbff7a7f60b31ee84f420e91611be485da9f5ecc5179d0741c8505
2026-05-28 01:04:37,019 - INFO - 📝 Document mis à jour : 18aa6762af12ed038bdb52f7451070b63aad343db0293d045fa2803eca15313a
2026-05-28 01:04:37,019 - INFO - 📝 Document mis à jour : 9983c1ef0922eff106a4e5e7eb9b268c8599ba3005b494fa8c51cfc0d32af100
2026-05-28 01:04:37,019 - INFO - 📝 Document mis à jour : ab7426c30af7f6a219199c793c1fb37c3c4863265f9662b7ab698888c88cf4ae
2026-05-28 01:04:37,019 - INFO - 📝 Document mis à jour : 2541571191a78407f30f1278ffd7ede435595640be27ae239e31bbb6eb46c0dc
2026-05-28 01:04:37,019 - INFO - 📝 Document mis à jour : bdf29a7579c0b413bbf59bd29858ac5aa4a9ad5b1187993dab9640ac33e7e85f
2026-05-28 01:04:37,019 - INFO - 📝 Document mis à jour : c73e048aaae8f0dbbfe1b994f9c5f94241942fe15951f3ff94d94bd4e5c3a6d3
2026-05-28 01:04:37,019 - INFO - 📝 Document mis à jour : 5c30153aa697b8e7cfb686d424b4df33548319119d09d995b8ecb1840651bac3
2026-05-28 01:04:37,019 - INFO - 📝 Document mis à jour : db6da136671ff02ac009d01a5a43164030e0ef80d1adfffcc26cf72c6a1e53d5
2026-05-28 01:04:37,019 - INFO - 📝 Document mis à jour : d7569243510f4a8f2c67cd5feaa29fe81ab69b61393b70bab564f20ca8b6a64e
2026-05-28 01:04:37,019 - INFO - 📝 Document mis à jour : a26c5b241cc410ad4a9fb8a4d5f40f00da836d9b57359ba4eeba8a6ebc072a94
2026-05-28 01:04:37,019 - INFO - 📝 Document mis à jour : 2a516b6908d1240d22435f8fc02cc1da7e87cdee3dfb69d99173e9b03b111fbf
2026-05-28 01:04:37,019 - INFO - 📝 Document mis à jour : b64c9d6b72df472ecd0275a65ef3b58a2a146e6060e21567cc351d18e6da2111
2026-05-28 01:04:37,019 - INFO - 📝 Document mis à jour : 8b822d2b4e414c51ac4ffae97e62a5f4ce9a95530912490d2549484453fdd7e9
2026-05-28 01:04:37,019 - INFO - 📝 Document mis à jour : acce9a70840c8a24f525e13d4fceff0a10ebeee45dcd89592c872e8025ed887b
2026-05-28 01:04:37,019 - INFO - 📝 Document mis à jour : 2d2b4417aa7b9569175f44af60a72cb7986fc9a7948cacd7be214ec90a8c3edb
2026-05-28 01:04:37,019 - INFO - 📝 Document mis à jour : 78b71cfd05b5bbd2c6708741b8074bcd2c16c11a27911921230cdaaef5e4ce93
2026-05-28 01:04:37,019 - INFO - 📝 Document mis à jour : 939dc42d9c6dead4dc70ae209315b8bafc0c860920102f141ede9b5496ce4e15
2026-05-28 01:04:37,019 - INFO - 📝 Document mis à jour : f3bb808d92ca95d874b9cb06de2b0dc75e1d4f0f5de16a76b03f6719d7f2d482
2026-05-28 01:04:37,019 - INFO - 📝 Document mis à jour : bfb3d0b6091c229fd3ea783f9253f61a3cedb55ff2eafece0dc6dcfeda753428
2026-05-28 01:04:37,019 - INFO - 📝 Document mis à jour : c64d010850ced9b17e666da2d9abde5037f71b7b95e1989393fe9467d2da7610
2026-05-28 01:04:37,019 - INFO - 📝 Document mis à jour : 9cd72ab5c6384a7750e2af7573009a0d6f48f0feceb48cafe9488580cacbfdc3
2026-05-28 01:04:37,019 - INFO - 📝 Document mis à jour : 0321e8784d6479d89df11c2e34186e2e3d823608b6715c9a396a331629d1b815
2026-05-28 01:04:37,019 - INFO - 📝 Document mis à jour : a152523d9dbe55a4c9fcc8d391e2d1a1028442e02f47ec9ed19d41f2a6b46778
2026-05-28 01:04:37,019 - INFO - 📝 Document mis à jour : 5acfd3711bf8ebd43fe76e19e23ad18f60d09812c925de3372920e030cc1b4d2
2026-05-28 01:04:37,019 - INFO - 📝 Document mis à jour : 9f03726a0da392992fe0ed5d9f2eaa9107d85f428400728c2b3a8d79fc273603
2026-05-28 01:04:37,019 - INFO - 📝 Document mis à jour : 7959f7ec76c1389913c843556ba5b9565adc8ac988a3d6e7c9cf74d413da3549
2026-05-28 01:04:37,019 - INFO - 📝 Document mis à jour : 412509bb3d603f88a38fbf57a8214964f804894074cf461fe6021e42bbfaf560
2026-05-28 01:04:37,019 - INFO - 📝 Document mis à jour : ca78456ba567ee76e2924b36132740fa1c712d4aa5573c5077503f8cbd7c256e
2026-05-28 01:04:37,019 - INFO - 📝 Document mis à jour : a1a288740cef772e15e30e9d3a1ec0f3637b1a91705c5f324c4352c42bea0523
2026-05-28 01:04:37,019 - INFO - 📝 Document mis à jour : a18b3c7b9dbd49f5df8571da9a23c668ef5a3467f01398e97c418fe7c8e4509d
2026-05-28 01:04:37,020 - INFO - 📝 Document mis à jour : bda26dc368219de6b996257488425a4ef62307e22e2a2e14368015c96481631a
2026-05-28 01:04:37,020 - INFO - 📝 Document mis à jour : decb172dd94d2609449566bfacfb07090684f129e809ff54236ceecf9f490ef3
2026-05-28 01:04:37,020 - INFO - 📝 Document mis à jour : 94a89ba8c4aa884024f5f53dee9ef06dbaf3de0a6fd471d720070964b4f8dab5
2026-05-28 01:04:37,020 - INFO - 📝 Document mis à jour : 2559d9fad9d4126788c456732da88aa1a98d1579bdced6b746680aad63e4f9a8
2026-05-28 01:04:37,020 - INFO - 📝 Document mis à jour : 1bf24702330a75080ca2ca8ca38f94312991bfce915d73d1b635087b171a97b2
2026-05-28 01:04:37,020 - INFO - 📝 Document mis à jour : 9130b21ec2d56ae17ebc1ae044bd0b0a0978b4e295ddd04143073f0c8a118b41
2026-05-28 01:04:37,020 - INFO - 📝 Document mis à jour : 92eb2cc4b4efcaa81123be0a62302bd0b2474fd17b9dfbd04d4fa68d5e8f951d
2026-05-28 01:04:37,020 - INFO - 📝 Document mis à jour : e90f6497a2b8db2f4400440f95053f81dab8e1c852383a3a158ec9bc3121f92a
2026-05-28 01:04:37,020 - INFO - 📝 Document mis à jour : 9b1f2c0502204a350f4ca7d48d615137aef15a9e17e20ba731e3f7ac0cd8237e
2026-05-28 01:04:37,020 - INFO - 📝 Document mis à jour : 13f64e6703ba7c9aefe6f40f87333bfc393ca547b088d897ee057113a749ae34
2026-05-28 01:04:37,020 - INFO - 📝 Document mis à jour : 52c0006ea1555bda3060efaf91a99189459186c63204d3ccf32ad975efe56d4e
2026-05-28 01:04:37,020 - INFO - 📝 Document mis à jour : ab0cf0f185b688092f8ea39b25e79d381d3c3ab89d2d4186c6ca69cb16a1ddaa
2026-05-28 01:04:37,020 - INFO - 📝 Document mis à jour : 0d1bb27df46f554043cc852681f45ba9b13ab0aad94eb40fad694d44d5d1928a
2026-05-28 01:04:37,020 - INFO - 📝 Document mis à jour : 49d45432323a439eb3f8bc28e387775da15ddec1abab90d16dd1e4ef0206d0e4
2026-05-28 01:04:37,020 - INFO - 📝 Document mis à jour : b44026ce4e5b4b4390da68a6ede20a42625113d46ae6cf953f8b6b6ae7c5a013
2026-05-28 01:04:37,020 - INFO - 📝 Document mis à jour : 34948d619df7b28cb1430c4f6676ceb4a43c2752e73854a97e043ba8d601ef51
2026-05-28 01:04:37,020 - INFO - 📝 Document mis à jour : 19c234d506258f0819e2fe8ed620dd733e5d306dc48240bb9c3f654d19b754bb
2026-05-28 01:04:37,020 - INFO - 📝 Document mis à jour : b86c10a6f8529dc574dcc43e02c11eeb33254f13d15e7d5a15e045af25a41c8e
2026-05-28 01:04:37,020 - INFO - 📝 Document mis à jour : b5b964c734a65ec30108e8a96bdef775caf93bc02917e621021083184756a05e
2026-05-28 01:04:37,020 - INFO - 📝 Document mis à jour : 5835b42465e17a237fa4e5be599a03e277edc7de6cbdd9560865f5bb32e50ef1
2026-05-28 01:04:37,020 - INFO - 📝 Document mis à jour : e934e874f180f3dbcc6e8e1a4fda7dbb10c5efeb3e9db5eedc81777ea69894a7
2026-05-28 01:04:37,020 - INFO - 📝 Document mis à jour : ed1d1fc8e440cb095510d483fc30b0737df418ff000fc29ccb27046a8bb49e70
2026-05-28 01:04:37,020 - INFO - 📝 Document mis à jour : 5c5d0af2d41688aee3d030267e01d64fc6adf5e0181d8ce5d9850f30f4e6479e
2026-05-28 01:04:37,020 - INFO - 📝 Document mis à jour : 16942f8c0b81a602b0a3fa855e7c1b2386b318db23a51da396b7f4421b485c04
2026-05-28 01:04:37,020 - INFO - 📝 Document mis à jour : 322d50b209f5bb157cdcc9dac06b25530b81e40a2bf6cca4010c04fda0672d44
2026-05-28 01:04:37,020 - INFO - 📝 Document mis à jour : 18c792f056a6317e3730de1f1f4c1e726c044c2aeaf9322c14acfd7c2afb814f
2026-05-28 01:04:37,020 - INFO - 📝 Document mis à jour : 6c18c3821fc4922bb1ad20005e476139a94584189da2439bc8f6d8b3114a14c6
2026-05-28 01:04:37,020 - INFO - 📝 Document mis à jour : c98208934e277d66d747514c47a49901fe9f695427802ec55b80d6a1a6bbecf0
2026-05-28 01:04:37,020 - INFO - 📝 Document mis à jour : 4ceb14bb321dc8aaf8c32fe48ac81e19ba8dc11b38b80f6671260cef33693e8a
2026-05-28 01:04:37,020 - INFO - 📝 Document mis à jour : ace11499db5439bb8f0795d6d3dee3f179e716d8ecb6c817ee9084135e4423f9
2026-05-28 01:04:37,020 - INFO - 📝 Document mis à jour : 792f671d5f71c3b50054670bc443ad494a16ba2f516b53092f54f0442612a679
2026-05-28 01:04:37,020 - INFO - 📝 Document mis à jour : 8c90450324b75e388cc08b8e4aa7e66492fa2aa6dc18a99f43fe327893c6052a
2026-05-28 01:04:37,020 - INFO - 📝 Document mis à jour : 1ae8b166a9c1dead420bd4c38a8b10c82c62f804545d93d941fccb427187536f
2026-05-28 01:04:37,020 - INFO - 📝 Document mis à jour : 58181d3860ace4a8785d4aa221ca013b83f6211e8b91a15d6a1281b6a1a247f9
2026-05-28 01:04:37,020 - INFO - 📝 Document mis à jour : 5b563363bf15059458c47953e74423a6e5fabcda833b0f8f719d8095eee1b30e
2026-05-28 01:04:37,020 - INFO - 📝 Document mis à jour : df2cc38025461de716ab408d09b54b56461a0c9c0aecd21d620a86e99d40edfd
2026-05-28 01:04:37,020 - INFO - 📝 Document mis à jour : 19d934100b6c80522bb03c1cfdb11a6e63a39e7d8b263de75878129ba5680b8b
2026-05-28 01:04:37,020 - INFO - 📝 Document mis à jour : f139ba3e8d2d199555ce039a0b6834303ef4010d4eefaec02e286e20aeef93be
2026-05-28 01:04:37,020 - INFO - 📝 Document mis à jour : b5f2916813ed5e86cb9ee00dd6a8255b4c71eda35ee6f768a6e8ad5fed6cbd3c
2026-05-28 01:04:37,020 - INFO - 📝 Document mis à jour : 389a5ec8bc4a666723ddb51681086d94e99685dce40f0e92e8f39ed845a9594b
2026-05-28 01:04:37,020 - INFO - 📝 Document mis à jour : 6b96abaece03a55c5f5024e222f2e57a60c8177a2794b1fc50a0cfa536495f58
2026-05-28 01:04:37,020 - INFO - 📝 Document mis à jour : b0c33b5278a6410d3ef21a70d08c2b1d404d4637e85c467b6bc46ad36d50302f
2026-05-28 01:04:37,020 - INFO - 📝 Document mis à jour : e626543195b9d74ebaa61b11b4585e136ff6c7dc4623e9d5c418317726dac1df
2026-05-28 01:04:37,020 - INFO - 📝 Document mis à jour : 4efceb84d8ceef4a925e7817087f7cb58cab2411513611b35c3bda7449a74c09
2026-05-28 01:04:37,020 - INFO - 📝 Document mis à jour : 73c2e2361f84c63fd534dce7508084d96eef43af1acfd573a129ad362238b1e8
2026-05-28 01:04:37,020 - INFO - 📝 Document mis à jour : 9beabc16c870947797100aa10ff59f10b9e2902aff43da6722c5905cb418d063
2026-05-28 01:04:37,020 - INFO - 📝 Document mis à jour : f043597426221c08835b959ca7d8b2ab0e839d7b1357cd0c646e885a96fc0331
2026-05-28 01:04:37,020 - INFO - 📝 Document mis à jour : 69be6dc4fce7f7dab8fe312317695f12ab0310ff9907901abc432f9b909a7df5
2026-05-28 01:04:37,020 - INFO - 📝 Document mis à jour : 2534b9a7614253a78b06102cfc289210b7bb5217e76e39327d96a00145749c65
2026-05-28 01:04:37,021 - INFO - 📝 Document mis à jour : 21aefddf31b3a5ee708aa7857cff544689c99698bedc9327bdd31bbe4577f6b9
2026-05-28 01:04:37,021 - INFO - 📝 Document mis à jour : 2cb3e628460191b48a40163b478a02327c4e6884062ea448ee48969e5becffbb
2026-05-28 01:04:37,021 - INFO - 📝 Document mis à jour : 7c1e749729ef90bb45129371e2fd1905ae869783d56466a8a0c67beb1097dfaf
2026-05-28 01:04:37,021 - INFO - 📝 Document mis à jour : 86235852af29fb590aa8bda6731cac1d9ec7b8d0068ee59087b96c2c394ad798
2026-05-28 01:04:37,021 - INFO - 📝 Document mis à jour : 9f354d981d5a731f468d46fa0875ee1c1ef41b246bdf7767b6135eb3e9740601
2026-05-28 01:04:37,021 - INFO - 📝 Document mis à jour : 69f019c6336ca7004ef532d0818accfac701def0e29dddd165393758d00b3412
2026-05-28 01:04:37,021 - INFO - 📝 Document mis à jour : 3e5c805e8021b64bd1af6a3d3f2f479ae83f36d71426cf865bf2d32360e4ea2a
2026-05-28 01:04:37,021 - INFO - 📝 Document mis à jour : 4f08a4251e37de7c27ed773c5720f895e77f98ff1a70418d57e37dccaed6c311
2026-05-28 01:04:37,021 - INFO - 📝 Document mis à jour : a76d5b81a55d6a514c4f4269d8bfeee6c59b5d84fc33e6d3b96c5f038b22b255
2026-05-28 01:04:37,021 - INFO - 📝 Document mis à jour : 5161f632abb48223f3f734907c20cbc449d9e1f734752e03ad7131fe902adda9
2026-05-28 01:04:37,021 - INFO - 📝 Document mis à jour : 79ebf1093b907f4615eabe41c46b575a595948ec1b966098569e66fcee05e1b9
2026-05-28 01:04:37,021 - INFO - 📝 Document mis à jour : f30d277cf5062cc945f94d4740ce86e93c6a9d1ff6a8e78493774ce206a666c1
2026-05-28 01:04:37,021 - INFO - 📝 Document mis à jour : 9bbf5943bd35e71f60e82a606e03fc4bf842b0b2bb7ad141129bbf8cc976b1af
2026-05-28 01:04:37,021 - INFO - 📝 Document mis à jour : ceda069aae8968d84b867aef1642131b1a0719954675ba9d18312a3183b1ffeb
2026-05-28 01:04:37,021 - INFO - 📝 Document mis à jour : a764713e17dcd4f92a47fb5347ddd4d984845cff94493e7d48e1b9aae9ebfe4d
2026-05-28 01:04:37,021 - INFO - 📝 Document mis à jour : f952642e2c042dc2a4a9d4b49a53b5eeeed55a948b761eed36293d75e6a08fb6
2026-05-28 01:04:37,021 - INFO - 📝 Document mis à jour : e04af7d1783af13d6926db6d22bf391e7743294a1ad3dbc90c41dced73d8f386
2026-05-28 01:04:37,021 - INFO - 📝 Document mis à jour : 8ab93dcb45df58a0e73850a140070c812f2ea517cc16b4d09251414f2670d7b8
2026-05-28 01:04:37,021 - INFO - 📝 Document mis à jour : 005a1040bdd25251b3ed31e0e62bd967bb77383a067d551d042109d1bb35c59e
2026-05-28 01:04:37,021 - INFO - 📝 Document mis à jour : 13ca5199c5e23017ff6884076a59bddb8dea7f89cf216d53e635ddc80cf5c721
2026-05-28 01:04:37,021 - INFO - 📝 Document mis à jour : 79f071dc04ec48b7df89ac5cecc21f86aab735621375d92f3d2c9058b83cca07
2026-05-28 01:04:37,021 - INFO - 📝 Document mis à jour : c7dd09d741c32bcf75591a90cdf067bb66a5e221c1e11a5c21d1771a15e356e5
2026-05-28 01:04:37,021 - INFO - 📝 Document mis à jour : 6d3b872f625bd2ff6d348e897cb9d93287e0406f4c73a9bb3bb23dc6be1198f0
2026-05-28 01:04:37,021 - INFO - 📝 Document mis à jour : 10a4b28cc699337a94f6a9f4b872aa792940bacbc3e5f4682cdd8a43135f6af8
2026-05-28 01:04:37,021 - INFO - 📝 Document mis à jour : 17238201fcc6c8c19d84fc357a1bc9cd7ea27209c92be19cef2585a59541a6ba
2026-05-28 01:04:37,021 - INFO - 📝 Document mis à jour : 1cac3497c931a5adaa9568dbd2be3ff73edf707f45654e67f23db63c4a46c382
2026-05-28 01:04:37,021 - INFO - 📝 Document mis à jour : 554212767ea64ca1600c14ad66ad62697f80e84e13f8aaea0c8c79f4b17f7f37
2026-05-28 01:04:37,021 - INFO - 📝 Document mis à jour : 16b156d42f202eb49f811e6740bc5aa5edd8db3a51f61ca5aa97a33257ba313c
2026-05-28 01:04:37,021 - INFO - 📝 Document mis à jour : 494e4bc2b6fa80d25ba27f67d9c91eff38600e79eeb5b297aae90b3138a39228
2026-05-28 01:04:37,021 - INFO - 📝 Document mis à jour : cc38f437ab742916997f9d7146eee3b13929c7825b40523709508d90d85f8f48
2026-05-28 01:04:37,021 - INFO - 📝 Document mis à jour : 831526a8f32f5c0e6146412639fd9b272d8ddde074f98e567031a225065df680
2026-05-28 01:04:37,021 - INFO - 📝 Document mis à jour : cd3afbbc062548524df3a857d2b4dde53f58bdf6ccd426ca1bb7e7baa31cca98
2026-05-28 01:04:37,021 - INFO - 📝 Document mis à jour : 059bb433d33d6425033dcab8e02de7f2445da759b3985316f54d5b8faf5c7e07
2026-05-28 01:04:37,021 - INFO - 📝 Document mis à jour : c080adbac4cef5fbeeb9c7107b69d411b711c62a2505df3fe51241260388d964
2026-05-28 01:04:37,021 - INFO - 📝 Document mis à jour : 72293f05fbc45d4d662e6c14dcc9c8b7db41f57550f074daeadf2ab0bff7e61a
2026-05-28 01:04:37,021 - INFO - 📝 Document mis à jour : 75bc5ac384e980bdae844d431b9a94d86ce6a469052695453806e19b6a6345a5
2026-05-28 01:04:37,021 - INFO - 📝 Document mis à jour : f701354366ec3682649603321e0898962008f7addae1bfb65b21f4a8a42bbf9a
2026-05-28 01:04:37,021 - INFO - 📝 Document mis à jour : 23652b4a889b06d977738f3683a0e883c6b73cc02d04810aa434f39e84f9ca9a
2026-05-28 01:04:37,021 - INFO - 📝 Document mis à jour : 9075ed84c077b60940a840bc310f764e6569b313694df03825d031b536918843
2026-05-28 01:04:37,021 - INFO - 📝 Document mis à jour : fc5227bd713e0008ddfefb4b8a4e3bfecf54ebb109784d00ddabf51a29ed5d78
2026-05-28 01:04:37,021 - INFO - 📝 Document mis à jour : 818641ea56ecb73d4ee71c035d73c53aedc30cb43f87df13100f09c0414aa8ae
2026-05-28 01:04:37,021 - INFO - 📝 Document mis à jour : 9d3642bacb36d99a4282d9e4211be03902f7ea95369eeaab5cfd5ba0c402f4ec
2026-05-28 01:04:37,021 - INFO - 📝 Document mis à jour : 0169b3927ab9387bedbcb3bf03533418182334ad0d426bad2fbdcbb82b946c00
2026-05-28 01:04:37,021 - INFO - 📝 Document mis à jour : c89391e6b59f72a6935e90a3de293435760b9c8afff09292ca864099476b1619
2026-05-28 01:04:37,022 - INFO - 📝 Document mis à jour : ca8de29cd00bf19069f0ae8317f8f82d34edd518eac7d9069b198bcb4fad5dfb
2026-05-28 01:04:37,022 - INFO - 📝 Document mis à jour : c0f95d9ddaf5f9811edf0ad9d058554fa8ab0e0121ec719ac1c83c9548e73674
2026-05-28 01:04:37,022 - INFO - 📝 Document mis à jour : 9c8679e4080dbc17104fdd28aa54b58299804bc14bde2242d4230ea51bca07f7
2026-05-28 01:04:37,022 - INFO - 📝 Document mis à jour : 2ceb2b74d8b108318dc3da8e4c5880366ab5ecf1421b2b006e976ce0e8475bc6
2026-05-28 01:04:37,022 - INFO - 📝 Document mis à jour : d936e9cd4e84eeee6710ec89635ee908fad4097d03627a729b1625d25e265d0c
2026-05-28 01:04:37,022 - INFO - 📝 Document mis à jour : e76443bc0dca4c98f99483b49044866412c241dfaf217ab6c38355737db22e51
2026-05-28 01:04:37,022 - INFO - 📝 Document mis à jour : 3d75f9dfd8d62280fa2ce5d964fde3421f6eb51026026adbce03c9fc0b2d99aa
2026-05-28 01:04:37,022 - INFO - 📝 Document mis à jour : e66f4cc117456c06e6509e3fc07945feb59cec712e45d0e28cd6ae0129e1f3d0
2026-05-28 01:04:37,022 - INFO - 📝 Document mis à jour : 3ea934b0cd6ed935c89ed150cefc96f7a27b9f4038f7d854b351d4796ff3affd
2026-05-28 01:04:37,022 - INFO - 📝 Document mis à jour : dd1e0bd2229cd145a982140fb5801fd5badf1cf43a415f3076edd85baa2e039f
2026-05-28 01:04:37,022 - INFO - 📝 Document mis à jour : ec43178ab11932fc2250a4ed42aae699ae2a395f3fb60507d3cafe3ac2a3b459
2026-05-28 01:04:37,022 - INFO - 📝 Document mis à jour : ec453866795f84c8ddfac1b3ef2457d2907ce8c023f4a1cdf4a6f22f1731c891
2026-05-28 01:04:37,022 - INFO - 📝 Document mis à jour : f07c1c30240e1449bf444945575ea6c7f122c22ea58929563ab2c6be8b90e2c4
2026-05-28 01:04:37,022 - INFO - 📝 Document mis à jour : 9d40589830484dae58b9878d37a810989e1e9e1bc1b7774269790c75a43755fe
2026-05-28 01:04:37,022 - INFO - 📝 Document mis à jour : b40efcc74a4a98df6bb91ea50fbd922c5f93e26c69c25606a8832c52d5ab4ce0
2026-05-28 01:04:37,022 - INFO - 📝 Document mis à jour : e04bf397e7b003a5b5b4a939454ce4b071bdaabb80fc4385f9505514efe32abe
2026-05-28 01:04:37,022 - INFO - 📝 Document mis à jour : 8ed28b5c98104e3a5a3b98f4c2c00db5ea66d328acd873aa9ab519ff3fb26b58
2026-05-28 01:04:37,022 - INFO - 📝 Document mis à jour : 645cf222566cebbcc7521ece89de859dbd5fdf433a3115bb2e14b33cb89af130
2026-05-28 01:04:37,022 - INFO - 📝 Document mis à jour : e8a6bc43b7ebdff5cd2cd8be7494dffc53d007af08e3871673c3725aa508893a
2026-05-28 01:04:37,022 - INFO - 📝 Document mis à jour : 3696b7cf033186ac5368a0afeaf44e65e582b99235322b4b6bb82ae106210bfa
2026-05-28 01:04:37,022 - INFO - 📝 Document mis à jour : 223ee72336554a989f05a4fa0d52120a68d7bfc73f32b3e41ecb987700905901
2026-05-28 01:04:37,022 - INFO - 📝 Document mis à jour : 607c4da2b24be3060e315604eb8269c27ae6ec07f72dbdb723cab2b8ee3e18ee
2026-05-28 01:04:37,022 - INFO - 📝 Document mis à jour : 750a0a9200f19e761f859abbe26fc6825a758cff3ac6db90e62ae9444097edf3
2026-05-28 01:04:37,022 - INFO - 📝 Document mis à jour : 3340d35d0738cf7961500f7395bd363a889451732fc4ce54ca38228d17b0dce5
2026-05-28 01:04:37,022 - INFO - 📝 Document mis à jour : d8acb27d70bc3d1d9e2bc6c0a0f94db28c7979cb1de0943fa8c6f4367cec062d
2026-05-28 01:04:37,022 - INFO - 📝 Document mis à jour : 06c3af944df0f92d01f2e13909be1737d37d8ef3e66ba8be69fe9961d290eba8
2026-05-28 01:04:37,022 - INFO - 📝 Document mis à jour : 3c72813fc6237e37c7ac199e7ea5db35748eda10b3bfa7b0ca54df0143d0116c
2026-05-28 01:04:37,022 - INFO - 📝 Document mis à jour : 9456c662ff3d5470b3be472e43b3559daf6a6d4cfb89b39fb8130c7e9c792ed0
2026-05-28 01:04:37,022 - INFO - 📝 Document mis à jour : 42d68292c59172ac472ba7a291cd11a013143545a081aa72f9d0bbe0edf6829f
2026-05-28 01:04:37,022 - INFO - 📝 Document mis à jour : 27bae486c70a9638c67ef941b1c4d999167257f1a2c69827cc83af2885c4124f
2026-05-28 01:04:37,022 - INFO - 📝 Document mis à jour : 81bc4adfbb6e1548b4f6eddf9ad7c1d2766da294134ba82b90de72f710d6eab9
2026-05-28 01:04:37,022 - INFO - 📝 Document mis à jour : 82089ff9689afa03a7702668b67e2d2e17ba923d1ac200a6fb2305c460334bec
2026-05-28 01:04:37,022 - INFO - 📝 Document mis à jour : 311acede8ac7b36a717be8b86f5122125e2352984d31bed8768d6084badcdcfb
2026-05-28 01:04:37,022 - INFO - 📝 Document mis à jour : 74d213820af47f200655e6f68c5eb9df511e65e4c8753c26e75776da3bf87343
2026-05-28 01:04:37,022 - INFO - 📝 Document mis à jour : 13bee112e04f9d146ead6418c7e013672b90addab6d337332fc624ee6182a6be
2026-05-28 01:04:37,022 - INFO - 📝 Document mis à jour : 0e0afa9dbec011cbb88da624fc84e74aacbb949378e86a00561da40e61e49dd6
2026-05-28 01:04:37,022 - INFO - 📝 Document mis à jour : aab3bb7be4abe56acf7758ebde30235188f44af3e60a85731c5db24af8220344
2026-05-28 01:04:37,022 - INFO - 📝 Document mis à jour : 3f2f026155d31edb6fa5f61629de07c27729bb5733935082c24a35f0dbc252e1
2026-05-28 01:04:37,022 - INFO - 📝 Document mis à jour : 74c6f13fcd3971c50dc1282ed7806e03978a650b15d091717da0b99cb08b1a02
2026-05-28 01:04:37,022 - INFO - 📝 Document mis à jour : 4b192a092f08086e10557318c7ad7ef394751c9a6c02de96923e51755e53ae77
2026-05-28 01:04:37,022 - INFO - 📝 Document mis à jour : 69d143de91e42ab732437212abf7f7cc2e14ea90fd0c238043b4faafe1f79b10
2026-05-28 01:04:37,022 - INFO - 📝 Document mis à jour : dcd8c8f48acd937c4974df771f51b5fb065992ee6dc655c5ce434c17f2cb714f
2026-05-28 01:04:37,022 - INFO - 📝 Document mis à jour : d12c684df3389f4de7ffbf65f50faa7188fa85ae2cedd65949851709946bc88e
2026-05-28 01:04:37,022 - INFO - 📝 Document mis à jour : 1fdbf38ad63e5ca5b920d3e3abc9f7d3e407e695123b4c100168faa046401f16
2026-05-28 01:04:37,022 - INFO - 📝 Document mis à jour : 1794261ec0ee7c78f40a31aab0953caeaa5d06261df3aa483787320acc973564
2026-05-28 01:04:37,022 - INFO - 📝 Document mis à jour : 69029865e8feb6cbff6baa7aac1c21e65b8d2fa77e2f9216d2104841afff1cdb
2026-05-28 01:04:37,022 - INFO - 📝 Document mis à jour : 940dfc377b224b186970bee00a65a80fb4b0f1460bb7ccaabb795e33a41ee4e4
2026-05-28 01:04:37,022 - INFO - 📝 Document mis à jour : 080cd509e17465b31289c6132395728f9df43f965c435a501cac60398d88f251
2026-05-28 01:04:37,022 - INFO - 📝 Document mis à jour : 339cda2bd788e30f875e457616b045d89e571a80e00012f1d812cad08dc863d1
2026-05-28 01:04:37,023 - INFO - 📝 Document mis à jour : 7e8d1651f1b533b0c20b567675ac6938468077ff98aa1d414ce506089f77dace
2026-05-28 01:04:37,023 - INFO - 📝 Document mis à jour : f1ee130a8d371b64618c442f5839533bde9ab03564e4622a509f3c26bfbfb42b
2026-05-28 01:04:37,023 - INFO - 📝 Document mis à jour : 4260917129dce64b0cf006ea162dfc115422970c20d58a14edde823af0cfe7aa
2026-05-28 01:04:37,023 - INFO - 📝 Document mis à jour : 6f703ffe265837f190d014a30906d339cece53b81c172cb25bbe9070fc7765d0
2026-05-28 01:04:37,023 - INFO - 📝 Document mis à jour : d0d1195b1ad58373597a9891739677996340f40e6c95125b9b5d75ad8c200f65
2026-05-28 01:04:37,023 - INFO - 📝 Document mis à jour : e6b4c4435566a1fc8d3ec209171d6c24e8b93bf0fd3458e77d152cd9a83cc408
2026-05-28 01:04:37,023 - INFO - 📝 Document mis à jour : cc264afae96701df3a9213ab506cb1786dd96f3f95f0f0de3caeed20698e0eb2
2026-05-28 01:04:37,023 - INFO - 📝 Document mis à jour : 213870f0e8ecc3287498f2aaa4d05885608872edde2c696cde64846411f315fc
2026-05-28 01:04:37,023 - INFO - 📝 Document mis à jour : 988ffede805029dce1af87d3aec139e2ef33b4baed0a59eae9652f062f8d4886
2026-05-28 01:04:37,023 - INFO - 📝 Document mis à jour : 752a98d78a880f3e2a28810e97f05f421c56bceb98b5e901ffbc214d22f25d03
2026-05-28 01:04:37,023 - INFO - 📝 Document mis à jour : 4c3d53b27df7294d55cdb8ad6336bfe1c1cd571d93cffc324b6dd9e29c28b086
2026-05-28 01:04:37,023 - INFO - 📝 Document mis à jour : cbd6b47b9db54ac9f389e5606183c0dfabfb2f8662bc5a5320e09dab1ff6b4db
2026-05-28 01:04:37,023 - INFO - 📝 Document mis à jour : f308e86beb31c297aa343abdb1246c60dd02d647c258f234c2e7ee87afea87a4
2026-05-28 01:04:37,023 - INFO - 📝 Document mis à jour : 3b2f6a5f1b53ec48c64818a5ac2accbd3abaa50b362bec8ea2580d1ead8df801
2026-05-28 01:04:37,023 - INFO - 📝 Document mis à jour : d660e734918347f13c41b78a9909b5daac5d2bc66e06d5299937aea6fbc63938
2026-05-28 01:04:37,023 - INFO - 📝 Document mis à jour : 714c4ce8d02709d8f67e44de7bc81c15e8aefc33152834436842c58f5422341d
2026-05-28 01:04:37,023 - INFO - 📝 Document mis à jour : 87a0548cdfa8efe3bfe6f37a31c118ad5905f603f0c2df3a65a9901dfc373ccf
2026-05-28 01:04:37,023 - INFO - 📝 Document mis à jour : cdd2957ff8a00a2357c3eee82f3e47126b2250e7f65545b70f11c3b97a98f322
2026-05-28 01:04:37,023 - INFO - 📝 Document mis à jour : 623863fe88a6bd447c28ac2fa83e817bb1f50948606ad58539729d782189dacd
2026-05-28 01:04:37,023 - INFO - 📝 Document mis à jour : 6ea7972ad772cb07f77ed00236f8e917fff39defd7e9d37b9b384744a0517b01
2026-05-28 01:04:37,023 - INFO - 📝 Document mis à jour : d58d33c72eb8ba5b46f582f88c553ccc67c02535fabf8f162e15f0b7d3c885f2
2026-05-28 01:04:37,023 - INFO - 📝 Document mis à jour : 8b26968477d0cd19e5dee00e1765e97ad020f3e49ed09bfc87f24bb4c85d655c
2026-05-28 01:04:37,023 - INFO - 📝 Document mis à jour : e45b60eac3ca4b17b36d3b84bfe3e62aff4ac513949c17e05f665e325ef8a049
2026-05-28 01:04:37,023 - INFO - 📝 Document mis à jour : 8de3e4de4e9117647b5659b4b29bd9243c8b576ace4cb5968bab7dd08c95df0e
2026-05-28 01:04:37,023 - INFO - 📝 Document mis à jour : 0dd022c8027f0d8ee21ecc6bd9354c8ab2c9804edd29132c656368cf86f6a4cc
2026-05-28 01:04:37,023 - INFO - 📝 Document mis à jour : 518e00c9bd7ea3c8dd1e74bc20444a55e2e1340ab9170fc1cd2953c01a7e8a6a
2026-05-28 01:04:37,023 - INFO - 📝 Document mis à jour : 115532d7326f85cb54cb2a86084b4ab0fa61f1a32c582485b15d1c1cd1c7fced
2026-05-28 01:04:37,023 - INFO - 📝 Document mis à jour : d8fa3d268e4c1fad4a9d7cf27d92954591de84c59ec8ae545f564ea42081e32a
2026-05-28 01:04:37,023 - INFO - 📝 Document mis à jour : 08eb84d47a0089263bbef7386f3110ec58e431da6556ecbffa31b4812ab995c7
2026-05-28 01:04:37,023 - INFO - 📝 Document mis à jour : c8dc74d44c859adbacd0bf2d38d25aaa175e17dfe458a79728cf0e8724d36898
2026-05-28 01:04:37,023 - INFO - 📝 Document mis à jour : 735b4467680efdf0a442d876044b7568716c9ff29c1d8c0d61258aa50bc42f85
2026-05-28 01:04:37,023 - INFO - 📝 Document mis à jour : 33986fdff66ee06b173ac43dd77b5ffda9ba79cbde74db0aac375006f0f087a2
2026-05-28 01:04:37,023 - INFO - 📝 Document mis à jour : 04c7719ebbd4978bd7c43b0ff8e726dc149b8bfa374c6f75d447cd1af71b966f
2026-05-28 01:04:37,023 - INFO - 📝 Document mis à jour : 3c88ff31f3f70d6ce44db9da1e92209017b1c838de2775e65649973a83eb8af6
2026-05-28 01:04:37,023 - INFO - 📝 Document mis à jour : 9848ecbd37b532e18132d0d23adb12b2b620f176c0bf0762ede9c6b7ddb7b281
2026-05-28 01:04:37,023 - INFO - 📝 Document mis à jour : a842d8d8bc502c8f2a39ebf80cc847aabc9c67a6b02b9dc7bcb6f7df854cd234
2026-05-28 01:04:37,023 - INFO - 📝 Document mis à jour : a52ce294efb50c954bd0afcc62833c7a05093d5503e23049b22b9271e3adc23f
2026-05-28 01:04:37,023 - INFO - 📝 Document mis à jour : ef752c0710f3b26c7fe9ec1ca57c69c8bc76e05d388f9885965b6593110fa2a1
2026-05-28 01:04:37,023 - INFO - 📝 Document mis à jour : e3904ca4374d400526ea925d1f604ed9fd5a9960febd38679bcb2666a2f1e590
2026-05-28 01:04:37,023 - INFO - 📝 Document mis à jour : 4898d8da24222d76380e611de077488898e8c6443313e61ab3e2c91ee85fc2f6
2026-05-28 01:04:37,023 - INFO - 📝 Document mis à jour : b35567fa1b4ffbb94577ac92e5075f2fa08faa77cc1dcb2896a8695c20d76cf5
2026-05-28 01:04:37,023 - INFO - 📝 Document mis à jour : 4fedf5fe62c6a78cde385f088e1c82154da54dadd782a3634956ca205d68f28c
2026-05-28 01:04:37,023 - INFO - 📝 Document mis à jour : a1f6f8831763baa6c946dd13c53200e701ba72c9df94693737e6084892de40b5
2026-05-28 01:04:37,023 - INFO - 📝 Document mis à jour : f723f41e724034a8ed40ab78bfbc30dbd3a7a45598f059ea0d9e1ce5f6bfc4fc
2026-05-28 01:04:37,023 - INFO - 📝 Document mis à jour : b0ed7eb9e65ac4a9407be7c1e4665ecc8625421d48f851c980ec0b62fea23bc2
2026-05-28 01:04:37,023 - INFO - 📝 Document mis à jour : e11eebb0144325febcf40c16de368f28b318b6919dbc4da6c937c8cf94960790
2026-05-28 01:04:37,023 - INFO - 📝 Document mis à jour : f2e77eb17204377b265de0b533aa4a4dd47cf32c19482d6c6e70cc8aebd33460
2026-05-28 01:04:37,023 - INFO - 📝 Document mis à jour : 030228e575d66f93b6b5f6d3db13110685debd2077a86824c45b9bb4f388af13
2026-05-28 01:04:37,024 - INFO - 📝 Document mis à jour : ac34ba107bc24810770dedcd9279e74bced09d4025543b4c7026490eef58277a
2026-05-28 01:04:37,024 - INFO - 📝 Document mis à jour : c4a8df52be02f65c670eee47663929b15e44b5ed159eac62cdfbb970d64544ad
2026-05-28 01:04:37,024 - INFO - 📝 Document mis à jour : f2dd467768c5d949a59ece4ea6ce953026cbf469d0805eb2249c207dab76e8e0
2026-05-28 01:04:37,024 - INFO - 📝 Document mis à jour : 31df040b94ced1ba00a47c046dd61e3399d191cf322d701ed04a04cfe0aa23d7
2026-05-28 01:04:37,024 - INFO - 📝 Document mis à jour : 4aaf2f66adcb74ca25aa59111a9789c0d1018a0543e3d354e7aaf595338ba80f
2026-05-28 01:04:37,024 - INFO - 📝 Document mis à jour : 1b3da169460cb24750459e5130acef5d9eab1c377f6f4c22a02e2514e6d49cf8
2026-05-28 01:04:37,024 - INFO - 📝 Document mis à jour : 075646d8765aa1e87a0d2d0fb0d186f5953ec70938b89249d34b046ee4f771f0
2026-05-28 01:04:37,024 - INFO - 📝 Document mis à jour : 3d02c3dcabb6d618e96593df1b8193fe4230b29d7ffc5f24c535c2807c167755
2026-05-28 01:04:37,024 - INFO - 📝 Document mis à jour : ca1ca38a103a933059beb531c83b24e6536a305acdbd7b2afe56484581daa61d
2026-05-28 01:04:37,024 - INFO - 📝 Document mis à jour : a4e6f05311e304efb54f472758fe9c42791b9f8cda264e966416161fb89c48f3
2026-05-28 01:04:37,024 - INFO - 📝 Document mis à jour : 523a3bc8a10758ac39d72ab934711fe1520d9278b5723ce55621c619fd9784e3
2026-05-28 01:04:37,024 - INFO - 📝 Document mis à jour : 95232bc6c658c73e5c685d688410d086ddb4dc42175aefab75bea7f161b833f0
2026-05-28 01:04:37,024 - INFO - 📝 Document mis à jour : 3b99c93d8ee45e0d93a602518b13ff1e7148bb1130f6f3f26b276ac13f09cdaf
2026-05-28 01:04:37,024 - INFO - 📝 Document mis à jour : 009cd994a34a954cf1a6512b986945c5d6554171e5d9cb865b993e6fba91217b
2026-05-28 01:04:37,024 - INFO - 📝 Document mis à jour : 264af8bbefe9cbffe88af050a77dd96d2681dc6fb4e2002fd8f1469d9bef6e05
2026-05-28 01:04:37,024 - INFO - 📝 Document mis à jour : ccbefb05f1879dd20a1b40fcc9c27e139031325ad6c91ec91e0288913c450f13
2026-05-28 01:04:37,024 - INFO - 📝 Document mis à jour : 25809e97a43725809aa4900a91087d138b372c9e74dab91ca75df4775342456d
2026-05-28 01:04:37,024 - INFO - 📝 Document mis à jour : 50d516c610629adf003da8949a128ef8b5ed702c3ea325a4f6c7d5063b412fc3
2026-05-28 01:04:37,024 - INFO - 📝 Document mis à jour : 63486c72a645aef627e71b3ee0a5e50ea652ae7da336fb62982d81ea81126d80
2026-05-28 01:04:37,024 - INFO - 📝 Document mis à jour : 0b93979aa5c902c4d60e6d023bf96feffec25cc2aff198a51fbf57dd7650ed42
2026-05-28 01:04:37,024 - INFO - 📝 Document mis à jour : bf63d7542cfc7062ff3d298ebf5710b75414e241d90bfeb1db797d8f85b305a7
2026-05-28 01:04:37,024 - INFO - 📝 Document mis à jour : 396716314364f8d67796b6290d7ec1f15a0425ac0fddc3f2f9db79cd968007c4
2026-05-28 01:04:37,024 - INFO - 📝 Document mis à jour : 9e8d502e0149b2d89d01290f66a1dcdff3ecc2c7ff7504c9759f8f6b373e5f46
2026-05-28 01:04:37,024 - INFO - 📝 Document mis à jour : 900c882bc363c14d1c31e8d7485ecbbf663380f6dec5beea90edac02cf657d68
2026-05-28 01:04:37,024 - INFO - 📝 Document mis à jour : 2f2fea0d06cd2d3fcb2435d6f7b0e173acf579c063bae1cd93cf2225da42aa56
2026-05-28 01:04:37,024 - INFO - 📝 Document mis à jour : 86ba6bbf167597235b7f205b1937ddbd999da92d5c431f327ae6c8fee4353e3c
2026-05-28 01:04:37,024 - INFO - 📝 Document mis à jour : ae2b47c0ff510c257aec724276edc69d4e3f3e2f6db7a8e4b1e0456d984d166c
2026-05-28 01:04:37,024 - INFO - 📝 Document mis à jour : d55052a932cfe0e4548380c777b025416f07dbe13bf500a2dd389e736125f0ca
2026-05-28 01:04:37,024 - INFO - 📝 Document mis à jour : a9c7060560f1aeb45d11b901a6ee120ad1061aafeeb0247f12bcca72adcc4801
2026-05-28 01:04:37,024 - INFO - 📝 Document mis à jour : 96225f9513dc090e709661163427a8e20d574e90d1c5c7c4fa6d79416cb4016e
2026-05-28 01:04:37,024 - INFO - 📝 Document mis à jour : 7e536670c9a08fb2cacd47c1f02c31a7db5eb7f615ad72282d5128118c5ec31f
2026-05-28 01:04:37,024 - INFO - 📝 Document mis à jour : 7cd70f59b6af3b36da3bf7e715f900e1890b6c9db85afe92f9630838799a1b8e
2026-05-28 01:04:37,024 - INFO - 📝 Document mis à jour : 5063676ce8d7a4578584ee1f8f33e9aada691eb0a2e5cd6de9cd3ad53b1937d0
2026-05-28 01:04:37,024 - INFO - 📝 Document mis à jour : dbd82f5aabf149e29a5740856400aec1b2e0b5ace4a94d38ac6b57ba6ff45851
2026-05-28 01:04:37,024 - INFO - 📝 Document mis à jour : 6e874e37b932abe2ae20779e6d97e5a9b736e961c69cd5e36d62a0504294aacf
2026-05-28 01:04:37,024 - INFO - 📝 Document mis à jour : 3e1ea1979f5f18d6af910be7caaeeee297e683024bd15d699606f3e72280f75b
2026-05-28 01:04:37,024 - INFO - 📝 Document mis à jour : cda69035145482810a66b24eb8ae690c7327dfbe43659c59597a4bcdf14bb396
2026-05-28 01:04:37,024 - INFO - 📝 Document mis à jour : 36aa13ff48bbcd42401ecd8c0642669c67689a5bc4fc59995f7340b23310603d
2026-05-28 01:04:37,024 - INFO - 📝 Document mis à jour : 5f42901ce9e54fbfcbeb38ffe952f9d1083fc58b66eef10ad7c829b11572b587
2026-05-28 01:04:37,024 - INFO - 📝 Document mis à jour : b3d15cf3fc1d2c96970cf36563eb3f7593cd688139da543731187c8fb1bf3a9f
2026-05-28 01:04:37,024 - INFO - 📝 Document mis à jour : 26852c01a2a9e763cde39825038fabefee103245afcd13fbe7871b221a723d61
2026-05-28 01:04:37,024 - INFO - 📝 Document mis à jour : 3cf76eaffdef75783d4e0cedc185b24e081a2834f2774f0cff260174718d90bd
2026-05-28 01:04:37,024 - INFO - 📝 Document mis à jour : 367e4d3fbdb008a887b6d42de1b6760b8b1a2883a040a21988c041dbb12e74b0
2026-05-28 01:04:37,024 - INFO - 📝 Document mis à jour : f49ae8e2fff7556011637cba1ac5e82c7b1c1a2de962f6d667e269702446812b
2026-05-28 01:04:37,024 - INFO - 📝 Document mis à jour : e7239b63804df7c0f576366dc0824899fb20885c42ba59dc79e1bfcf2078e8e8
2026-05-28 01:04:37,024 - INFO - 📝 Document mis à jour : 8d4ba3711c824ba7b0a171d77d3387db3bb40e25494682a64403a8d08e517b54
2026-05-28 01:04:37,024 - INFO - 📝 Document mis à jour : 9653a5345d312f03c0da3fb4f8c819eca8f082058d2c7ae1ef62c37970e94cab
2026-05-28 01:04:37,024 - INFO - 📝 Document mis à jour : d6b39eebc0c0a305ce624106b6f72067adc8201926fb005f1a24e3499bbd2eaa
2026-05-28 01:04:37,024 - INFO - 📝 Document mis à jour : 5c225f424e2cdae980781504497a63f8cb2ee9f39ca7ef8c609d76f066b8b923
2026-05-28 01:04:37,025 - INFO - 📝 Document mis à jour : 0233d7840f665fabd05ffca0ef7b2c428cdf07b7ebf6ddece67a579f03c1dc14
2026-05-28 01:04:37,025 - INFO - 📝 Document mis à jour : ef911c470cc525fa42a1c4ba572648237854b08a5caa54f86b43ce7fa733ddbd
2026-05-28 01:04:37,025 - INFO - 📝 Document mis à jour : 33258fd6057e622c6d0c24fb01edab45542a130ecbc6b2145b6731baf92927c3
2026-05-28 01:04:37,025 - INFO - 📝 Document mis à jour : 50852894226e0f7fe0a994378e3e26f9244083442020b06b78882e75211af851
2026-05-28 01:04:37,025 - INFO - 📝 Document mis à jour : 0f17f9dfea4f4453d2c5df7a4ee8cd5692562cfaecee65ad27b8e8511ddd4d34
2026-05-28 01:04:37,025 - INFO - 📝 Document mis à jour : 91e39313b54cab974b12bb181f22e5dbec918e1eb440cd59e3beb4854336af12
2026-05-28 01:04:37,025 - INFO - 📝 Document mis à jour : 2733fb79b068f60ea09b1382a08f1b01081941873125f7043a714811b4c265d6
2026-05-28 01:04:37,025 - INFO - 📝 Document mis à jour : 385d585143be5a0646ff7e8635f6f38ba37341ef02c4ee39338f75629abaf08e
2026-05-28 01:04:37,025 - INFO - 📝 Document mis à jour : 5e5e13b6ba3b79fdb7584618accb62aff8641a19a53833675f8fc669b720b819
2026-05-28 01:04:37,025 - INFO - 📝 Document mis à jour : 21c68baf49d52fe9c2a90f32b781c03f59e42cd9afa418b328f999a1f3a252d0
2026-05-28 01:04:37,025 - INFO - 📝 Document mis à jour : a544b32c04141d719434a7a3f54ada265d06205312b93f65fc25cbe60298ccdc
2026-05-28 01:04:37,025 - INFO - 📝 Document mis à jour : 35743c77da6bed2d405e347c972e67a1ae257ec84a251d0189e4d63ac6a5b216
2026-05-28 01:04:37,025 - INFO - 📝 Document mis à jour : d26acdbbac54b510e43987f825890f900736365c25232d2bc024dd6acddfa9f1
2026-05-28 01:04:37,025 - INFO - 📝 Document mis à jour : aaca38ba63baf347382b6ea911d132d2f9c2f4f530020e81bec22779ac08ddd4
2026-05-28 01:04:37,025 - INFO - 📝 Document mis à jour : 365dd92ca0d2d8cf2adc5718a734fab4f7b735139e1878bee62e60c5f6a47182
2026-05-28 01:04:37,025 - INFO - 📝 Document mis à jour : 6c22897c947ae36a2b4a02356bebd3e645284ae7194e4ad6dce1beaf7732b087
2026-05-28 01:04:37,025 - INFO - 📝 Document mis à jour : 57640c46a81e59843f8200fe0606ad5e3441737531c3f9db7737383c3027948b
2026-05-28 01:04:37,025 - INFO - 📝 Document mis à jour : 0676a154f74a55ba5ae06ca24e7d30a9b756f2ec93fd5b28b2714788b7c44376
2026-05-28 01:04:37,025 - INFO - 📝 Document mis à jour : c1c3720f6eb5cdee62fa595db1a40f10f532c65b71469d3197256abb13632d3f
2026-05-28 01:04:37,025 - INFO - 📝 Document mis à jour : bd35e30863a16c90f04cb5aad1a39113c65c5f618d9b1c4f2339f6c8e573d5e4
2026-05-28 01:04:37,025 - INFO - 📝 Document mis à jour : 93c5719b90cfa847879d8bcbaf0cd162a16f0d743a75148aec5d3eda1c772053
2026-05-28 01:04:37,025 - INFO - 📝 Document mis à jour : ccfca9522e5cfd4b1c563751d5aae97454281e3c7421884c7134ed0a764f9e25
2026-05-28 01:04:37,025 - INFO - 📝 Document mis à jour : 772041a2136e5402690a9311ec1da63ffc15cefa530a2fde70f43d9587e21534
2026-05-28 01:04:37,025 - INFO - 📝 Document mis à jour : 1a99ca632eb3889b90a60887ff2b171a09cec5c49c7e4e9714ceb88a2970be99
2026-05-28 01:04:37,025 - INFO - 📝 Document mis à jour : b9e75995dc45e4805288c617237a130530a4e8e8990bac4e93df15c0d37726d4
2026-05-28 01:04:37,025 - INFO - 📝 Document mis à jour : 6ff8fa1aa075fa72ca97f021c434832e6952ecb50a1ce2483d0dfa8dea82a062
2026-05-28 01:04:37,025 - INFO - 📝 Document mis à jour : f8eb5ac6f9ab3a8840a381ec39cde8c3d1ec34e5694d1cb467992aa09464dd31
2026-05-28 01:04:37,025 - INFO - 📝 Document mis à jour : 624e59b99c1f7f41fb7921894eb99afb4a83b516d99e6ca0824c80298bc0a824
2026-05-28 01:04:37,025 - INFO - 📝 Document mis à jour : d09dc6a728fb85907203479a2a93bf379b72ee8bf72e60b1a547d6222bbee231
2026-05-28 01:04:37,025 - INFO - 📝 Document mis à jour : e1b05b5739903ec959693c874868ec20133e5c574d081e54b37a1df3a5440cbe
2026-05-28 01:04:37,025 - INFO - 📝 Document mis à jour : da2acf0e3dd707bc3bde01aa21696e735d181de15380ebf4a1ea6581d1a9bb25
2026-05-28 01:04:37,025 - INFO - 📝 Document mis à jour : 07a566504af042a9147cbd6e5e39cf8720258a8dc1b3ed0cce1bd4dd20899be1
2026-05-28 01:04:37,025 - INFO - 📝 Document mis à jour : d65a90d4375ccc05445f69e92c59f5f3a1c7b3c961757c6883eeaff55d4c54aa
2026-05-28 01:04:37,025 - INFO - 📝 Document mis à jour : 8adfac59c2a529ea9f63e5fbec7fcd8542828c0659c736c28e5e53e7e41206bc
2026-05-28 01:04:37,025 - INFO - 📝 Document mis à jour : 2cb59010d807a212cf8c4bd5e64cd974556515feb49ff37bf3f1b872b675047f
2026-05-28 01:04:37,025 - INFO - 📝 Document mis à jour : 46bab113242aeeb4cfeac40235a9642bc865211cbe87123b944a22cac6cc0a18
2026-05-28 01:04:37,025 - INFO - 📝 Document mis à jour : 2941966cec3746288f6b4f3c8b86eb8c85bc682a0a80871a61978a33a1c11b5f
2026-05-28 01:04:37,025 - INFO - 📝 Document mis à jour : cd59b662aecf2106473aa2dd61448e9b5dc42f92e0a956084bae0116792f5279
2026-05-28 01:04:37,025 - INFO - 📝 Document mis à jour : d3fb0848a437ed35e06715a2d157f4892438dc544d2d52e97c927de8e0cc32de
2026-05-28 01:04:37,025 - INFO - 📝 Document mis à jour : 2ec4817ce4a11dcc7d76bf9933069cdde7e6fa40addb26b27ec2646011ad13a7
2026-05-28 01:04:37,025 - INFO - 📝 Document mis à jour : e5e6819c193adffaf1cee0f54bcdf64345d19488404f87d914441478a6c23120
2026-05-28 01:04:37,025 - INFO - 📝 Document mis à jour : 5f8954a8bcf9a2e8508059672e4facb38554880caeecd85739b4cfc62c8b502f
2026-05-28 01:04:37,025 - INFO - 📝 Document mis à jour : 6a10502c752594a940c815371b93d11519c3561e5287096f63ca50bf42ca7187
2026-05-28 01:04:37,025 - INFO - 📝 Document mis à jour : cee6fbb3c0dbc8d47dbb0451f1abb1feeba2744c265013b778e474d7f5cfc959
2026-05-28 01:04:37,025 - INFO - 📝 Document mis à jour : 582f0a6b863491c98e32d2c03961c33c8d9b06a737eb1203955f5f92cc1593f2
2026-05-28 01:04:37,025 - INFO - 📝 Document mis à jour : f75e4d6ca0f5484f121ec0b22b39aa968ff7f9045bf910b26cf0a7d1dc8914ac
2026-05-28 01:04:37,025 - INFO - 📝 Document mis à jour : ba2536c616409faf1e923dde62f76e7fc6cf8dee9e6b626325ebd297b8a38e59
2026-05-28 01:04:37,025 - INFO - 📝 Document mis à jour : bf8f6c04bcfe1467d0c0dba81b2efc75aea01b7ec2ef6a1175e2735745e3e9c5
2026-05-28 01:04:37,026 - INFO - 📝 Document mis à jour : 297e00b0d4f0161f2c99683acd145801d425465e95f1821b880bda08a3905316
2026-05-28 01:04:37,026 - INFO - 📝 Document mis à jour : d2dc78521d64f65ab3e97a4afe9893cc906d3933eb0da55d6254d9f5f604d5b4
2026-05-28 01:04:37,026 - INFO - 📝 Document mis à jour : c9536e7fcb14f6f209a59a3a40a1aeb571e875785c5597939ebea1d216e2798b
2026-05-28 01:04:37,026 - INFO - 📝 Document mis à jour : 33613f8c04f190bc25abeeb49497a145bcaa6cc138e6c4fef21e98a39c4ede0f
2026-05-28 01:04:37,026 - INFO - 📝 Document mis à jour : b37d7dd2a362ae26e5bbc8037df19dbd5ba0b8f56d464301c2511f5b34e6bb2a
2026-05-28 01:04:37,026 - INFO - 📝 Document mis à jour : 01f2ed088d9eb09dc62b4c27125737c819c3e2f7732493f2288aa2ea6168ad24
2026-05-28 01:04:37,026 - INFO - 📝 Document mis à jour : 58ac37fb7c18b16578d5fe70651ba94957fe0def72342a9f9382e39907e89a1d
2026-05-28 01:04:37,026 - INFO - 📝 Document mis à jour : cca712c572754abe0f5cbbebe85e5459dbbb2d79f2df76d22137e3911442f4b1
2026-05-28 01:04:37,026 - INFO - 📝 Document mis à jour : a9ea9691058dc09353f2162976cf6e39b4baa6e7af2d9bf15c05b57b6aa0234d
2026-05-28 01:04:37,026 - INFO - 📝 Document mis à jour : f67d2e030b46697c4686618f2b29a77774ee114a6ccb2e65c83704b04cc177b9
2026-05-28 01:04:37,026 - INFO - 📝 Document mis à jour : cafd3a941ab9b8a255756110c3aeceed188b30d62a938e4bccdd10149a36f2f7
2026-05-28 01:04:37,026 - INFO - 📝 Document mis à jour : babbd51767a393f5fcf40ea1fe2464516779c3505772560ae9a4677251ba9f89
2026-05-28 01:04:37,026 - INFO - 📝 Document mis à jour : 1030b289ddcc694bc380e42fffa0b84bf1415e1977185d017409a57382b5eb60
2026-05-28 01:04:37,026 - INFO - 📝 Document mis à jour : 5f93ecf498e7400e78b3a29c758df51a424eda4e0769e28b75adb1bb8bfb6442
2026-05-28 01:04:37,026 - INFO - 📝 Document mis à jour : badd5d2ecb446c8967ddd1f2e9f1f981fc7f1cc3c8801dc561bebbdbeec5849d
2026-05-28 01:04:37,026 - INFO - 📝 Document mis à jour : b30d13dd190cd7672ccbd31c35738f9d287ef4a8b3e7219ddbd25fa50dd0635d
2026-05-28 01:04:37,026 - INFO - 📝 Document mis à jour : 998d853bfe14fd7d454ad574417abbd4b41b55f22fcc13b8952868d1e38f7d33
2026-05-28 01:04:37,026 - INFO - 📝 Document mis à jour : 6c11d2dd7935d2921d1d22e0f8021483d914d8635214b0959af346312d627850
2026-05-28 01:04:37,026 - INFO - 📝 Document mis à jour : 3746c6cf6bf3963d06baf2487a0a5d50857eafcf8f6160ad88a1b9de0fa1ff60
2026-05-28 01:04:37,026 - INFO - 📝 Document mis à jour : b2e692e924f33d182cb02b45c259b23cbda9aa074bbf019e9034159cc4dee1bf
2026-05-28 01:04:37,026 - INFO - 📝 Document mis à jour : 6de1d48a4b18697dd6618e1bc2e7b890b5f0ae193aa84d8422e3bdcd7d576a29
2026-05-28 01:04:37,026 - INFO - 📝 Document mis à jour : 3fe562582a32eba3c0366a5ed83b87d11f82bee6b9647730162053130aa4b5d2
2026-05-28 01:04:37,026 - INFO - 📝 Document mis à jour : 9ae04efbc779de7387b2b368b7a0743ba7ca240148f3cfa64c530e3e36d5f8c3
2026-05-28 01:04:37,026 - INFO - 📝 Document mis à jour : 3a03f7a2dbf7f7cd5e02df53fbdb955785954e13550dbae2f9ce66e0fba37bb5
2026-05-28 01:04:37,026 - INFO - 📝 Document mis à jour : 4d9835af572ca37b9ceb08761f73e4519081ccb7c0ad02bb0cf2495095e7bf12
2026-05-28 01:04:37,026 - INFO - 📝 Document mis à jour : 47aefb7c79a9e1181668ad204f5afde8069be7b5fb01a2aca2e54e5bca6a5742
2026-05-28 01:04:37,026 - INFO - 📝 Document mis à jour : 78b7752a2b1b026612b3c667021341b2934311f1086b7212d26762149822710c
2026-05-28 01:04:37,026 - INFO - 📝 Document mis à jour : 4e91e28682491942fe20a56069547270c0a775edda0437f94ff7f7080eacdf81
2026-05-28 01:04:37,026 - INFO - 📝 Document mis à jour : ed708caaa9ec490cec922a8c17a7ce28f05d119e272a498cc727316446373712
2026-05-28 01:04:37,026 - INFO - 📝 Document mis à jour : cff62df24de169e1383484ebd5352e73c8d85e4cec8fef242540e1bbf913851e
2026-05-28 01:04:37,026 - INFO - 📝 Document mis à jour : 5373330f6529ef9ffc8e8ced422dfdd03dc57c22c284226b5c62df2bdb354e99
2026-05-28 01:04:37,026 - INFO - 📝 Document mis à jour : aefc88e183146ab348d89141da9487b58e09ff7dc125f6300a854beff070c7df
2026-05-28 01:04:37,026 - INFO - 📝 Document mis à jour : 2fcc851fafd7cbd17beb5267c4b5e4600423204a072fdbd481b4be2a1a43f07e
2026-05-28 01:04:37,026 - INFO - 📝 Document mis à jour : 0b436a77328353c2603f1ed4b072bad6e1fcf2b2a13ebbd7c40f4435a76100c7
2026-05-28 01:04:37,026 - INFO - 📝 Document mis à jour : d730e845d3e3b6006094c60fbd650aa8fd41e8b08a64633c839375b16049ff55
2026-05-28 01:04:37,026 - INFO - 📝 Document mis à jour : 84df80a442fb4f6add733949c282d3a93442c80eb69705125c4935707ab391f2
2026-05-28 01:04:37,026 - INFO - 📝 Document mis à jour : 33bc8e8b8636fed78623c69d66e38c224e9fdb2fc06b1ecebf5b8754161e82a5
2026-05-28 01:04:37,026 - INFO - 📝 Document mis à jour : 2e61c3cd76dd05ca8f7d61d34acfedb35090feca7ee93766cf8648e380ceebec
2026-05-28 01:04:37,026 - INFO - 📝 Document mis à jour : 14056312e4c49f4bf84e61246d2d72941f1d7df0783ec9e1ae214f8e7ba0c156
2026-05-28 01:04:37,026 - INFO - 📝 Document mis à jour : b1e1ee1f720e6b0fdc55e08b555b9708685e853af74e600e8c564c8f2f5eb7df
2026-05-28 01:04:37,026 - INFO - 📝 Document mis à jour : e6018e36540db7afe657a8355e45e929d3774651f58118da9703f42561b2a50c
2026-05-28 01:04:37,026 - INFO - 📝 Document mis à jour : 6752969e70807a5281c5c6556bf6ad89d62ac34cf8acb1a28c2d0e04d9316ca5
2026-05-28 01:04:37,026 - INFO - 📝 Document mis à jour : 90c5ab6c47815c9cfc438a7c9bb4f021647ac9c269f503c0597d5619ce28146c
2026-05-28 01:04:37,026 - INFO - 📝 Document mis à jour : c3059d9b1b42ae8087f664108b5ba14419baace121ae6d6f6d83d5def4cccbaf
2026-05-28 01:04:37,026 - INFO - 📝 Document mis à jour : 5ae04fa71fc633ff48898d291a04f4fe079a5eb77549c679e5c299afa8ce5e3a
2026-05-28 01:04:37,026 - INFO - 📝 Document mis à jour : 25f6a7123020290bb16e77cd9af5f36494a81569933b479c9f5c0b75b18e26f0
2026-05-28 01:04:37,026 - INFO - 📝 Document mis à jour : e997413964add1fb095bba2d3ce4603e4a16df5d4fa56eae352d87f9d6aad756
2026-05-28 01:04:37,026 - INFO - 📝 Document mis à jour : 648082d15fb9a6dfb161c603b45af7cfb7ffa6dbde059d8ae0a7acd268257c30
2026-05-28 01:04:37,026 - INFO - 📝 Document mis à jour : cff7f0eff32fc5e093e6cf4d1a3c226d82798910930907ca17afc08ebf68421c
2026-05-28 01:04:37,026 - INFO - 📝 Document mis à jour : bac67ec8067eeb610a32526807aa2fb6e481f8847fe856411b19bbfa67c89970
2026-05-28 01:04:37,026 - INFO - 📝 Document mis à jour : e11fc9418522432557a4822f008f3ade67513a5b4edec47a9dacb9c9f1576936
2026-05-28 01:04:37,027 - INFO - 📝 Document mis à jour : d178706eb0d4ec4754a507fc387c4ab544da549b0fee3623127e7fac558acb01
2026-05-28 01:04:37,027 - INFO - 📝 Document mis à jour : a33f1f1e2e950296ba60df8929f1734a43ee28bab6c8613978b92f346abbc223
2026-05-28 01:04:37,027 - INFO - 📝 Document mis à jour : 7ba6f677f161c3282cf9b2469faf4e2669a3552d3dd622d9724b12cca94ad4bc
2026-05-28 01:04:37,027 - INFO - 📝 Document mis à jour : e1fc14be08d5a3e30c726505a3096dc86f3ecebda48d3584fdd909801b413d65
2026-05-28 01:04:37,027 - INFO - 📝 Document mis à jour : fcd3c4c59255fbe3b35153a36bd80d769f982f5bc1276d0c5134e06b384f15ad
2026-05-28 01:04:37,027 - INFO - 📝 Document mis à jour : fa2e9a8b8efdecb52d15f4cde3b6916d4a98f1e30d488a32f6b3c95e63d50703
2026-05-28 01:04:37,027 - INFO - 📝 Document mis à jour : 7a47c43a3e925b47a21ffa22f91c80b4302802e64da6bd227515327ae7d52953
2026-05-28 01:04:37,027 - INFO - 📝 Document mis à jour : 4d82d2de196ed82d79ef92cc3b38426f04021570335d54c6c45e7ff51943b1c5
2026-05-28 01:04:37,027 - INFO - 📝 Document mis à jour : e185a5da70c344a2bc5c49bf2170ab36159ece8bbb141c5767921ab7f38f396c
2026-05-28 01:04:37,027 - INFO - 📝 Document mis à jour : f1b01f058a0487f0db4591bbadb4522def06a8f3268b5b98a3cac7b64b9aa2be
2026-05-28 01:04:37,027 - INFO - 📝 Document mis à jour : 19facedafdadd1dc9c5aaf36f7e87d7784d2a74ad14d5ad9fb205235f0360e9a
2026-05-28 01:04:37,027 - INFO - 📝 Document mis à jour : 26a496a1626dcda3e2bb7ea5cde5e05033e15382061369fd387693b51895c394
2026-05-28 01:04:37,027 - INFO - 📝 Document mis à jour : 26f1a847f9e4f287be8b087023a574aea3233b555290e9d7eeb6156971ce71a7
2026-05-28 01:04:37,027 - INFO - 📝 Document mis à jour : f7a12eb49c65431be05c499258344e05357b04960fea0bcc25c4ec5960ae28a8
2026-05-28 01:04:37,027 - INFO - 📝 Document mis à jour : e60546b5d95c38a981f7d2a1cc58ee4afd7b003d9f90ff36471a17884131bff1
2026-05-28 01:04:37,027 - INFO - 📝 Document mis à jour : 751acdc174d82bdd1f9869c9d4292583cf492ca84eb8128ce25f658c10298480
2026-05-28 01:04:37,027 - INFO - 📝 Document mis à jour : b280b4a8c8abd49f599991b0c1b9a02038e81ad6eb10ca3aab6087b5eda3859d
2026-05-28 01:04:37,027 - INFO - 📝 Document mis à jour : abf9904dc8aa67e9210d5f296722556af4c2334545b0a5bffb84ee52a0d2778a
2026-05-28 01:04:37,027 - INFO - 📝 Document mis à jour : 710fff3ce197c385eac6ddee4f27beafc23627321d9946612824432d3dc05bb3
2026-05-28 01:04:37,027 - INFO - 📝 Document mis à jour : fb77f155a840f7ee7def2c25d5dc8a7dbadea0140cdf938cb92abb8355513fa9
2026-05-28 01:04:37,027 - INFO - 📝 Document mis à jour : 5c8d0ee545640fbc16a2cd56c68ef8b328476b091af6083696a256866c1d0472
2026-05-28 01:04:37,027 - INFO - 📝 Document mis à jour : 3919361e394a3b11addb474f31c19cbe672b0dd06e519e32c24faef7dc3a9dd7
2026-05-28 01:04:37,027 - INFO - 📝 Document mis à jour : d378420db425ec19ffe861149b194f553548ae55f60e96affd5b080f6b9efa67
2026-05-28 01:04:37,027 - INFO - 📝 Document mis à jour : 4e92dc797854ee357d5dc5cb79435705b1e4643465e22b7432af1baa89580446
2026-05-28 01:04:37,027 - INFO - 📝 Document mis à jour : b312210564816ca68e155814a9ce21bb6b72626219eea7860967ef655cd81d2e
2026-05-28 01:04:37,027 - INFO - 📝 Document mis à jour : 564e9134bba4a9139309d5abb9dc0d42b3316b62263c7346bdb3ab09f2e3a319
2026-05-28 01:04:37,027 - INFO - 📝 Document mis à jour : 77fb27bd226bf941b4af2ce51c9d478f143d6faaece6f71bd2efac4d0665ef10
2026-05-28 01:04:37,027 - INFO - 📝 Document mis à jour : a6279328059e994d78702cb9949e1718a9d2571b73b453976bd675b509ce813c
2026-05-28 01:04:37,027 - INFO - 📝 Document mis à jour : 652b97d30f74dd4457e1226a492e662f612ff331a4bde1055530d0c3679b1d9d
2026-05-28 01:04:37,027 - INFO - 📝 Document mis à jour : 2579bcb4c3b3e6f8f165f010743f33b8b3ae41c9ef71e9b104f54230b0022798
2026-05-28 01:04:37,027 - INFO - 📝 Document mis à jour : 29b66870d354bd80dc6a368e17d0fa9d6b28c397bc39b4b4288c05b8e8a7240a
2026-05-28 01:04:37,027 - INFO - 📝 Document mis à jour : 19f74bc09fdbe167403aca4d02fe8beca122edb3eee2a41b6c09b113c4c0fe70
2026-05-28 01:04:37,027 - INFO - 📝 Document mis à jour : 36a8453e3cc3cc4a05529a35ebbfad0b382fd82ff76d7eb133ebcde9076582fb
2026-05-28 01:04:37,027 - INFO - 📝 Document mis à jour : 064bffa2fec2b3830b7043d4956b7f927b3f0104d42d1d8a2623fdc3970201fe
2026-05-28 01:04:37,027 - INFO - 📝 Document mis à jour : eee0d108ca13977ec0d8872f8005170e9dcaa298057198caeb39579267a9b212
2026-05-28 01:04:37,027 - INFO - 📝 Document mis à jour : b6684b2f40e7fe3f5d11894a8bff616351f59f65ab6031e5e6ccc4e295b0f05a
2026-05-28 01:04:37,027 - INFO - 📝 Document mis à jour : 370d09dbbd11efbd5df2f1a8ff8e28542ed42d69168f6198ab11b18bf33b1fb3
2026-05-28 01:04:37,027 - INFO - 📝 Document mis à jour : 5e8d75a75fe57ea7c84f8c3564836752a26daff86e380c381eb25fead33b9fa8
2026-05-28 01:04:37,027 - INFO - 📝 Document mis à jour : d3e305db693bb41e6e67cfb7a052d310c619d0ca250e1b481ae50332c0274269
2026-05-28 01:04:37,027 - INFO - 📝 Document mis à jour : 4b5f940a25e7ca232de1482b1f79590e6ed03ea2285643c2b51536e342a81919
2026-05-28 01:04:37,027 - INFO - 📝 Document mis à jour : 60e0c6328866d86a133eaf3108b78740b7222ec7cc7a39f2673866ee1776990d
2026-05-28 01:04:37,027 - INFO - 📝 Document mis à jour : fc39311c1f8cd15ac835de2dc8ab0e601258adabd7d46ae4de7312fc1357fd62
2026-05-28 01:04:37,027 - INFO - 📝 Document mis à jour : d875824f5b09e9b6bc5caa4e988039ee303f403e208f6921b6190292c281a050
2026-05-28 01:04:37,027 - INFO - 📝 Document mis à jour : dc11f1f304cc4364a5c653dddc3ba655974e8994912c65f7cad2d6704d5ed7dc
2026-05-28 01:04:37,027 - INFO - 📝 Document mis à jour : 379dc6c2a8814a92b3a6183d80ead03e20b6f5a273b9a099d608e5ea3a5b2c07
2026-05-28 01:04:37,027 - INFO - 📝 Document mis à jour : 11c72a3a996db84a263eb5cc064edc2d7ed5adbd976b00616facdba4c6387b49
2026-05-28 01:04:37,027 - INFO - 📝 Document mis à jour : 32d42f7bc3c96b33ff7115fd21451db53a8c64352f22baf5f0c6fad3f7f7782e
2026-05-28 01:04:37,027 - INFO - 📝 Document mis à jour : 7324ba3a801b40d8d1521648c5eb1c2cdd657c71f250323099e84c86975bbc5c
2026-05-28 01:04:37,028 - INFO - 📝 Document mis à jour : b50aed1506f2c6a94ce68e135f964fe56889f4120f0982f63511a22960af5f2b
2026-05-28 01:04:37,028 - INFO - 📝 Document mis à jour : 33e67a577dff2a150ad76fbcf54524e8810a5db1aa63e6708f9ef1b04edd80b6
2026-05-28 01:04:37,028 - INFO - 📝 Document mis à jour : 42c3c6098d2d328e6d57e318c5a306364f3ddca0f02529f99aec85a61864207c
2026-05-28 01:04:37,028 - INFO - 📝 Document mis à jour : eae987de79f1acdb5ade46a171dedc002c74d5990fe06901b91ebb626dd09d3e
2026-05-28 01:04:37,028 - INFO - 📝 Document mis à jour : a3d00f9146026f2c4d5a3f1d1c58bef6ae38eadb0f46581fe9198e8521789a63
2026-05-28 01:04:37,028 - INFO - 📝 Document mis à jour : 650547a4b651fa2936a8e23b0f6b7fd40ed9ceedb4604b1a5af38ee72747d0f2
2026-05-28 01:04:37,028 - INFO - 📝 Document mis à jour : 29b86b83f160694178793d443e2d0eb9edbea52e45725f6900c9cf7d634bd8dd
2026-05-28 01:04:37,028 - INFO - 📝 Document mis à jour : 2320d9239e52519aadca3320845056825871adba4c7d41a100fa79dc348fd854
2026-05-28 01:04:37,028 - INFO - 📝 Document mis à jour : 2a418cea9e95f0a95f52206bf368b25bd2056cc6a737646bf18a51bc609fde98
2026-05-28 01:04:37,028 - INFO - 📝 Document mis à jour : a9c9624d354ee7788413ee249f8daca8f11359486524a7a860eeaea9c20d5ea9
2026-05-28 01:04:37,028 - INFO - 📝 Document mis à jour : 9b736e60e9dddf13b9b3653ce4527870dbb1230a6a367c8203e348b7005fdf18
2026-05-28 01:04:37,028 - INFO - 📝 Document mis à jour : 77686e756abd62e9114133a34a76c85df45ef537c61e1cfd52480ddb51cfc7bb
2026-05-28 01:04:37,028 - INFO - 📝 Document mis à jour : e0cb8721fdde0c903266a6ed2966ba3dde5409777b629aa04e6c35eaa604ccee
2026-05-28 01:04:37,028 - INFO - 📝 Document mis à jour : 5a10aaffefb12d9cb354ee1b5b6bb9d6d6eb47bd665e13d244fd22236444b660
2026-05-28 01:04:37,028 - INFO - 📝 Document mis à jour : 71d7f0812d4cb6598420fd4b7edcc839c35f89571443158969cdffa4cb6b6378
2026-05-28 01:04:37,028 - INFO - 📝 Document mis à jour : d021a49abcb8fe9c6887665b7fdabfbe08387a48e9f4a6408e2851cf602a3a4c
2026-05-28 01:04:37,028 - INFO - 📝 Document mis à jour : 2ebb26396e60715e88b4347b508d1c188bb969a5498904ebe615dd63018c820e
2026-05-28 01:04:37,028 - INFO - 📝 Document mis à jour : e2f4a69193c0c0d6aa589dd7841abef836c4494229028d684e57366e4556289e
2026-05-28 01:04:37,028 - INFO - 📝 Document mis à jour : bb6b11fb004a5e4513b8e7c87b109f8e742acfd21b00a023f573bf8eb520561e
2026-05-28 01:04:37,028 - INFO - 📝 Document mis à jour : 0f8899f91696700211c149440de2cede84bc3d048b580c213ab7601021063f93
2026-05-28 01:04:37,028 - INFO - 📝 Document mis à jour : ae087a4102831afa87f0d68ff172fffda2c3881cb0290f874c095fa9c597d402
2026-05-28 01:04:37,028 - INFO - 📝 Document mis à jour : b8d43bd9d3435353c91f89083bbae89b79363a506b87e64ed4eae70bc54ffa74
2026-05-28 01:04:37,028 - INFO - 📝 Document mis à jour : 10a0f2846df6dda27e48e43aad2ad6a068f4f4a6930209f1b37a03c1bb6a22e5
2026-05-28 01:04:37,028 - INFO - 📝 Document mis à jour : e0632c4a7e61b9f7c93a351c1fb3353ac9479712df246105907c4819cfa8e776
2026-05-28 01:04:37,028 - INFO - 📝 Document mis à jour : f556feb56c7d8489d1a93824fc33f820a1219c544a6b6813a80774a375415574
2026-05-28 01:04:37,028 - INFO - 📝 Document mis à jour : d75a5778102827ce71a6e1335266970f59a068f8618d7188c24ed3db5a80ed69
2026-05-28 01:04:37,028 - INFO - 📝 Document mis à jour : f644fa7b8c5c49f693c5f61badea2113573df640aafde187331bb1b1fd99a3d5
2026-05-28 01:04:37,028 - INFO - 📝 Document mis à jour : 5939f6051bad109f54061f78016b704754239395a6a26502351f9e4ca5efae30
2026-05-28 01:04:37,028 - INFO - 📝 Document mis à jour : 4fb4f82872c6fe32a9cf6303a527a6e1795a9e9f32843a4c120727a7f8c7c708
2026-05-28 01:04:37,028 - INFO - 📝 Document mis à jour : d66abbcb8d539c25a3c29974cf5f6c1a30158a45df2c081b3a193f819b25a504
2026-05-28 01:04:37,028 - INFO - 📝 Document mis à jour : 99e8b602d18a3ed61664f5f66f4f7c690957b2aee6f17228c951cbdd26bb0026
2026-05-28 01:04:37,028 - INFO - 📝 Document mis à jour : f2a813632816fc3abad0b9c52d4d10f105322d59d526b74cdaa8fdc4592e67a0
2026-05-28 01:04:37,028 - INFO - 📝 Document mis à jour : be3be31347a243634d46968ee6afd16a8ac944b6bd6255fc69b5459d0de081b5
2026-05-28 01:04:37,028 - INFO - 📝 Document mis à jour : 94e22e98ecef7fbce0af6d3919cd07cede0f0ef6b97872f2c01c4de59b83e0e7
2026-05-28 01:04:37,028 - INFO - 📝 Document mis à jour : f2d5af2319a384977917026664ab26aa3767a707ef40cb2043a19e4302a7bae4
2026-05-28 01:04:37,028 - INFO - 📝 Document mis à jour : 7b4d3e50c655d271cb2a52fdc99c49f0b2e4a479f710eada7f7ca1b9d634946f
2026-05-28 01:04:37,028 - INFO - 📝 Document mis à jour : 08eaf1bafd40fd8104fe26d68e669644d961b5c3943f29daaed75cba69474f55
2026-05-28 01:04:37,028 - INFO - 📝 Document mis à jour : 660b3b94d7e71e181a6a660faf28bb99917d3105842e4190b212dbde187724ad
2026-05-28 01:04:37,028 - INFO - 📝 Document mis à jour : 170c672dabbf7bd2bf56a3f4672fe30c338e36891971a8642d4c186cc956cf87
2026-05-28 01:04:37,028 - INFO - 📝 Document mis à jour : 02848aea7118bd5c7ae66800661498cbeb212e62670abd1a787d02dd5f943eb8
2026-05-28 01:04:37,028 - INFO - 📝 Document mis à jour : 26036b57ac5ecb8df98c4779c2b4190a2fab24f18637cde0fc7272c8ccf8bcab
2026-05-28 01:04:37,028 - INFO - 📝 Document mis à jour : c60c4c6bcf64742e2167f491abe4d651abc7dfc0b091166742f15986800d3115
2026-05-28 01:04:37,028 - INFO - 📝 Document mis à jour : cc9771862cb912f791367cbecd6713be70ff2b16d08e03d0dfdbddd779c3748b
2026-05-28 01:04:37,028 - INFO - 📝 Document mis à jour : 1170a0da40a1df5fc3bd424e8e458c71cc04d09f84d7572a88af4fef61b420b1
2026-05-28 01:04:37,028 - INFO - 📝 Document mis à jour : 30a224b613b50dcb89f24f26f42dcdbbc8799202c73f6bf75f82eebd5e8cdfd1
2026-05-28 01:04:37,028 - INFO - 📝 Document mis à jour : c51b0cd91cbbb63572b78566a854724db5c1ad45bf8c08714c2a8a08af3809cf
2026-05-28 01:04:37,028 - INFO - 📝 Document mis à jour : 2a7c1b7a51939f0bf24f1d2a40c7b064b325383f01616d2262606e8651590cb9
2026-05-28 01:04:37,028 - INFO - 📝 Document mis à jour : 19355a2e965c625a8bce2e691b1d734b62d0c5787a4c70fa95fec01ed3c04314
2026-05-28 01:04:37,029 - INFO - 📝 Document mis à jour : 3bfe11c9bb8c09a0f58bef8fc336c5772b6875fac60ee9f4ba795a61ac6c51b3
2026-05-28 01:04:37,029 - INFO - 📝 Document mis à jour : 7427b5796b3cc1b97437c7bfbc7dd291078255a07bedb676d77bff89cbc4bec6
2026-05-28 01:04:37,029 - INFO - 📝 Document mis à jour : 59e877847ce4195db90535e9ed7f0511f58e82a0f1edc261cc98655d58de482d
2026-05-28 01:04:37,029 - INFO - 📝 Document mis à jour : ddd0857924530f8d2b2a27bced1525d13a7729f8867cae0c85977ee888ba2559
2026-05-28 01:04:37,029 - INFO - 📝 Document mis à jour : 80a937f53d0020cd71c722629e9ff6ca8c20a74a03c83552f5cfd4a02b26ba50
2026-05-28 01:04:37,029 - INFO - 📝 Document mis à jour : b91c024201d54eaef22e9e8e7cecb88b59cf0cb78441c6a4c394a5e36182625e
2026-05-28 01:04:37,029 - INFO - 📝 Document mis à jour : 221b34a2be1ff22747747636ae856924586fbaaf642cd1a3953ba314f43d1982
2026-05-28 01:04:37,029 - INFO - 📝 Document mis à jour : cd75ca4f3915bbeee16cc9121ff513085a87587bb25bfd48ec9ae6582277b6c2
2026-05-28 01:04:37,029 - INFO - 📝 Document mis à jour : ab6c4a01505a6c5dc1f6e9ae3f340cc41826115037ee8b8252838d0f55f84054
2026-05-28 01:04:37,029 - INFO - 📝 Document mis à jour : fcd728932d29f5c503d317cbe072a8b8997dfb474a14e5835fa3d1a6fe3fd654
2026-05-28 01:04:37,029 - INFO - 📝 Document mis à jour : 56883fbae061898d013283acfb147c4abdaa18070d076fdfd5c0167764f0fd58
2026-05-28 01:04:37,029 - INFO - 📝 Document mis à jour : a20f157dd1c948a7cf50d5fbc6bc42aaab3602df462673ba7e7b1948cb04cd41
2026-05-28 01:04:37,029 - INFO - 📝 Document mis à jour : b23001aa27d461691baf4d46a672348da9da6c3f0f2cf22cc6f260c6c3dffbc7
2026-05-28 01:04:37,029 - INFO - 📝 Document mis à jour : 0cf292a311e5df37271cbc4dc012c056a854c68e7d39a7bd084c5245573e4268
2026-05-28 01:04:37,029 - INFO - 📝 Document mis à jour : ef17331b0adec2b7d1086e6ece262e23f11869230b559f480bd9515efb510c4a
2026-05-28 01:04:37,029 - INFO - 📝 Document mis à jour : 3f7b9a470c28caf866cdf9953359d64da78d207d3eb7dc4dafd4190090e480b7
2026-05-28 01:04:37,029 - INFO - 📝 Document mis à jour : 4599f7ae9797761f6ef463b4c146ee17b327a51b7b59c1118d4e2e5684335976
2026-05-28 01:04:37,029 - INFO - 📝 Document mis à jour : 96b0fb1e94c4073b24614a2b0047ed4fac0461b2f9cc7a77a14c2ff90466c7cf
2026-05-28 01:04:37,029 - INFO - 📝 Document mis à jour : 7760b7faee05c428ffc6332aa73d8b450b586f98cfd6c73a0f283f6430a16e53
2026-05-28 01:04:37,029 - INFO - 📝 Document mis à jour : 8953b6a5ca5c184b4de29803ff679b0bfa13a4dcbfb42ca98d4c1b13c61de1d2
2026-05-28 01:04:37,029 - INFO - 📝 Document mis à jour : a46b930c9d4d6655dca725dabb24628b3a48dab5ebbda39d874cff61b828542b
2026-05-28 01:04:37,029 - INFO - 📝 Document mis à jour : 2564d1200874e5ff29d09aed4534762271bc4bc56efb6e09cd13424daa0728be
2026-05-28 01:04:37,029 - INFO - 📝 Document mis à jour : 736bcad7f62dfa6d49b04d24e346ff6935a08f78328a6a0c70422989bdd789f4
2026-05-28 01:04:37,029 - INFO - 📝 Document mis à jour : 553e47dec92aaa2469493f5a0bb3960623acaabbd2bfa80fafa6ffdb5ca9fefc
2026-05-28 01:04:37,029 - INFO - 📝 Document mis à jour : c21558b1e00473529798929419674c141bcafb5b9a5f8c827df7b517c12be86b
2026-05-28 01:04:37,029 - INFO - 📝 Document mis à jour : a18b9261ec4de9e7201e98a7e0c14bd3133e1af43b75e7c28c4921ca57b60cbb
2026-05-28 01:04:37,029 - INFO - 📝 Document mis à jour : b7759f5e097122d6641945154b32e5013e45d683b63ec1a13a44af4b7901fd21
2026-05-28 01:04:37,029 - INFO - 📝 Document mis à jour : a958e2ab5fef2b8ee7640e32c07a8d3a581190a9095703c18f14738c229a39bb
2026-05-28 01:04:37,029 - INFO - 📝 Document mis à jour : 7827e271337e97f692391e145f4c1b8653a6a96cb83a368c4e5b5f3346f09eb8
2026-05-28 01:04:37,029 - INFO - 📝 Document mis à jour : f95ddfd0fc1ed2298623c32c5712b89b2e76e5b1d3bface4317bd5963942164f
2026-05-28 01:04:37,029 - INFO - 📝 Document mis à jour : f78ae7f7f7444b9a359765b97455cdd010f33ce9ea83ecb2e50cfefdaf515316
2026-05-28 01:04:37,029 - INFO - 📝 Document mis à jour : ac50b42dccb9ad9a01bc69f96b4c954b79b412e974e56a544a2b8e354d6c7fd2
2026-05-28 01:04:37,029 - INFO - 📝 Document mis à jour : 1660ac68098eaa9187175a3cc0d2e5c5e512f9de05d02885999cb40db9c464c0
2026-05-28 01:04:37,029 - INFO - 📝 Document mis à jour : 7dd3931f9684064cf1c43a5719c8c70c6e3c72e7e1263819c7a1a9d38cf419c8
2026-05-28 01:04:37,029 - INFO - 📝 Document mis à jour : 273e021d8799a722e4cd58a3a66ee71347d6e016edf6b13070e7dd686f449a68
2026-05-28 01:04:37,029 - INFO - 📝 Document mis à jour : 39087f01c01f6b0de0b2db740248b8d9173e518b68ab30a5a87ed45d40c091ea
2026-05-28 01:04:37,029 - INFO - 📝 Document mis à jour : d2c0d81209a89c8bed5a35f83df9ccb02fd6c8b268895d024b224c0605d4fcb6
2026-05-28 01:04:37,029 - INFO - 📝 Document mis à jour : 7fd66a51a9faf51211476927ea3a28ec920ef8acbae986fdf85ac0d2aec6a6e8
2026-05-28 01:04:37,029 - INFO - 📝 Document mis à jour : 9fed25e25c90936955bae811482e5e3408163c40f7a8b17e60bf8a783801bdff
2026-05-28 01:04:37,029 - INFO - 📝 Document mis à jour : ef70a845d499811d01b89b10aca3dcf80353a846063d9e8a5e51e9d0d46f924d
2026-05-28 01:04:37,029 - INFO - 📝 Document mis à jour : 204861d7b8fd1148c9182c6a972962a3508fa268ed7543a0d27431d9a80e6948
2026-05-28 01:04:37,029 - INFO - 📝 Document mis à jour : 9fe6b4d275869a762ead98763d858aaca3296782258817b157fedce16dd4d03e
2026-05-28 01:04:37,030 - INFO - 📝 Document mis à jour : 78583899dc8885618528782eefb4058fc1c242ad43dc453df65a9a7fa730fa7c
2026-05-28 01:04:37,030 - INFO - 📝 Document mis à jour : 148bcbbf0288e88f19c8c4c45a8c7a268aecd2b2313bc05793be068d41fad6c3
2026-05-28 01:04:37,030 - INFO - 📝 Document mis à jour : 8f97ecbb18e7bfd4e0795fcd8fab68d6c69102a2b7ac88d5d8e387e4110d5f1f
2026-05-28 01:04:37,030 - INFO - 📝 Document mis à jour : 1deaa28d6a3d47d38d590298ea4be2426421f26a665bd07efca27de072ec46fe
2026-05-28 01:04:37,030 - INFO - 📝 Document mis à jour : 32cd65b3dd8b7c60c6c46860afa4ad3b3dd11361760a7f0ff9f07e41fc6e1f0b
2026-05-28 01:04:37,030 - INFO - 📝 Document mis à jour : 89893209c4509163792d2a6d69abe0055968124ee39f255fb6b4e357516d64bc
2026-05-28 01:04:37,030 - INFO - 📝 Document mis à jour : 2605284de9b335e733741cd34692f731c0bf6bca48141443d7184e404f299007
2026-05-28 01:04:37,030 - INFO - 📝 Document mis à jour : 65e155df3a12e6c151587991ea6d839e0585394f3e502beb1564e381ea48360c
2026-05-28 01:04:37,030 - INFO - 📝 Document mis à jour : 760b0c04b9c89523babe596c5ecac02858734645e49624729e164dc6da4b09f9
2026-05-28 01:04:37,030 - INFO - 📝 Document mis à jour : 9dd77bb24741f315390810f3699e06723b29bf6bfa075fddad49e96a0fad992b
2026-05-28 01:04:37,030 - INFO - 📝 Document mis à jour : 3200b3e7f74e9c4f638df8bfc53d1f6fa4c73be9a165ef3730a15a52bbdc56e7
2026-05-28 01:04:37,030 - INFO - 📝 Document mis à jour : 9c4bff03ec88f7ec955fe78fe7d2077f991fb0f3c10ecc22c9bd4ba990a7703b
2026-05-28 01:04:37,030 - INFO - 📝 Document mis à jour : 47111f500e465c96834a5fcba308e21ce915982cfcdbcdbab6e43aaf1e327117
2026-05-28 01:04:37,030 - INFO - 📝 Document mis à jour : d9aacf4662a6eb2e844f5d4fb4394ab0901176b18bb7410d4339a9518afe2265
2026-05-28 01:04:37,030 - INFO - 📝 Document mis à jour : fc9c936100730053e4fbda100db6a0af4aed5616372519eea736ec4ddf4fff82
2026-05-28 01:04:37,030 - INFO - 📝 Document mis à jour : 22cb8323b8f8a888fa28ec7bd46226c9be6a732d7c3c52725038a563ffe2226f
2026-05-28 01:04:37,030 - INFO - 📝 Document mis à jour : 47251bec6ee8c2243dc0910a91acb2b12352f9c02653ede1c6dab9fb2f7ad057
2026-05-28 01:04:37,030 - INFO - 📝 Document mis à jour : 9e16b860f8f5681d1f67842a83df6de77ce57cd342481de71825648c4c604b45
2026-05-28 01:04:37,030 - INFO - 📝 Document mis à jour : 5fa55e7d14c501dcd1ecc28c5ba514b3dec8857c54a2ac1f270b46f0c013a809
2026-05-28 01:04:37,030 - INFO - 📝 Document mis à jour : a3ac9af54c3af2ca4e76918ff70103c7b7ceb8df08595190a904a0820189e75f
2026-05-28 01:04:37,030 - INFO - 📝 Document mis à jour : 0b45f40c6ddbb595f2aea8f65890c874a4390271cefb59e52378902c4a79fb43
2026-05-28 01:04:37,030 - INFO - 📝 Document mis à jour : 541b0783dee49a0fdf2195a0cb39091d85dbd00fbd2ebd280f71730fbe44e0c0
2026-05-28 01:04:37,030 - INFO - 📝 Document mis à jour : c9dfa06c789113c9b20d80852506b87bd8a51baacabc69756a35dae97d023fcb
2026-05-28 01:04:37,030 - INFO - 📝 Document mis à jour : 6c2b51246c4aecaec521417236e0b13936fd3cb4e97139bfa74394ba0c927551
2026-05-28 01:04:37,030 - INFO - 📝 Document mis à jour : e3215195fd484617decd491884c850621a077ce7117b5983415edc0ad775699c
2026-05-28 01:04:37,030 - INFO - 📝 Document mis à jour : 4950268455354f1ad6cfaa7d937139c253002bdd595eb6d8e52ecb3a970213c1
2026-05-28 01:04:37,030 - INFO - 📝 Document mis à jour : 9dd97a93712e5b5fd2021b43366c0b451274a3346d35e083d31501a768abeac1
2026-05-28 01:04:37,030 - INFO - 📝 Document mis à jour : ee58d1da8dffac715537a3e5f7a7fa6f2b95e493d5d848dfb56ae835552cd3b2
2026-05-28 01:04:37,030 - INFO - 📝 Document mis à jour : a254c28853b2ac0dba8368ccdee7479fd437376bdfca097881164352146ea1c8
2026-05-28 01:04:37,030 - INFO - 📝 Document mis à jour : aba2012e128e8417e9a9264a85ff27f2ba212037d5f973931e81de3bc4fd6ef9
2026-05-28 01:04:37,030 - INFO - 📝 Document mis à jour : f449a92a71b51ad96c6c8d7c12c5b949e6fb7edd1ee03979590c8313bf8e49c8
2026-05-28 01:04:37,030 - INFO - 📝 Document mis à jour : 5a91bb22fc19b71b1a57d78027dece4702370cb145808025d487399970acac5a
2026-05-28 01:04:37,030 - INFO - 📝 Document mis à jour : 6a269715cbc71100d3ecca946d424542476faf5b4714673830e819bc7c89a993
2026-05-28 01:04:37,030 - INFO - 📝 Document mis à jour : 21e142d01fcd66de194a2e11ce9f126e77ae423600a578e497b809a887d83cc3
2026-05-28 01:04:37,030 - INFO - 📝 Document mis à jour : 4b5d041a5fb2da82ea3d22ec48d38fdb42f8dea6ca248c54114c9862d6e71d65
2026-05-28 01:04:37,030 - INFO - 📝 Document mis à jour : b693a34a9475e75819d48ab190647b7da22413420ea037f4b1482776fa52b6fe
2026-05-28 01:04:37,030 - INFO - 📝 Document mis à jour : db1154ed4fdb2f86f4f23fd92b56d4606f7e1a5e9bd22cf9f8e4a5128b7f312a
2026-05-28 01:04:37,030 - INFO - 📝 Document mis à jour : be839970fb8be45208f4a9f906b8af140ea154c68fad00c8d176ca2cdf03456c
2026-05-28 01:04:37,030 - INFO - 📝 Document mis à jour : 44e2e2397d5dae351bb498a88389df0e823231affd4482ae3dfb808c3c399744
2026-05-28 01:04:37,030 - INFO - 📝 Document mis à jour : aad1eedae6fa57cfdbf689e099c280afeeb2eb59a23b596677c3cdb9f17407e3
2026-05-28 01:04:37,030 - INFO - 📝 Document mis à jour : f4b561cc7c1dd43c25171066ab69f59d5b72206a6c4e69f7a4f6246aa863e58c
2026-05-28 01:04:37,030 - INFO - 📝 Document mis à jour : 44970b2095a9072a83296246f4ba50f7c05b9c24dfbbe91d81b4352220a4da1f
2026-05-28 01:04:37,030 - INFO - 📝 Document mis à jour : 390fde097d1cb4b82a278f2c12efb94b4cc5414cb6a90d9bdbb742d62e1681f0
2026-05-28 01:04:37,030 - INFO - 📝 Document mis à jour : cbc8e074f2c65a1e81121a5da8a9ffadfdcc63057494df6404dbfdaad5031d70
2026-05-28 01:04:37,030 - INFO - 📝 Document mis à jour : 184d9b4bda9e8ffa1351287d299e6cfe38ba088609ba1700ed21a9c24c35e106
2026-05-28 01:04:37,030 - INFO - 📝 Document mis à jour : 6c04c51e253592492c0a6534f5392a73b65adfa147f448bf86d660eb921b72f2
2026-05-28 01:04:37,030 - INFO - 📝 Document mis à jour : f2985331bbb5c3afe21b1ede613e6d90e5bc397bb16d1edaeba5fa8e77cf55c6
2026-05-28 01:04:37,031 - INFO - 📝 Document mis à jour : a9f91da8d621a097b958c10944df8df1195e3bcfd19cbdf61db01792d853f334
2026-05-28 01:04:37,031 - INFO - 📝 Document mis à jour : e19b71e580b84115074e55d21650c9409a7a8d2a260637d35bbf7640bd721626
2026-05-28 01:04:37,031 - INFO - 📝 Document mis à jour : 3aec098edf2e79ece97a7dba77d61e129f0579ead3257254bf267f92f31e83e3
2026-05-28 01:04:37,031 - INFO - 📝 Document mis à jour : 78e8876aca4753254a65682fcd6cbb259bdb6ef28c608edae15305dceeb4e235
2026-05-28 01:04:37,031 - INFO - 📝 Document mis à jour : f99e5bf4c7fc599b9cb5e2186e2b389421bd7b36fee4db219ff7dadbbb1edfc6
2026-05-28 01:04:37,031 - INFO - 📝 Document mis à jour : f8f165eebdc68288a04c718edaa6945d5ae155c7a37fbb003ad61edb7a94127c
2026-05-28 01:04:37,031 - INFO - 📝 Document mis à jour : f15dba015dcd96614170e4f06fe02c9e53cebacfac44efd7d6f268119605c940
2026-05-28 01:04:37,031 - INFO - 📝 Document mis à jour : 42558aeb73b69894bb27780f1c3655b00985f1f0777b92dc510db0852be7b0cd
2026-05-28 01:04:37,031 - INFO - 📝 Document mis à jour : 9a3ea2caa4a272a94d0324b3d6c93251ec020c7aa8092240926ffe6dfa6ce38f
2026-05-28 01:04:37,031 - INFO - 📝 Document mis à jour : 16a489f6836d73073d6325c0ec6bd11e1040fbdbbd290b7a66504be9e5dde942
2026-05-28 01:04:37,031 - INFO - 📝 Document mis à jour : 24f04c18c4c5d72f6e8aba494bf213762148f64d7462ade8969693bd8e045d05
2026-05-28 01:04:37,031 - INFO - 📝 Document mis à jour : 6f6893ec5a8770669787cf7581426cbb862482a89acf8c49b9c466760a952d2e
2026-05-28 01:04:37,031 - INFO - 📝 Document mis à jour : d4b29433a04fbae08dafc5c82556f29cb31e65fc79ca58c8237a178a465d503c
2026-05-28 01:04:37,031 - INFO - 📝 Document mis à jour : 124a87d782a60cd39c39f92c2cd43dab70327a3a1d81435d8d1c284f5b5f8023
2026-05-28 01:04:37,031 - INFO - 📝 Document mis à jour : cf5459b62d1bf964862a6436dc41b53bd7422db4504a2ab059a4a66c5532ceb6
2026-05-28 01:04:37,031 - INFO - 📝 Document mis à jour : 85740fb97b9a175c984b322288956cd9451974260628a08f67dd98637a2676cb
2026-05-28 01:04:37,031 - INFO - 📝 Document mis à jour : 608e7efd4cff7229bca3758aaa0ed1a9a4b2416686fa7fd7e422026de9b01417
2026-05-28 01:04:37,031 - INFO - 📝 Document mis à jour : e9365832766bc92736d1886da45358be0e085b95f4dfb0b3af52311f8c420328
2026-05-28 01:04:37,031 - INFO - 📝 Document mis à jour : 24db6c791c7104accb676e578d15e2d1ac6241218232663a6a2e1bf2fbc30df0
2026-05-28 01:04:37,031 - INFO - 📝 Document mis à jour : a065977fb352795dcaa947e0bc1b121699686d0c46ac6591f7a328e75c82b107
2026-05-28 01:04:37,031 - INFO - 📝 Document mis à jour : f6b9ee53a7daeea5fa294c02255864a87d4b6c0a83ff31af7ca8ff0a7e79247a
2026-05-28 01:04:37,031 - INFO - 📝 Document mis à jour : 7e98d44d0dc5b15e9fe745c790f31740a3a4f5e485554951fb4dc0f8254e0262
2026-05-28 01:04:37,031 - INFO - 📝 Document mis à jour : 19248f9b88dfb267f706b6c3f600c804780c7ec15587abec9553ec7f143f2248
2026-05-28 01:04:37,031 - INFO - 📝 Document mis à jour : 9bcabeec0dc7611abaa96ede54429199cddf232d75d3310e95ac4062493b5f27
2026-05-28 01:04:37,031 - INFO - 📝 Document mis à jour : 546f61cd891c706fc1139566039ce2120651cfeeddbc0fd1b94bdaf71953f446
2026-05-28 01:04:37,031 - INFO - 📝 Document mis à jour : aaec56ecb505e67a3cc29350e27a395a34dc9ba8b0bd13e6c959d295429cbb9b
2026-05-28 01:04:37,031 - INFO - 📝 Document mis à jour : 08d8f49613d895d7f44bf83d9121670472cb4a46cac1114ec807d61c56b8d0ee
2026-05-28 01:04:37,031 - INFO - 📝 Document mis à jour : a3853824c7f80775f0c1aba74e0e2decb246401a1f0caa4792df94f514fbd1bb
2026-05-28 01:04:37,031 - INFO - 📝 Document mis à jour : 534a12963393e60248accceb0b9f0eb5e31d5c966bba81b119d8c5d24c4f8d18
2026-05-28 01:04:37,031 - INFO - 📝 Document mis à jour : 3c782b1d0cfb784038b3ebc6bec8b789a596cdfe5e65567879ec2ea714750b3d
2026-05-28 01:04:37,031 - INFO - 📝 Document mis à jour : 5278825cea01f0479315d31b2d1c5a63d61ff3b464ddff0770ac1aea7e7daa83
2026-05-28 01:04:37,031 - INFO - 📝 Document mis à jour : 9cb730f8928c2e5d09798b38ff7383fd21cb70cb8956483058ed35d0b6666783
2026-05-28 01:04:37,031 - INFO - 📝 Document mis à jour : 739c038ac7ddae32784c0c98eca4d8f87c272a9d44b5c136a645ff907f724813
2026-05-28 01:04:37,031 - INFO - 📝 Document mis à jour : ebd767e4bda4a3450b8cb642dc9c4030fe592cb1c306cb187cd39993a8ceeefb
2026-05-28 01:04:37,031 - INFO - 📝 Document mis à jour : 6065631e6cfbbb2bac61c5d92d5fb223e616f6bdb193a8936a8feac483509512
2026-05-28 01:04:37,031 - INFO - 📝 Document mis à jour : cc11cd05ba2dd12fe25347c38b0a48286dede990877f7f5b2eb007cf340e47d2
2026-05-28 01:04:37,031 - INFO - 📝 Document mis à jour : 371a7cfc419687ffc0181c97be7db9d18de242aa1a4c04601e41d6c5b30acbae
2026-05-28 01:04:37,031 - INFO - 📝 Document mis à jour : 929334c1e829a24e7623221387dc3edefe2402a10bf73c1cd12c3539cea76532
2026-05-28 01:04:37,031 - INFO - 📝 Document mis à jour : f58f7dc2093fb47fc6cbfd3161479642299f216814866a56130e5d6798bdbebc
2026-05-28 01:04:37,031 - INFO - 📝 Document mis à jour : 8540c48af3f0f5642a8fbac86573a8da1c08002e7bd813e401752267e389c951
2026-05-28 01:04:37,031 - INFO - 📝 Document mis à jour : 6eb85bc5595bb2107c092a478ad2518e39dcbf68d848d80ada9a215c01ef5c56
2026-05-28 01:04:37,031 - INFO - 📝 Document mis à jour : 111a5b24fc360bfae294bb6ce350259ef8d605e937d6149e92a0cbcbe1ad0c0b
2026-05-28 01:04:37,031 - INFO - 📝 Document mis à jour : e299ddc85cb7ab20bc1ed6d2aad508b8e92c2fc732d3e0f0b12b039774be6927
2026-05-28 01:04:37,031 - INFO - 📝 Document mis à jour : a533e7f46069da4f16f8209f3630e04f792033088f8c3ed7a61d2365ed3e5488
2026-05-28 01:04:37,031 - INFO - 📝 Document mis à jour : 27b00f78fbf4778665853181ed0949a7b97c6e8420b15fb292aeabf152bf8801
2026-05-28 01:04:37,031 - INFO - 📝 Document mis à jour : 91d77f8cbfd2add88c5d6b525b751d0268b4f12ecd91594071ebf6ae08a71eb1
2026-05-28 01:04:37,031 - INFO - 📝 Document mis à jour : 32c82ca56cb58363ca35b819231a77861056c1faf96fe47dc6276782cb0d2882
2026-05-28 01:04:37,032 - INFO - 📝 Document mis à jour : 3d3106591b1d8bb339034c9d07a595a7cf368ff3b7ad1b16a60b05a7e59f09d8
2026-05-28 01:04:37,032 - INFO - 📝 Document mis à jour : 9486b649987d72b5dfe4634f3cc7807c833b0dce92fd48caa5488b192aa36431
2026-05-28 01:04:37,032 - INFO - 📝 Document mis à jour : 20a25565474e97172f37dc7f00bb39977f1d124af07a025c5314a150eb33c205
2026-05-28 01:04:37,032 - INFO - 📝 Document mis à jour : 2c6c4819f4c83230e365e271c4ed8fe80fd7795f226bb57901e16772805ac333
2026-05-28 01:04:37,032 - INFO - 📝 Document mis à jour : a13f0ab0e2a0c2a20c8166c78b7b3c5872af226180b6ca6d8fadba03fb594c69
2026-05-28 01:04:37,032 - INFO - 📝 Document mis à jour : 0a9148d00b9a81812bfbed630a9f800b1794795a1eae7bdbaf471b37c49efe3c
2026-05-28 01:04:37,032 - INFO - 📝 Document mis à jour : 4665ded4ddc8e4ad24b6f92e8b284faa5ae9ea54447f0a1e1b67d86e4624a570
2026-05-28 01:04:37,032 - INFO - 📝 Document mis à jour : 0f2985b0cf89d02d92d2d5501040463e7c61cb7f16724ef1a3007e465195528c
2026-05-28 01:04:37,032 - INFO - 📝 Document mis à jour : 03cf92f850abba4d08ac28fc57cb69ffa72e635d1c7f74f6c4198e7512087fa4
2026-05-28 01:04:37,032 - INFO - 📝 Document mis à jour : 7e030ccb95500fb67a09760301ae5f900349d53a298760ef3118f0e0c8b525f5
2026-05-28 01:04:37,032 - INFO - 📝 Document mis à jour : 225d6bd9a714be8cd81471faea3d8cf7cd3c4718bfdd2f1f1de19c5a25b00517
2026-05-28 01:04:37,032 - INFO - 📝 Document mis à jour : ae0c1eb0c54a5f4cfe939c9cbed23fcf0d7c80b79be6b15bcb22ca4d2481aca4
2026-05-28 01:04:37,032 - INFO - 📝 Document mis à jour : ac0131efebde42daf41c671c14717347377bd2e3b45005a57847dedddb1a1e70
2026-05-28 01:04:37,032 - INFO - 📝 Document mis à jour : 9ffa715c5cd3a8937311b5e9984c44553b6734411b9b336dcb33a79c3f8eff5f
2026-05-28 01:04:37,032 - INFO - 📝 Document mis à jour : 92d66dd3fb7ed9a4c7e62a978ac1351d3bcc7389ac40b21bc4a0a95bc6375292
2026-05-28 01:04:37,032 - INFO - 📝 Document mis à jour : 0ed7e223249226ef7cd3ee1bdf280bda03bf735bf91bfd6b6ae69190851b2fb1
2026-05-28 01:04:37,032 - INFO - 📝 Document mis à jour : 09e535df700c1e530b19d447572a90c14c6b7309becce4413d99598ce789484c
2026-05-28 01:04:37,032 - INFO - 📝 Document mis à jour : 467a468af227ecdc71c980317e0cfd60ca98e0d89ae7c57c88c75ed190cc48b8
2026-05-28 01:04:37,032 - INFO - 📝 Document mis à jour : fd6d0226f021c4f065e6df38328b4b9cf494d94100033552e887c58c1a22fef8
2026-05-28 01:04:37,032 - INFO - 📝 Document mis à jour : 8bae7b086d2669a4ae24a1ff39184e2572a218c281935d38524c5b9c30ab3dc8
2026-05-28 01:04:37,032 - INFO - 📝 Document mis à jour : 0dc0aa23b1a7294c6ecb3e9487d6c0900ea358281e10ca8ac808433207fb037a
2026-05-28 01:04:37,032 - INFO - 📝 Document mis à jour : 59fb0bf3d9d2ac81020edd6d1bb987ff9a973eb4869079d8825fbdbf6d9c3e82
2026-05-28 01:04:37,032 - INFO - 📝 Document mis à jour : f34bc575641514c0827620fd61a499ebe266d1b4d024678bdc0de7c8046620f1
2026-05-28 01:04:37,032 - INFO - 📝 Document mis à jour : 3379fee6a663ec54e6129a957f79a5bbce439c3486467b8de7478f913f1a406e
2026-05-28 01:04:37,032 - INFO - 📝 Document mis à jour : db76332a3527bfa608f55ce92af9d92221712264af4d44ac89fe144ae6836309
2026-05-28 01:04:37,032 - INFO - 📝 Document mis à jour : 6f80e7eb211e9ff63e0c1b6cf8865d06bae9936e3ee20d51d792eb592abf3b93
2026-05-28 01:04:37,032 - INFO - 📝 Document mis à jour : 56227aed2c9c78022ca9aa03b3a29574a37f5d4de8986de255aea67fc89eb5d3
2026-05-28 01:04:37,032 - INFO - 📝 Document mis à jour : 9ed1f03bc326a8f2b84d8bcfa318d62bdd646a610925059c2808346fea026113
2026-05-28 01:04:37,032 - INFO - 📝 Document mis à jour : 81aca092c63fdbe3469d38e79561bfdae605af53cfc28e019853e92d88821e29
2026-05-28 01:04:37,032 - INFO - 📝 Document mis à jour : a084898e10785a780df57de09e3d3b7013ce7e631c3d080887e45342c6ede7bf
2026-05-28 01:04:37,032 - INFO - 📝 Document mis à jour : 0dd1a205795c8df93c190f97e6cdc79649a1046d0cf277c45aa6871e69884188
2026-05-28 01:04:37,032 - INFO - 📝 Document mis à jour : dc82008e23ec071af9aecb5a9ac3d060172b4b91b4412bc6e5a677b0116ddd61
2026-05-28 01:04:37,032 - INFO - 📝 Document mis à jour : 2e7eae9a653459a45a223b7c7b00aec9d93c7024ef4e7a0d390b81f681fb2951
2026-05-28 01:04:37,032 - INFO - 📝 Document mis à jour : 07d52951fddad5cb43d7a750a8147e806e522f099e2cd6bf29613d85162017cd
2026-05-28 01:04:37,032 - INFO - 📝 Document mis à jour : ddb7774701135edd4127a5d139c76c8b3dbc62c7b1a85347c6092913a3b0c346
2026-05-28 01:04:37,032 - INFO - 📝 Document mis à jour : bdeaf371040e92a3a0513a108f5fbf1846f19d8cd8ac7c752456f37300a4fa9b
2026-05-28 01:04:37,032 - INFO - 📝 Document mis à jour : 66caebc77fdacd6c4fda5f1c460e8885744d117410c97d967e23e567b45e559c
2026-05-28 01:04:37,032 - INFO - 📝 Document mis à jour : 1aef16f11303127ddae0f97fb970cd96aff7b811e67ae6c8ba8a979b552cc728
2026-05-28 01:04:37,032 - INFO - 📝 Document mis à jour : c497ef6ca21f04710af7bf25ca69622b51e48b9f7973589e4114d925d753859c
2026-05-28 01:04:37,032 - INFO - 📝 Document mis à jour : 954568aebd1d9d308a764e33c450c8dfb88dc7acf108ef308fbe56a715440483
2026-05-28 01:04:37,032 - INFO - 📝 Document mis à jour : 03163bcdd2a1bb2bc5052bc48ad7edf66fdebe0336eb253815206a7bfe30117b
2026-05-28 01:04:37,032 - INFO - 📝 Document mis à jour : 99669d04321c57d0ec2054fe87faf79161257799ac972cdb6bc9438f5e30bafc
2026-05-28 01:04:37,032 - INFO - 📝 Document mis à jour : fdd34e6d78a3f44488319135e9492bb19597bd3b30f3b83b95f37cdbb9e89146
2026-05-28 01:04:37,032 - INFO - 📝 Document mis à jour : 44c82074a456831dd84dfa2e0749dc12d04359c25b8c596264eeed30f180649f
2026-05-28 01:04:37,032 - INFO - 📝 Document mis à jour : 32a609d9c9489e588ca1478b35a3ca0e56200b6daae041eb5e750b8630428048
2026-05-28 01:04:37,032 - INFO - 📝 Document mis à jour : d649dfbece02ac5035105c47373f563d80640e0e1a264119afe118c76114e33a
2026-05-28 01:04:37,032 - INFO - 📝 Document mis à jour : db5233832ed3717dc0d1bcd16c03a230c0c3775c7e933b7ec569ee1f39856368
2026-05-28 01:04:37,032 - INFO - 📝 Document mis à jour : 4c84eb73da68c121ecfb43dcb4c08afa65f5972f0b191a35794ecd9dca15e1ec
2026-05-28 01:04:37,033 - INFO - 📝 Document mis à jour : bb6e6ca12acfc0c3258140963944db21d97e755e7cf46ec571be20615fbc13ae
2026-05-28 01:04:37,033 - INFO - 📝 Document mis à jour : 4da1e798cd1fcf58f8e1035e32963aea88dc74e6f2c094510400f7506daaaca6
2026-05-28 01:04:37,033 - INFO - 📝 Document mis à jour : 7538dc7a36f884368b2ce3b89cb19b9e053cb02937b11392474d925d54319482
2026-05-28 01:04:37,033 - INFO - 📝 Document mis à jour : 69a0057546b7201ee720a71ef8d919d5a52acf0789723ced720857ed429a4b64
2026-05-28 01:04:37,033 - INFO - 📝 Document mis à jour : 94defe89eac6f41329dda6df999000ad57ec17ee167a6172d2fdbee42b1846c8
2026-05-28 01:04:37,033 - INFO - 📝 Document mis à jour : 6377d1eb8093c1424019a5e659c7239e6e88cf6a2388d244c30e70e3ba709fab
2026-05-28 01:04:37,033 - INFO - 📝 Document mis à jour : 9c81f608633276edefd46ecb64d26d9a950e82dadf8ac01b75bb61b265b9b331
2026-05-28 01:04:37,033 - INFO - 📝 Document mis à jour : 4b2a019d243a8f568e27dcc6c92772d5b4afb0b3d181cb8721d17f894751a27b
2026-05-28 01:04:37,033 - INFO - 📝 Document mis à jour : fb2d2b5df20ef9bdcfd02c2cf7d444c17313a88f41533eef6e162ef4efa01046
2026-05-28 01:04:37,033 - INFO - 📝 Document mis à jour : 5a526375ce5cd07da30153e16f0818e924ce61671f4d28483b2ed90682a24c45
2026-05-28 01:04:37,033 - INFO - 📝 Document mis à jour : 4aa2f2e66c3893787d4b18e8701aae825e4ea427530e382d0214617f627ba0a7
2026-05-28 01:04:37,033 - INFO - 📝 Document mis à jour : 8d0ea72573fc532dd95660a0b25590c27b617e56a31bf0be5ce86ea070f033a3
2026-05-28 01:04:37,033 - INFO - 📝 Document mis à jour : de49f67ac04bda43897f7736eb865c7793404d71d3793b31040f51d4cf933c24
2026-05-28 01:04:37,033 - INFO - 📝 Document mis à jour : 7851e5633c350cfdb9af91009406727e9ab2ab45367d1f048c37bb36de14da85
2026-05-28 01:04:37,033 - INFO - 📝 Document mis à jour : e26e7c4616f4ee19e560f64ba401d83e209205792ff57c4b7fd6ae41b8184e33
2026-05-28 01:04:37,033 - INFO - 📝 Document mis à jour : 35de078e82c65f520752f47b78e0675576341ab6c827fcb02b7c9398cb53965a
2026-05-28 01:04:37,033 - INFO - 📝 Document mis à jour : e17fa0b11152c330c9e987c97461379fe788b263ec792c86b4fffc4352384d5a
2026-05-28 01:04:37,033 - INFO - 📝 Document mis à jour : 876485f7e978b8667fd0fb713777400975b5d4aa9f133c64cf51f37978b055c8
2026-05-28 01:04:37,033 - INFO - 📝 Document mis à jour : c5fb9b108f82e8a18f41147f73bb390d138dd3e4fd435b14b5e501d821e768c6
2026-05-28 01:04:37,033 - INFO - 📝 Document mis à jour : 5485af4de9063f40d340e9e742a6b6c35240ebaeb9a346e6b990a01b9534207b
2026-05-28 01:04:37,033 - INFO - 📝 Document mis à jour : 592c9d8c18bd47d410b900eb9dd95d0625eb6e5ba1781bf74c42cfec58583701
2026-05-28 01:04:37,033 - INFO - 📝 Document mis à jour : 85eb746da9f0fecabbd18ffc2e6cc4542550f75b299ecee5b8b462c62c3458ee
2026-05-28 01:04:37,033 - INFO - 📝 Document mis à jour : 0ecf4dff3cda50a751650a7ee40a1cf52a377fbf2e9bdedca4f1e6b4c8d1c31e
2026-05-28 01:04:37,033 - INFO - 📝 Document mis à jour : f4e548d87e45d98b27a00f5fea68a586e6e40b5a043c12fd73ea85d17d32c206
2026-05-28 01:04:37,033 - INFO - 📝 Document mis à jour : 39e9affb0838f4927b1361d5b3e3d36801ca0be5861b99ac0442a1fe473a97d7
2026-05-28 01:04:37,033 - INFO - 📝 Document mis à jour : 848fa62e9b0bc33271876cbcc015ecc6e3cc436a79008379b40ee1cd35e82cb2
2026-05-28 01:04:37,033 - INFO - 📝 Document mis à jour : 1a9ad1f934e65d94dd7d4d22847176c20b20e126583128efc9743c0bd7c2bdb3
2026-05-28 01:04:37,033 - INFO - 📝 Document mis à jour : 8f761350120eedf1711a9af257d1bbb80b57afaeffb71ee3136b5f280cf6a6fe
2026-05-28 01:04:37,033 - INFO - 📝 Document mis à jour : 3bd61f36e2f0898feb6421dc72338bfc0395cc6fe656fe578eb3554a78f21c9b
2026-05-28 01:04:37,033 - INFO - 📝 Document mis à jour : 2a260be47ff9d700da1e618d5b63c1291fa543d312e0b966ac46e868f61e3f4b
2026-05-28 01:04:37,033 - INFO - 📝 Document mis à jour : 9db7b9a680e804342b6dd21a731fa429c25823e3bb1b1bb0277dc7e6f7aa99e6
2026-05-28 01:04:37,033 - INFO - 📝 Document mis à jour : fb48835a3e6f380d1174d3d23cb7f61ad1bfc4cccaddf9cf92536309cf73203e
2026-05-28 01:04:37,033 - INFO - 📝 Document mis à jour : 8dd3d6c1b25aa8c1505aa29c7752d7ff44c483894ed3e4782ae38c566805d379
2026-05-28 01:04:37,033 - INFO - 📝 Document mis à jour : 221787bd40da27bd66de9fb1a54cac1c3d260eaf0f73952860b30d5f174f0902
2026-05-28 01:04:37,033 - INFO - 📝 Document mis à jour : d249df20c89166f6f2df9ae29127a5754b9ecc67b658f55eab0dc24c0a3e6832
2026-05-28 01:04:37,033 - INFO - 📝 Document mis à jour : 016520adab05f317aa913c48306770343b07fbe50fc559e77a17fd9b81332d68
2026-05-28 01:04:37,033 - INFO - 📝 Document mis à jour : f714f041666f222b193be06afacfd7882aff72d42f7d85a97277467e12a8fea2
2026-05-28 01:04:37,033 - INFO - 📝 Document mis à jour : 72bac0cbe0b9f5bda19a16a143d055ef0abfc8255392808fd54c7f07afb57e74
2026-05-28 01:04:37,033 - INFO - 📝 Document mis à jour : 5043bda6533b109842f2c3b7523325e4bcb59f72527821af96e93e45240113b9
2026-05-28 01:04:37,033 - INFO - 📝 Document mis à jour : e986158922135157eee5a0b6607fb50d3a8bc22f0f740ef5a421ca3c3b8cbb54
2026-05-28 01:04:37,033 - INFO - 📝 Document mis à jour : 2ca9449766c9a6ea39ce313fcb7a3cdc273aec5e3f25951e1d0afa077e699085
2026-05-28 01:04:37,033 - INFO - 📝 Document mis à jour : c8835a222e21738ea23687890013d1293c2c42c633dcb09d05f1af945c57eac1
2026-05-28 01:04:37,033 - INFO - 📝 Document mis à jour : 0b7029e50c843b94f92cd2c41573235e481a757a0f6fe1883f7195d2bfd08756
2026-05-28 01:04:37,033 - INFO - 📝 Document mis à jour : fa3e5ca5e5c84105e80d3bb5e3ea1e918de00b0aaa3302aeae75ae9862b03743
2026-05-28 01:04:37,033 - INFO - 📝 Document mis à jour : 4417b1f3c75de63458b279068fa1e3975cc35b31c5d9c31dd2aac1976ea30a11
2026-05-28 01:04:37,033 - INFO - 📝 Document mis à jour : a0b228053869d35c86f66d30c821883d9b68901b9091032faffe7e01186a9190
2026-05-28 01:04:37,033 - INFO - 📝 Document mis à jour : 8ae675f323894888b3c5a263df2db93ed1a486073784e84fa928489814f1e9f4
2026-05-28 01:04:37,034 - INFO - 📝 Document mis à jour : 92aca9bad0e376ded95fdca2f35431835d95373a3f533d3868366afb17cbe865
2026-05-28 01:04:37,034 - INFO - 📝 Document mis à jour : 4abae69c10c46cf12927780e8e8b6909160698285152cb6d911fbe1d47990052
2026-05-28 01:04:37,034 - INFO - 📝 Document mis à jour : 729f646fc7dcf3c98b90961102ede317f065c9223354c147d0b16e3b56bc38b6
2026-05-28 01:04:37,034 - INFO - 📝 Document mis à jour : 15ad18ae62bec93b7bf28aedb3c7a0945070aad1296b980792cfef08a0f37828
2026-05-28 01:04:37,034 - INFO - 📝 Document mis à jour : 9c7eb8bc74c353564cb101416678ee8f51c8aa02a6900e5fed2f4cde67186b33
2026-05-28 01:04:37,034 - INFO - 📝 Document mis à jour : 61a160c73f35b76c3cbb45fd22a4999c2ead7316de958d53ab4a3af1fc4546ce
2026-05-28 01:04:37,034 - INFO - 📝 Document mis à jour : a428f48ff99bac8842f2435d26d7e5818a982d71075512a4dc70677e3bfca313
2026-05-28 01:04:37,034 - INFO - 📝 Document mis à jour : 065f092f440344061886ab05d1206bb2c0ef05d3e07304b46d09db2c24b75898
2026-05-28 01:04:37,034 - INFO - 📝 Document mis à jour : d341bf252b6f0e5c4bec1938b0d11620e12c1232cf90961584e09489279338a2
2026-05-28 01:04:37,034 - INFO - 📝 Document mis à jour : 04b7655a824f485174cd084139b15f1806652f62127ec53da707fd5cb3a10f8b
2026-05-28 01:04:37,034 - INFO - 📝 Document mis à jour : 27285eee2d73670def4df383d548fdba61624ea3f2f380c8a81d379a7df5e20e
2026-05-28 01:04:37,034 - INFO - 📝 Document mis à jour : bc8796c7ea073d180e72e146cc8862ec2ea14a9fd717fa383b65b166ba938b9c
2026-05-28 01:04:37,034 - INFO - 📝 Document mis à jour : c64e2252a0f28a95ea71841290f342806d26dbf4e996225a830da06e5e9d357a
2026-05-28 01:04:37,034 - INFO - 📝 Document mis à jour : 04671457eb3bd9949741f9633890f740eae5f60b23f52bb5f9da11f6ddf074e2
2026-05-28 01:04:37,034 - INFO - 📝 Document mis à jour : 38c91d1877ced9da4bdd2fa596523360d25e6cc3ce22dcd7be9420b800a1623b
2026-05-28 01:04:37,034 - INFO - 📝 Document mis à jour : 7a91a69e102dcfbba92f5b474bb986427173bb727b0b8b45ebc6f0b59e2e7eaa
2026-05-28 01:04:37,034 - INFO - 📝 Document mis à jour : 0b05237d4bc5d341777b7acd150fb3722c2c0575d9f805ab3e6cfea39418b80e
2026-05-28 01:04:37,034 - INFO - 📝 Document mis à jour : 1e34bafae5d6559d107184bad8d3b5074699c7abd5c19c3a908a85b2f554c855
2026-05-28 01:04:37,034 - INFO - 📝 Document mis à jour : 85c2a19a36ed4f6878a50a421dd06caf998fbd99868c92355dd1f3d9a170e7a4
2026-05-28 01:04:37,034 - INFO - 📝 Document mis à jour : f2ddd2403691419ff52ad2afd8ac52336101eb861ea01c4290f0c303cb62b091
2026-05-28 01:04:37,034 - INFO - 📝 Document mis à jour : 64573adf92e04b7d19ee35f0df33848e1883a8fd0e9caf371f8a361986eead22
2026-05-28 01:04:37,034 - INFO - 📝 Document mis à jour : fbcb0ea3ebc706ff014812faf245d643dd67bceba6bbfc07033f57045e48d395
2026-05-28 01:04:37,034 - INFO - 📝 Document mis à jour : ad3845666e0701308c9c2936fcd116eb8a122fb97c66fb51d9435330183af333
2026-05-28 01:04:37,034 - INFO - 📝 Document mis à jour : 9c24a51efebb42ec44312fc7793720aa1e57fd1d735cf210abe61e4837276446
2026-05-28 01:04:37,034 - INFO - 📝 Document mis à jour : 878c2f640a3fb9d503a34b0ee07a98f8786c977ada29d0a47cecba496fba8814
2026-05-28 01:04:37,034 - INFO - 📝 Document mis à jour : acd244438645d74bc8435326dbbea0730c7f1daa09da0cbefb5ecf35d379c9ee
2026-05-28 01:04:37,034 - INFO - 📝 Document mis à jour : 5499c4dedf1fd7957451cc1052b5753510fded9dab87e3e2185c45d3cc1f3549
2026-05-28 01:04:37,034 - INFO - 📝 Document mis à jour : 64869266de977eadd8d1274f045ee5d7e0fb09f14ba0daac3abbc6247e7c21d5
2026-05-28 01:04:37,034 - INFO - 📝 Document mis à jour : a45762bc699049452a7f19e60485b50b026ad86b7e55e950c89672e401f193d4
2026-05-28 01:04:37,034 - INFO - 📝 Document mis à jour : e00f70d14c5b4dd32087b7e092cd9f1c8910497d8f8ac66de9291cad92c61613
2026-05-28 01:04:37,034 - INFO - 📝 Document mis à jour : b22893a81c2ec378b317ec33a7b4ef3e22244c58926e57f8a2dbf4239cf09fd5
2026-05-28 01:04:37,034 - INFO - 📝 Document mis à jour : 9e9af2794ec03b2e6b383f5a177e882ca93bb55152fddd531b9325bc47427af3
2026-05-28 01:04:37,034 - INFO - 📝 Document mis à jour : ffa6b51437daac9af1df5b060827295e0ac8169dae456b32869d81c070bf37fc
2026-05-28 01:04:37,034 - INFO - 📝 Document mis à jour : 4bcef8e9f23eb3e8fce0079a9e6beaa2ed2e52627c925108af14093d939be064
2026-05-28 01:04:37,034 - INFO - 📝 Document mis à jour : d2fae2908d288f3a5dbeb23fec1d89f7f23eadffa7162b1b1b6e5b1c69d37b2f
2026-05-28 01:04:37,034 - INFO - 📝 Document mis à jour : e950e10b8432842fe23a52347752769abd8bb0e254e4b2273fccc9a170b797b3
2026-05-28 01:04:37,034 - INFO - 📝 Document mis à jour : f3767e3d5a70e35b677b3a055b877a912634b93c1f88a0af8b448e654669019d
2026-05-28 01:04:37,034 - INFO - 📝 Document mis à jour : da7422f28cb18eea658979782ccc0ac65ecee9b06be7f6f129bb7366fbf9ce51
2026-05-28 01:04:37,034 - INFO - 📝 Document mis à jour : b10f7fa3107174501d84bf648cf31158cfff036cc068ad930f7544e60d2019f8
2026-05-28 01:04:37,034 - INFO - 📝 Document mis à jour : 1b02c142d3ebf5d5d26d78d218d41dde95f2fe982547b63d3ec3de3dbe43a601
2026-05-28 01:04:37,034 - INFO - 📝 Document mis à jour : 55d20889a229ce2ac00fd041d3f71c5239db8db41091fdab3a1a75dd365de631
2026-05-28 01:04:37,034 - INFO - 📝 Document mis à jour : 678c31763d12cb0989314e88743c1a4d9b55628a9de232cea37478da263ac086
2026-05-28 01:04:37,034 - INFO - 📝 Document mis à jour : 89159f09e3aff9efbe00983e5913943471f142d6600beda2c8d62320735aa6cd
2026-05-28 01:04:37,035 - INFO - 📝 Document mis à jour : 87b3c1ff4aba25747b85cd831e3d5f04ec7dfb526beeabd682a289bf6b86b56b
2026-05-28 01:04:37,035 - INFO - 📝 Document mis à jour : 6ef19166cf6bb51036227c0e319d91477be180c5f4467e8ce009770af129f816
2026-05-28 01:04:37,035 - INFO - 📝 Document mis à jour : 7a6d0d7f5f8baea41a837e21a802c68cbcc34ae9877fd34690404166aa197483
2026-05-28 01:04:37,035 - INFO - 📝 Document mis à jour : e15f7eb3906afe68906e3cfca2a279fed7dc03c8e1c69e7dd3b4e2ce0611f92e
2026-05-28 01:04:37,035 - INFO - 📝 Document mis à jour : 10093cee32ca9fa993d9df7c5d8d0ce4673952bab46a466d6ff506e176c86bd2
2026-05-28 01:04:37,035 - INFO - 📝 Document mis à jour : 7299a545e510b8776b0078ee1c0850380411a3c6d575130a9a716f3316f0ca06
2026-05-28 01:04:37,035 - INFO - 📝 Document mis à jour : a3792d3fab3f8a9ba5db65aab5641fa4d7c9382e448cd9ee16a1d793993bfc8d
2026-05-28 01:04:37,035 - INFO - 📝 Document mis à jour : c6aa1c7b1f8c70a3fd4c2fc59090dcc3c98acbde081a33116c1cddd7643d80d5
2026-05-28 01:04:37,035 - INFO - 📝 Document mis à jour : a1db8b750d271e88a0d1997e8a47e8c33cdc2855ff20b4faa5a0b4605a737474
2026-05-28 01:04:37,035 - INFO - 📝 Document mis à jour : 21bd4aefaffb8da8d23533faddaa6d3841984c019518fb410f0678d6fb592b80
2026-05-28 01:04:37,035 - INFO - 📝 Document mis à jour : 8b8229d49f472764e85d7a629d4b90309fa751c6f7beaa8ab777231b4b8f5994
2026-05-28 01:04:37,035 - INFO - 📝 Document mis à jour : 3773ec1d56db0073276ebf5a01ce50c1f4897bb03c00f7afa9df48568e7b7454
2026-05-28 01:04:37,035 - INFO - 📝 Document mis à jour : 34fd633ddfa0718581bcd84b3e1ed25a9a4d03f108819766c75fa93b00c726b7
2026-05-28 01:04:37,035 - INFO - 📝 Document mis à jour : 973722b69205ea14f7e23fdef095172ba47a6c20879486e7fa8c343f1595a106
2026-05-28 01:04:37,035 - INFO - 📝 Document mis à jour : 79e98b9ed72bfa8c13ec3551fccdcedbd063e95c43e2c5291f1d32d7a62795c0
2026-05-28 01:04:37,035 - INFO - 📝 Document mis à jour : 7fe452ad17951e6ee28a389d2f76501e5b72fd4ee912ad9a26037945470a01e2
2026-05-28 01:04:37,035 - INFO - 📝 Document mis à jour : 1d99b8185d5f815f2289aea2e076715ffae4c03340e7eca61a24b3664a3592db
2026-05-28 01:04:37,035 - INFO - 📝 Document mis à jour : f7a84732657aff2da6c8cf02a5d13c0d4598dea13d76b16126be52e0eeecdb88
2026-05-28 01:04:37,035 - INFO - 📝 Document mis à jour : 774628f4d5a759d20c2c95a433961d433352410fcc6888935226885f2fa6da44
2026-05-28 01:04:37,035 - INFO - 📝 Document mis à jour : c8b6ff6961c465b19dd52cf38d63932897bd4a3ae105eb8132e0de2a757b480c
2026-05-28 01:04:37,035 - INFO - 📝 Document mis à jour : c1c59e1dfcb67c3c8b74ba718663fd694be437939fdf9f08f92b1036cf0fc05e
2026-05-28 01:04:37,035 - INFO - 📝 Document mis à jour : 96b0162f67017314f0b010310dea6392589f2df91f11987c1a8ca3eff58a289e
2026-05-28 01:04:37,035 - INFO - 📝 Document mis à jour : 7a92c4a52422ac1a56b543c1ca8182ca442ee26bd5d961018aa6acb362e208a0
2026-05-28 01:04:37,035 - INFO - 📝 Document mis à jour : 0f45ad643d959a4f40ecfc954383dab3fb57a4a40c531e7063da87c87d88b8ef
2026-05-28 01:04:37,035 - INFO - 📝 Document mis à jour : 323e4598879466a91948fd713e5a1096f291b83aa0a8077d8d2aabd6116e4f1b
2026-05-28 01:04:37,035 - INFO - 📝 Document mis à jour : 44e6acbbd93e636f89eb99907d772e59d674ccd089d4ac509ed2a5af3bd11c67
2026-05-28 01:04:37,035 - INFO - 📝 Document mis à jour : a1cef3daa49f96962d3d9745fe046566b255242d82d69c4998d9c25eff17fe4c
2026-05-28 01:04:37,035 - INFO - 📝 Document mis à jour : b0eb2faf9611a162e3ad3c123007efb7230d5ad8762f4c712fd28a9e57e4159d
2026-05-28 01:04:37,035 - INFO - 📝 Document mis à jour : 44010502d100bd4333ea87fb927c39f4a65cf5835c17f1c6c55e7a0bc221f826
2026-05-28 01:04:37,035 - INFO - 📝 Document mis à jour : 95aa23f8623114679cdd0d671f5301901b89f6aedd7981ff24f63b7bbadb2307
2026-05-28 01:04:37,035 - INFO - 📝 Document mis à jour : 8f6913220406b1e77af56862f159e1f8120da112b11ec2d8913d4e3142774541
2026-05-28 01:04:37,035 - INFO - 📝 Document mis à jour : 0e36089e909ddb1aeef0cb4d7c5bb866ea0d7ab57b657a41d2276d53b52c8b9a
2026-05-28 01:04:37,035 - INFO - 📝 Document mis à jour : 29c4ecc0d80e462ddd21a02c7dc340441041717716072517d2050c41e057bb4f
2026-05-28 01:04:37,035 - INFO - 📝 Document mis à jour : f3d5919026c74e7c715ab58287dabfdea29908bffe03826e7a9085fa930aa8f2
2026-05-28 01:04:37,035 - INFO - 📝 Document mis à jour : 1b4e34d698a51f3afbfc2222bdb1e0ce06e7f4e1316965f18558f1dd34ba14ba
2026-05-28 01:04:37,035 - INFO - 📝 Document mis à jour : 7d01e3bc6f22fb71234e15fa427eb4ada79708b37336482c9714240d5dc310e8
2026-05-28 01:04:37,035 - INFO - 📝 Document mis à jour : 95d3b26e3a2404d20d06895d3c000e823dec5a650e7e2f073b8288f4117ce624
2026-05-28 01:04:37,035 - INFO - 📝 Document mis à jour : 6406d9b2fc8c0cf8976a30e820ab5569a7edb2b606366e89689d4de864aee1a9
2026-05-28 01:04:37,035 - INFO - 📝 Document mis à jour : 39cc948980e9085e1a1d42c6417ea78d2b759ea8cb2e5701df04cf33c2931892
2026-05-28 01:04:37,035 - INFO - 📝 Document mis à jour : 53f7e666ec72e9ed1383f5ef8a0d0a0e18213539ff5e5c915f0613117113d796
2026-05-28 01:04:37,035 - INFO - 📝 Document mis à jour : 4007bd3c11676983a458909b12cab9bfb09cc997d228ce668e91ac0cd7b59ed5
2026-05-28 01:04:37,035 - INFO - 📝 Document mis à jour : e1ad54aa68cb715a1e64ca7bf6367d017565ac894bdf01fe75e74b25eaec4673
2026-05-28 01:04:37,035 - INFO - 📝 Document mis à jour : 5cba593edfd66aa3818807dacbab181638b7dc9349d525cb4a3b9af3e3242c99
2026-05-28 01:04:37,035 - INFO - 📝 Document mis à jour : 49a1105e1e804dbd3cb4f0a78bfeace86f450a1b4295aed70aa0dd55db427926
2026-05-28 01:04:37,035 - INFO - 📝 Document mis à jour : a62fa572cc33559fcc20adba8f93645853771a81af5a3d4c59a2b2c0376a18de
2026-05-28 01:04:37,035 - INFO - 📝 Document mis à jour : 776f3fd9780d03a74c8ce1a8d58cd00a1d1e949aa1a581daa06e19b629d22f4d
2026-05-28 01:04:37,035 - INFO - 📝 Document mis à jour : 063168311850d22897c95a3326a25e0f22f4c641bf2dbd6280772b746274674f
2026-05-28 01:04:37,035 - INFO - 📝 Document mis à jour : ad0cf78ec89bbe4d27759c2ce24a4420b8e9cc176211edc2cff590ca052903ab
2026-05-28 01:04:37,035 - INFO - 📝 Document mis à jour : c5e0e02977ea9d7ef4016e30870daf20eb221c0ef6706253dd836dedb32a0119
2026-05-28 01:04:37,035 - INFO - 📝 Document mis à jour : 856c8573b2a89fda3f801f01aaafd393dc912094435bcde2731dfb2f5ac38776
2026-05-28 01:04:37,035 - INFO - 📝 Document mis à jour : 22091e7097ce4a937dcab892cdcf6860d53b01da16032991e428b88cd3de94a6
2026-05-28 01:04:37,035 - INFO - 📝 Document mis à jour : 1a6fb8e33a95d570ba1ea363d51fe4abeb5423c27247cc17985027e1773851ad
2026-05-28 01:04:37,036 - INFO - 📝 Document mis à jour : 4b0696167e0ce6d739dcb2d0a080c10fb47f7b49d009caebab18063815e12ba9
2026-05-28 01:04:37,036 - INFO - 📝 Document mis à jour : ae0c8cc2475bd9c5e65f7301c3d51412ea383f7f108d3bab53599b3b800dda99
2026-05-28 01:04:37,036 - INFO - 📝 Document mis à jour : d66eb8eaa566535fd038074ac81bd7d81c5219dab801ec7bc5a2f34098be855e
2026-05-28 01:04:37,036 - INFO - 📝 Document mis à jour : 5ef74e135508475b7fce35525943410e54a1ce21552e519a662177d59d8987cb
2026-05-28 01:04:37,036 - INFO - 📝 Document mis à jour : 85f6f889effda88c07cb5f723891c3b2f58033e2b237b01eef020dfe9ecd710a
2026-05-28 01:04:37,036 - INFO - 📝 Document mis à jour : 4ff0ae66f113887cddf5d7dbbf760784496a1eaea100699f746e1ad4af23095c
2026-05-28 01:04:37,036 - INFO - 📝 Document mis à jour : c67e4ed1fad1b5642873f9557aa44ec774f97d28e8d5d12dcd96ac1a9f6f3116
2026-05-28 01:04:37,036 - INFO - 📝 Document mis à jour : b81513b3c13ea9b8fafc24693b1524b794cf5a967dd2d38fe70fbf92585ad160
2026-05-28 01:04:37,036 - INFO - 📝 Document mis à jour : e3c1500e96d096b0735f32f6fca5aacbff1e451242687937eeb67ed626f31be1
2026-05-28 01:04:37,036 - INFO - 📝 Document mis à jour : 924109f7c46ef54badb6d0076cd5074d95b159c08d437b5a05c5fe68d4e8c022
2026-05-28 01:04:37,036 - INFO - 📝 Document mis à jour : 08af3922afc5420e6c8977ee278d5837c1d0e64f1481995630fb7cc407b206be
2026-05-28 01:04:37,036 - INFO - 📝 Document mis à jour : a65de5f416ca52b4ed72ee2b69ca9ba3264879d665214ae09c6f66cb4672987b
2026-05-28 01:04:37,036 - INFO - 📝 Document mis à jour : ef7ac90231c2e89cdb5b89f309b9e713798f61b8cfdee281b17e353849f92454
2026-05-28 01:04:37,036 - INFO - 📝 Document mis à jour : f05ad3eff235ddbef97f7ebe8fce553e5f76093601becbce55530c639cec2302
2026-05-28 01:04:37,036 - INFO - 📝 Document mis à jour : 4913ececf34371492dff22198b22ae982ccb125cca9cdfb6b0c4f374c5a3135b
2026-05-28 01:04:37,036 - INFO - 📝 Document mis à jour : ec7d5906324050d9fe23d0e8dd45c06487ea7bd64fd104f633b9e89e5510f2b7
2026-05-28 01:04:37,036 - INFO - 📝 Document mis à jour : 52ad635a625a16036938b7479c83cd55b790305f34845f92cf28f869138546e0
2026-05-28 01:04:37,036 - INFO - 📝 Document mis à jour : 029e657bfef9e19e9c5e16760c6e16eee2e846f6b8cea28f1bd58b9495848a95
2026-05-28 01:04:37,036 - INFO - 📝 Document mis à jour : 4014985adf9a418be096fb734dbf43bfd07bb2eef94b05b2d48a19e81bc362ea
2026-05-28 01:04:37,036 - INFO - 📝 Document mis à jour : 2a06554e64fa4212ffcbd14d8d80c6accadae6e50c47d0bf3516803c21989522
2026-05-28 01:04:37,036 - INFO - 📝 Document mis à jour : 187805a080bf6c70b1d936e16e27c59ba090bdc32c59438f88449fc444108ef0
2026-05-28 01:04:37,036 - INFO - 📝 Document mis à jour : 827e2dc4b4b33ac4a1ee4b0cb749726bd77fecabaeab9505d68c4a8cdcd5142c
2026-05-28 01:04:37,036 - INFO - 📝 Document mis à jour : e93172a36049c09cd4b166ba0081668dccc14176d7cd83ba71f035380a48c1fe
2026-05-28 01:04:37,036 - INFO - 📝 Document mis à jour : da9b244167902802e32dea14b59c2d13ac3da0c8693349cf35f963d2fda4ba2b
2026-05-28 01:04:37,036 - INFO - 📝 Document mis à jour : e1445dabd3eb72e3a351be7543a914589255a73c5817e17401d9308227cb25f3
2026-05-28 01:04:37,036 - INFO - 📝 Document mis à jour : d0b0015e997fe77724547d5389b75432866ef32fe031eb1fb04a9a99b22be0b4
2026-05-28 01:04:37,036 - INFO - 📝 Document mis à jour : d7fe3776232261e331dc3f55352d9f37366d87e661a25fe5ab170a9b3a736949
2026-05-28 01:04:37,036 - INFO - 📝 Document mis à jour : a164504d25a7910d97e1be564951bc85a9bd67b695bcc512da61aa097484904f
2026-05-28 01:04:37,036 - INFO - 📝 Document mis à jour : 0203b4621cb744a91ec974ec29af30546d270e50d7652a5fd27fd0e6228179be
2026-05-28 01:04:37,036 - INFO - 📝 Document mis à jour : b45bc014f1ac32253a0b0d51943a245cd55568c0d54335c2ca9f51ffbc0fb5cb
2026-05-28 01:04:37,036 - INFO - 📝 Document mis à jour : 902a81379f1edc13dce3cbb9a9dd6ab2840e4721b74c182e1b26981223f09cf7
2026-05-28 01:04:37,036 - INFO - 📝 Document mis à jour : 8924b344bcd3b81e6df18a9999a4b9c0e7545bebe17c5757a7583f33fdda9690
2026-05-28 01:04:37,036 - INFO - 📝 Document mis à jour : e4124a2fe0eebeb12d00a919f46e5c6af651cedc48b4009476653912c7463bd0
2026-05-28 01:04:37,036 - INFO - 📝 Document mis à jour : 185e6bd5cb7343fa5f97ed41a0699ee3fc3f8d05137b5e33938dfeeffec7134d
2026-05-28 01:04:37,036 - INFO - 📝 Document mis à jour : ad2e3f37c7c2c7f3ee910b6ddf8af4e1019e82d18d40e055a95350289764bde5
2026-05-28 01:04:37,036 - INFO - 📝 Document mis à jour : a43c600b4dd93fa2d907acc358e0bc8d9561e97ff9d6028786b85e5617cd9e4e
2026-05-28 01:04:37,036 - INFO - 📝 Document mis à jour : 11a8aa24702c03ef251c78c70e9966252951a9c8646a1020438bd27dd7d01572
2026-05-28 01:04:37,036 - INFO - 📝 Document mis à jour : 7adeff4aba6bf5447a1f526edb88883b8f6b591cc7607f12b1a2058bfef976c5
2026-05-28 01:04:37,036 - INFO - 📝 Document mis à jour : e43d70f1a2e73df7751301b7a6a4bf5fdf83ed58ebcc00df0a4415a9e23de069
2026-05-28 01:04:37,036 - INFO - 📝 Document mis à jour : a74ba3d7d3abae203cd170806d08f4bbf4a450d233b1a342b88d252f01cd84a6
2026-05-28 01:04:37,036 - INFO - 📝 Document mis à jour : bef1f607e94f523c2e91fc48eae8bb1f83a45fdd1d2af016016022d29ab91dfc
2026-05-28 01:04:37,036 - INFO - 📝 Document mis à jour : c4cb8627e16ea3ce329a6a3f380a4bfda41bb3f25b98d325eda5ccd68887efa5
2026-05-28 01:04:37,036 - INFO - 📝 Document mis à jour : e2e0b2f635fb57cea0571aa5567e56e5cae5e686b907d3d207baff7ceb144628
2026-05-28 01:04:37,036 - INFO - 📝 Document mis à jour : 58ee8f7bd750fa598b5eb0322ba90c0534c63433aa5b3a04b49f50fc4332a2b9
2026-05-28 01:04:37,036 - INFO - 📝 Document mis à jour : 4d17f647045329cb9afe3fc584bd6f4bf70caa010fdfd6809cd4813f0cfb6fab
2026-05-28 01:04:37,036 - INFO - 📝 Document mis à jour : b7dc3a1b560e9df58754e0dbb9aee179106c524a1740fc572bad32239b2edaf8
2026-05-28 01:04:37,036 - INFO - 📝 Document mis à jour : 84cc8540bee9c99225bff340bccdc3226b2e44ac3e660cc514d4c234970e66a4
2026-05-28 01:04:37,036 - INFO - 📝 Document mis à jour : 61f309ece0847a3a0c50f114da256881fcb1e6020a16b67b2aeb8e2cb3e5ffdd
2026-05-28 01:04:37,036 - INFO - 📝 Document mis à jour : 9f0e2d7124985f83c36ad1d6588912c5e002fb27e208a288ba730bd99479bdf2
2026-05-28 01:04:37,036 - INFO - 📝 Document mis à jour : d8f5bf6eb60f7f6ec88730bfd824169015f605ef104b1b5091ef5d7841392662
2026-05-28 01:04:37,036 - INFO - 📝 Document mis à jour : e1c671d9799efef89598720aa86479aa27a4799181a0c59350f2c65960f5de6c
2026-05-28 01:04:37,036 - INFO - 📝 Document mis à jour : 1a95969dadaf92b8302716372b8ef62631d4803d7d0912dd69ffd40a856d4591
2026-05-28 01:04:37,036 - INFO - 📝 Document mis à jour : 4f9fb4277ed6419f95baa3fe6bd0b4fde5e2992881bf3f5534726cb6880cac3d
2026-05-28 01:04:37,037 - INFO - 📝 Document mis à jour : 0c17e7a0f03ccad423dfde68eff416cde17a0ecb0f3b14dd3c0f0acce23052ac
2026-05-28 01:04:37,037 - INFO - 📝 Document mis à jour : 422608ae6622ac50d21dd2ad4501ec9b705319d6c12b8cd8db79f19697f8da21
2026-05-28 01:04:37,037 - INFO - 📝 Document mis à jour : 1c4c346b5da1fb59839c2282e1ba8558748ef3db56c9985ea55be9d5967aef3a
2026-05-28 01:04:37,037 - INFO - 📝 Document mis à jour : 2b869aeb3c86c2e14b6a37db6e6fe3770779834759d96ec583c8896c29f56b35
2026-05-28 01:04:37,037 - INFO - 📝 Document mis à jour : 8fcc18c778ab8c14e41a0aa3fee38a354dc9e74acb791f3eaf4a3075872ae3ba
2026-05-28 01:04:37,037 - INFO - 📝 Document mis à jour : 693d48b7ec7b1bebce179a406eeadbe115298aa999375414495e406229bec2a2
2026-05-28 01:04:37,037 - INFO - 📝 Document mis à jour : 2bdee73290c5fbcc94e66c78e9561cbad584e14817e33016c47782aa72226a9f
2026-05-28 01:04:37,037 - INFO - 📝 Document mis à jour : 815b1e92409d15228a2e4b6368db986db0cb35cd337a5188e193399877ecc5c5
2026-05-28 01:04:37,037 - INFO - 📝 Document mis à jour : e8e33f708da85bdf92da085c4fc282490792d7a875ce3950ecc95fbd55b513fb
2026-05-28 01:04:37,037 - INFO - 📝 Document mis à jour : b241d840aff29219b119e13a361150d6bb5b99cad6a27aac7a957508baf9a9fb
2026-05-28 01:04:37,037 - INFO - 📝 Document mis à jour : bb5ad027762ca17f155b29bf123cecc7c7ffad530e8d374d339339d9c6d6fcb0
2026-05-28 01:04:37,037 - INFO - 📝 Document mis à jour : 2ea4358d771b56e1810b7c42ec906cf85852f10b0234017789dc2ef2f6a64dee
2026-05-28 01:04:37,037 - INFO - 📝 Document mis à jour : 455432063b6d66a2a63a2fcba34fd75609d399e7f169b23653fb5ec0a2e2c4a1
2026-05-28 01:04:37,037 - INFO - 📝 Document mis à jour : 7a391c531a5688555b8dcafba8fb41166f77dfd3231d3f0c5584d85cc70f582e
2026-05-28 01:04:37,037 - INFO - 📝 Document mis à jour : 7bbea6219e5f2b22598ddd8aaed4f34c82db5b21e9b6f47c5324701a7867997d
2026-05-28 01:04:37,037 - INFO - 📝 Document mis à jour : 604d86f43cde8a5665a3c41339de67cf6e4c0f4af142b9da3d505f6c41eceda8
2026-05-28 01:04:37,037 - INFO - 📝 Document mis à jour : 1ce906922d34f5f8f23902ec207cdf0186032cbb68fba52fb8b761d53645dd09
2026-05-28 01:04:37,037 - INFO - 📝 Document mis à jour : 9f2c6caf8a61efe1ec7dd279300ff2c6995a9fefb619612a80e89f8b60a89aec
2026-05-28 01:04:37,037 - INFO - 📝 Document mis à jour : ae99e0259e4dbba65893360656d3a23875df8d33185b7b25c712162f3f46c508
2026-05-28 01:04:37,037 - INFO - 📝 Document mis à jour : 664a667af1b8a30b2025bb7619d2a879eec5e15c96a7b9b3fe4ef671f046e56c
2026-05-28 01:04:37,037 - INFO - 📝 Document mis à jour : dbf2467d8954a72c969cfe17191e4bd4400a95803d87125b4b76fe64130b4cfc
2026-05-28 01:04:37,037 - INFO - 📝 Document mis à jour : d73c38ce4a13062ab97884e69e68e3e6c922915dd43dc5f950f4f3f5e5ddbe68
2026-05-28 01:04:37,037 - INFO - 📝 Document mis à jour : 747c63ad403f67a56e900369013ad7ce998a522e61c06e8b8381b376fe372c4d
2026-05-28 01:04:37,037 - INFO - 📝 Document mis à jour : e7309b275500cab17244688debbec12e643d180ad8b33e2734667e8acf85f318
2026-05-28 01:04:37,037 - INFO - 📝 Document mis à jour : 598ae7c3faadfdd3ac561c5c1ba9dbaef7a79d7d9b215223e7f4156b5842e09a
2026-05-28 01:04:37,037 - INFO - 📝 Document mis à jour : 548bfa90be0afa0a32672a962c041f960e315107e9947b58cf200d5c51b7b505
2026-05-28 01:04:37,037 - INFO - 📝 Document mis à jour : f93bef73daecc85d0829ed2971222e075820d4f016355fadf796cfec82ef2883
2026-05-28 01:04:37,037 - INFO - 📝 Document mis à jour : 5ae42096415f53286c4fe4ede76f3e9105d4d6a97965d813a080a0e102afb85d
2026-05-28 01:04:37,037 - INFO - 📝 Document mis à jour : f289529db9f928d14568c30743e75d6f24106f195dc4ac026bf5f9902efc96b8
2026-05-28 01:04:37,037 - INFO - 📝 Document mis à jour : e5b8e80e89756be57be88b8cd43b31a9caebd12d67b77d14b271548b3135067b
2026-05-28 01:04:37,037 - INFO - 📝 Document mis à jour : 2c004513a2ff07b29d0d2b0df08d2ecd6ab3ea34a5ce9edc348a8bbda18f913a
2026-05-28 01:04:37,037 - INFO - 📝 Document mis à jour : 31175877d509c9ce9c36123b95a4821b681e80d3b317b6371448c13574391391
2026-05-28 01:04:37,037 - INFO - 📝 Document mis à jour : 53cf56a73855e3998126303a555d8dc4624aa28c66dea9be598362905b2e9189
2026-05-28 01:04:37,037 - INFO - 📝 Document mis à jour : 2843fed9fad7786c9e45d80ee64f0fd2475116467bb2f9d37996d5a1471dd560
2026-05-28 01:04:37,037 - INFO - 📝 Document mis à jour : 7b59034e7c24ad40d594ce3c8bd799e6f561f75bf9c9b4852cee47a744dcf965
2026-05-28 01:04:37,037 - INFO - 📝 Document mis à jour : dbb7e550911bd945b46b6a4da5c4fcc0d926a9d3cda6fcd30bbe398fe1a1a718
2026-05-28 01:04:37,037 - INFO - 📝 Document mis à jour : 7123b4a1fc7b88a06e11ea5e7cf93fe9d17a73d04d1877af251db8515b2e03a5
2026-05-28 01:04:37,037 - INFO - 📝 Document mis à jour : 8836130b260e1c17f7abd5bb4a04778e2b40d490ed4a8c46f1ed311d69daa8c6
2026-05-28 01:04:37,037 - INFO - 📝 Document mis à jour : e3d6b69d64233bf887a8281d5a901569caadd1e10ae34fe2b9936cf1fef1359e
2026-05-28 01:04:37,037 - INFO - 📝 Document mis à jour : 764cafc13b3330cea1ae4b1d4e9abc7e3919cc83dc2aef4954e5f99f13b8c22f
2026-05-28 01:04:37,037 - INFO - 📝 Document mis à jour : cbcb0043839fb2d6c81a39a9a8e0ae15e7fbe3f535baf273039cc1feaff165ad
2026-05-28 01:04:37,037 - INFO - 📝 Document mis à jour : aaa900f4b061e7ce3ce492dd9d9e796ce4a63e55115d0b1672686344e980bc00
2026-05-28 01:04:37,037 - INFO - 📝 Document mis à jour : 19abf4fa6f83a15a1e0606c8c185b95e746c8aeff7f7621f963c25a830313ac8
2026-05-28 01:04:37,037 - INFO - 📝 Document mis à jour : 85d3d8be8c73ef4777b46a67fe236958b6179c0765e979458553e8df08c9f605
2026-05-28 01:04:37,038 - INFO - 📝 Document mis à jour : ecfa1818b9a72a161fae940205e45dd55e5485f51e23f1766248b2917aa5c164
2026-05-28 01:04:37,038 - INFO - 📝 Document mis à jour : 2bb4ce3b6763bf86b61292fb14496b1eb2a1d8ff68fc2cef8ec1df7959be2454
2026-05-28 01:04:37,038 - INFO - 📝 Document mis à jour : 3f4c4ececc7d7f28db7527edf6647b7cc54d0d74c84e448b62f52304d2f1ee6b
2026-05-28 01:04:37,038 - INFO - 📝 Document mis à jour : 3f69106698c5d8ef6dbbb299bba680b7a9dafb9142fc31dddb4f608fa6ee445a
2026-05-28 01:04:37,038 - INFO - 📝 Document mis à jour : 55c8ad3bc790b634c318068b91912d8540bb3fe75aa10b9f5628ce4962337895
2026-05-28 01:04:37,038 - INFO - 📝 Document mis à jour : 23a39bbf275a489e37e45703be3443f5aa9689a01fec3f2fba344e8321223796
2026-05-28 01:04:37,038 - INFO - 📝 Document mis à jour : 4f7313947e16da1b5b73cd9f007349783c1bc74c7ab0f8b617accf899db5f6ad
2026-05-28 01:04:37,038 - INFO - 📝 Document mis à jour : e30bc8055a9ee10d12855011e8915b0645b0db28e27ab5e4b2742edf263906ed
2026-05-28 01:04:37,038 - INFO - 📝 Document mis à jour : 94bfab9fb02dff0c71780dab6d3720bc090c7bab1f874db888d9de6db29b36ad
2026-05-28 01:04:37,038 - INFO - 📝 Document mis à jour : be26cf9ba9b9a07ddc12773f6e9b049818829bf9daeb7308fe880177808bf22d
2026-05-28 01:04:37,038 - INFO - 📝 Document mis à jour : 44d4118b07493a9630d9c5bccde1bf3ed8d4c8acfdccc76e4a7e3cf76ca566cc
2026-05-28 01:04:37,038 - INFO - 📝 Document mis à jour : 301f013dae20968fcdf05c0cf07cb094cad095b522293ad23be68b26469ffdf2
2026-05-28 01:04:37,038 - INFO - 📝 Document mis à jour : d3f6620bdabfbc447e819d9f0bf784a33a7c44663b88d6fac73bc21577e1975b
2026-05-28 01:04:37,038 - INFO - 📝 Document mis à jour : 35b109828b6204b752c6a33a4bb6e0b6dc06a2cb144c295d49e06a47f1fbde7d
2026-05-28 01:04:37,038 - INFO - 📝 Document mis à jour : 4645e1e8ec1a77a5f58a7dd82c5c2a6617ac7720ddbd5f93a7cda555c024bf48
2026-05-28 01:04:37,038 - INFO - 📝 Document mis à jour : f9d85d291f1397720aceaa3e43807998bc2fb11d30c6ef22bb40d4fcb021fec5
2026-05-28 01:04:37,038 - INFO - 📝 Document mis à jour : fa89f63f0cdade9fc37bc2572cb373c91f92852a51e4f302eb800e32aeaa2522
2026-05-28 01:04:37,038 - INFO - 📝 Document mis à jour : 222252d552c6e2322ccb63cc563702c6415409fa139aae7bc8c5855a5586d202
2026-05-28 01:04:37,038 - INFO - 📝 Document mis à jour : 274e250f93edecd8e776c261039ff54e9add2f1e33089129f97b978d9a21bc7b
2026-05-28 01:04:37,038 - INFO - 📝 Document mis à jour : 042070f924bef61a7db6f85c24f3e51899f85b05d1403e9c5ea3a03b2ef5366e
2026-05-28 01:04:37,038 - INFO - 📝 Document mis à jour : c7cc88aefa9222e7db4f815adee0c2ba4db123c246fa31ac34d8cab9747a2426
2026-05-28 01:04:37,038 - INFO - 📝 Document mis à jour : 8dbe4f923ab6314043cad0de6cd8c323667d8bd1c86d9037ca2f515e8769416f
2026-05-28 01:04:37,038 - INFO - 📝 Document mis à jour : 15b5f893575f6a6353631e9cf3f740764108d9df07c188a3adc2a4e0e271bae6
2026-05-28 01:04:37,038 - INFO - 📝 Document mis à jour : 07e8556b793fc3eae5d127ca43720eaeb6bc219d8f5c3c6ef089e2d333ee82d0
2026-05-28 01:04:37,038 - INFO - 📝 Document mis à jour : 64d4c6fc2064a5af96df1b3da282b230472d06250ef582618a93a9768a9fcdff
2026-05-28 01:04:37,038 - INFO - 📝 Document mis à jour : 7624925038517313d0fa7dcda4691aa1a22339e8bb8eec57d1fb46efdd500acd
2026-05-28 01:04:37,038 - INFO - 📝 Document mis à jour : 9e2a04b33f1524c41af5fcb5d5fccc5ee0031195c97c3fd872a6464febfd32ff
2026-05-28 01:04:37,038 - INFO - 📝 Document mis à jour : faea54db92692278cf37f8b71cf85907ccdef208c75564475feb799265549368
2026-05-28 01:04:37,038 - INFO - 📝 Document mis à jour : 12fda878f2a9c59adac744c41d9a5fe89371fc88e6a9dcb67edc124755f49f22
2026-05-28 01:04:37,038 - INFO - 📝 Document mis à jour : 6e8877392182e9d42b475d3827a392cc5fc2ae4f2c383913ed903d240db1790c
2026-05-28 01:04:37,038 - INFO - 📝 Document mis à jour : 0b7464721defeaeda5b425942904b373074f18c74c14daaa324d76029010dc58
2026-05-28 01:04:37,038 - INFO - 📝 Document mis à jour : 30e58e59d475a58078ab23ed1227f17b6d09429772cddfbd29c1f9b9eed02caf
2026-05-28 01:04:37,038 - INFO - 📝 Document mis à jour : a5d67c5eb4943aa2b75b8e0d8abf088f5336776b920cae09e18e4aa608c2215b
2026-05-28 01:04:37,038 - INFO - 📝 Document mis à jour : 66b3024c640802a0a9163ef5890b37d5bbe3d9d540b68ca41ba1a8275ef98ad8
2026-05-28 01:04:37,038 - INFO - 📝 Document mis à jour : 41e99c5103153a170acca6533c2fdfe28da54711e437feeb04d7cd168f0429be
2026-05-28 01:04:37,038 - INFO - 📝 Document mis à jour : 57af0f44307f3047360270a0757f3995c626fba557ba52470eced2a18730ef33
2026-05-28 01:04:37,038 - INFO - 📝 Document mis à jour : a4780332fb9d503a8557e4965485f2cc78d6d3774be2652d422c3e23ed55d80d
2026-05-28 01:04:37,038 - INFO - 📝 Document mis à jour : ff75c0173b7a3ec421e3834b6c1f1784f165ea8387e27ca126fc88e32c7f1e8c
2026-05-28 01:04:37,038 - INFO - 📝 Document mis à jour : 1da22b9a530e726e8e08c06b69cfabdfadf5433c458a09ddaea517fa29852fa3
2026-05-28 01:04:37,038 - INFO - 📝 Document mis à jour : 612e7fb1c2a17293a5a13ce61ec56dc2f198d77a351538998ba5a42bc8c159af
2026-05-28 01:04:37,038 - INFO - 📝 Document mis à jour : 7d6452b0b4ebf73bd60ecdcfb305eb4efea9ffa4a7f3bac4951ef38b30f91e6c
2026-05-28 01:04:37,038 - INFO - 📝 Document mis à jour : 4f0a446b1ff9d7f1e269de23380632c136fc55500b854bc203ac4c114527b785
2026-05-28 01:04:37,038 - INFO - 📝 Document mis à jour : b479bb53d5dd385a1bae983da896bd1a0e09c0e2d359c6572404c921d8156ad3
2026-05-28 01:04:37,038 - INFO - 📝 Document mis à jour : 32e430c4174acf622b1bef9cf5c338c156fc77d39167146a69af11f2298ebec3
2026-05-28 01:04:37,038 - INFO - 📝 Document mis à jour : bfc23fb8515ac3584ef756900939b64070d310882b539b5545d7130ed3273ef0
2026-05-28 01:04:37,038 - INFO - 📝 Document mis à jour : c3bd2d32003aeab10e387b0de4c2e16097a750ad7f4d067fb8a3ed863612a763
2026-05-28 01:04:37,038 - INFO - 📝 Document mis à jour : 96eab74bc1ab15b020913f2ee249cd407e5591e5a8856a56d20f3b792639714e
2026-05-28 01:04:37,038 - INFO - 📝 Document mis à jour : 5a4c894b19ba5336526ee1fcbf9bf936c5312ce2e20bd3126d3fca6366163c2d
2026-05-28 01:04:37,038 - INFO - 📝 Document mis à jour : e5c1319dd40943374c856cf98ff89f271cd38b99418175c951aac4be91deabc5
2026-05-28 01:04:37,038 - INFO - 📝 Document mis à jour : 481f08912be903208783ffb9dfeaa5b04da6a7ba5a18dced78bd86a39676bb61
2026-05-28 01:04:37,039 - INFO - 📝 Document mis à jour : 4acdec7590e4c19c8cd3c94b34f327595f626cdbd4ec6fe65fb49efbf9c16041
2026-05-28 01:04:37,039 - INFO - 📝 Document mis à jour : 9bc452dcf16109387e94da702a89e457eb13d2bbaea80db6b7b179eb796dd33b
2026-05-28 01:04:37,039 - INFO - 📝 Document mis à jour : 3f4f947173991ac69a77638da111927c5b99512621e6a4dea6c9a257796750c3
2026-05-28 01:04:37,039 - INFO - 📝 Document mis à jour : 2a89aed4684482dfac21e5cb1ac4b589750aa8c4af12b6685d76194e1212793e
2026-05-28 01:04:37,039 - INFO - 📝 Document mis à jour : a6b3083dc07ec4bc70022a85f9181410ee61c42079efc80a4dd502d08d4ba398
2026-05-28 01:04:37,039 - INFO - 📝 Document mis à jour : 7f93d5bd1a17b3f0334f1bf4fc63b50d25613f786ae4bfe2173961ae33f5412e
2026-05-28 01:04:37,039 - INFO - 📝 Document mis à jour : 124d27abf6623e5faf047ea4d3f97b8189f51d1f01461d74fef74334eccdba1f
2026-05-28 01:04:37,039 - INFO - 📝 Document mis à jour : b1600da34847b06fad325d0e3fe3d915cb06d5257c35f654a460b5b832260b76
2026-05-28 01:04:37,039 - INFO - 📝 Document mis à jour : db5d44a4559b3e29350fd2adb66375a7fdc3875096871a1049244c51b17eac68
2026-05-28 01:04:37,039 - INFO - 📝 Document mis à jour : a73a025bd4b4589128da95c523016af3f01d7a2c1380eb1c8eb1ec2ecaf4a58b
2026-05-28 01:04:37,039 - INFO - 📝 Document mis à jour : a4c19ee65a34e74dccf5a32c61efd26b4f0726a0ce48eb77fd0805569e9a28dd
2026-05-28 01:04:37,039 - INFO - 📝 Document mis à jour : 70c1646ecd28b576ff1d1b977f1c8005e80bdb33b6c984bddac246ab00234aba
2026-05-28 01:04:37,039 - INFO - 📝 Document mis à jour : ef3e66d421d73a1ae797972dd56ef0cd91902434f3801fab145e17c5730662e8
2026-05-28 01:04:37,039 - INFO - 📝 Document mis à jour : e211d2f2db8e4ce3a639f1c8e0f49f9477db40d2eb196a8230c7669a3b3f4a5a
2026-05-28 01:04:37,039 - INFO - 📝 Document mis à jour : 3b8d7d47078daa57efb90f583c169df83d677843d06390946403700dbfbe23a0
2026-05-28 01:04:37,039 - INFO - 📝 Document mis à jour : 14ca72e6369e3b48563a292ec4f5883b51970d0fed493418b4362c15da56006d
2026-05-28 01:04:37,039 - INFO - 📝 Document mis à jour : cc2a472153de9be829a0ba774370fd272b1866bbbc62b4e2b97c59ec0f392cc0
2026-05-28 01:04:37,039 - INFO - 📝 Document mis à jour : 8d92502a41145ffd0c12d28290ed5fbb1a4772f69ac2522227bc172eed172567
2026-05-28 01:04:37,039 - INFO - 📝 Document mis à jour : fc45c32b4328f849d8d98d78d12d08958f75454e96883b3d453836b593c5b1f0
2026-05-28 01:04:37,039 - INFO - 📝 Document mis à jour : 74ceea518c5a212d0ffa40ffef3926036fc8e14a713a725603cb57e156c338d5
2026-05-28 01:04:37,039 - INFO - 📝 Document mis à jour : df31e9f52ad659bb7e24cc8d7cb7986e35f1d918ca8d6d0017bbaf0e2bf15cb6
2026-05-28 01:04:37,039 - INFO - 📝 Document mis à jour : c004b534869b239bdbd43af589b5115bb4930b0411722dc54da156376f757048
2026-05-28 01:04:37,039 - INFO - 📝 Document mis à jour : 37e9bff4b592e5614a251dd011e788ef455b94c61b9f28c87bce253844118208
2026-05-28 01:04:37,039 - INFO - 📝 Document mis à jour : a6fa7491f677087d5d10ff39df8ca22a8c8d4963007bf4da369ee31ba5ab09e9
2026-05-28 01:04:37,039 - INFO - 📝 Document mis à jour : e89b1360a5dd6124e461ea34d4b02b07890e764830b098f384b1d239daa8ae5a
2026-05-28 01:04:37,039 - INFO - 📝 Document mis à jour : e0750af757145440cd78311b00f0e70f9d2ba2e0e5fac9f25123a29b9dcfb90c
2026-05-28 01:04:37,039 - INFO - 📝 Document mis à jour : d86fa57803f37f051aabb87c796ae4f298df1984dae3f27f84a783a181a52f58
2026-05-28 01:04:37,039 - INFO - 📝 Document mis à jour : b0c75ec57dd343093fc6ec51016263bd34f1379aa2d408d0cb42bcdde7104496
2026-05-28 01:04:37,039 - INFO - 📝 Document mis à jour : 618962510b6d83c0256aa65b4b3a3f15b48d5a544fd9a8bf3dcfb652e14acef9
2026-05-28 01:04:37,039 - INFO - 📝 Document mis à jour : 7c42bd1f8a840881f502e19fe49734b14949ffd15f6e99f78dd15a17a8204ce9
2026-05-28 01:04:37,039 - INFO - 📝 Document mis à jour : 46a33a465545ce4370f8edb4f3f28e1574ac9af2cfdd7c8f20a9f2b3a65e2fc0
2026-05-28 01:04:37,039 - INFO - 📝 Document mis à jour : c7b5b2a9ed95d66589d319ec06b762eeec089993547f5a34713419682c475a85
2026-05-28 01:04:37,039 - INFO - 📝 Document mis à jour : 7df35fbfa99a91aebb3a726f634e9bd9684a624bcf7f09b691ebe65a67e8a9ef
2026-05-28 01:04:37,039 - INFO - 📝 Document mis à jour : 3d127485df77cf2a87c76976bd336ea4a4b371282d415562c46dd91366ca6abc
2026-05-28 01:04:37,039 - INFO - 📝 Document mis à jour : f5639dd10bf03c6544419525a7212159efbe5d60fce5881f5a5ff88b62d1a095
2026-05-28 01:04:37,039 - INFO - 📝 Document mis à jour : 7dd912cb0c617f0a0d13f6395a8e6028cab9d7d9bd5a470ff7d43d351f32724d
2026-05-28 01:04:37,039 - INFO - 📝 Document mis à jour : 7b2395376975d2ae04a6d2f276080af36d3437b7bed74a447a17b688ab6c7ff6
2026-05-28 01:04:37,039 - INFO - 📝 Document mis à jour : 95377c29caedc1bc1a15a54574084b6989371e0c966742a866ca09f830ce7755
2026-05-28 01:04:37,039 - INFO - 📝 Document mis à jour : 76eebe0b7a370b3bc383f62d0209ca9d93b5f2b9514ed55fcd229dc316ff3807
2026-05-28 01:04:37,039 - INFO - 📝 Document mis à jour : caaa4327da4dac78f145d32a0375b4156a131cdd8b7d900787c6571621794f6b
2026-05-28 01:04:37,039 - INFO - 📝 Document mis à jour : 1e6e163acfd5f36fa43af5de536e1a41ceb315e358bf3ef37a3ad8fa52032744
2026-05-28 01:04:37,039 - INFO - 📝 Document mis à jour : a3b2d6309eb0187ebb959178761d944c7ba337ae6a33ef9a834389dcb5b8e9e4
2026-05-28 01:04:37,039 - INFO - 📝 Document mis à jour : 2a2a4bde28b9e503a5b2d0f0be84cc557a6fd6fa3d1c2d4e0dffc0a9696a5ef2
2026-05-28 01:04:37,039 - INFO - 📝 Document mis à jour : e15ff2d8d147e5eb9aeda0e1284890aa113e444a8e11fb3ab199c1a5319c6d35
2026-05-28 01:04:37,039 - INFO - 📝 Document mis à jour : 459caa2cd669f14c72850b96fdcfd56af2278153263277cdb5b5a38f252827ff
2026-05-28 01:04:37,039 - INFO - 📝 Document mis à jour : cb2c250a76da66b3c5591c29435f6f09cd1c5e1dd9d48449f5be4fda16606b01
2026-05-28 01:04:37,039 - INFO - 📝 Document mis à jour : ead431b3eec63c1aa731044f6676abed3e49651932287bcb4ba45334b3079adf
2026-05-28 01:04:37,039 - INFO - 📝 Document mis à jour : dbfaf1ad400a8219b486af046251caaa45f3f0e34db27c1944b47ea286bd4704
2026-05-28 01:04:37,039 - INFO - 📝 Document mis à jour : b55c9a0da0fed67fad3e177270a3d8be867293a5e2f808ad40cab4cdb21216cd
2026-05-28 01:04:37,039 - INFO - 📝 Document mis à jour : 3d471f373b262b1a0ad0024e08e9a3b6bd5a106607333babbbaa06025fe52bf3
2026-05-28 01:04:37,039 - INFO - 📝 Document mis à jour : 888fb8d703a7a22b4d874e648bea7f9df9781c6de7217a75ac055e0b24892bbd
2026-05-28 01:04:37,039 - INFO - 📝 Document mis à jour : ce9569ae7f4deab839d1cee5358b02b311d89fbdd057ee7af421ac99b3208241
2026-05-28 01:04:37,039 - INFO - 📝 Document mis à jour : 32520225394592132537d7a9f49fe6f7d34557fca5b253c441d2eaec263a5760
2026-05-28 01:04:37,040 - INFO - 📝 Document mis à jour : 89e4eb67b8409c1e4f1a60fed68d696ca497278372729f19d6246c16a02eb579
2026-05-28 01:04:37,040 - INFO - 📝 Document mis à jour : 1269925814c87e0b87f2223fe1ef81f642c4aec9399e41df5e9233be13f31172
2026-05-28 01:04:37,040 - INFO - 📝 Document mis à jour : e899502c3b473f8978369cde74c70e0f3c8fdd109c9edd7206d4446606358095
2026-05-28 01:04:37,040 - INFO - 📝 Document mis à jour : f8f2544f5e92564bb6fc5a4f250dca5c8ca19c24bab45e870adbbd4508f18555
2026-05-28 01:04:37,040 - INFO - 📝 Document mis à jour : eb18cb7606ea420d3be46b239e201c3d42a624336b60e4bda737e1c255917cb1
2026-05-28 01:04:37,040 - INFO - 📝 Document mis à jour : e8a08731cc90520792c1e8265202bdb204c5e5ea61c20211f528ed15ea92275b
2026-05-28 01:04:37,040 - INFO - 📝 Document mis à jour : 59f81ead273e428ab74ab05b8eaba322dcd28d30421219c80d3d2968f2e1aa64
2026-05-28 01:04:37,040 - INFO - 📝 Document mis à jour : 5633e80a586dd8ae07ad2e0cb80403b5bec12a384805b4eff430ae29a800d50a
2026-05-28 01:04:37,040 - INFO - 📝 Document mis à jour : d77103392769ae58aa5d1c028976e6971e3aac83fa9cba90aaaebad551c3adf8
2026-05-28 01:04:37,040 - INFO - 📝 Document mis à jour : 86eb2353446b891fbfeb3c38c3f22cf8f2379edf5b8747c879ab8d98b2d1472d
2026-05-28 01:04:37,040 - INFO - 📝 Document mis à jour : ff81564a35fcbb636f287bcb5575b9227e9918706d17f19ddac17fbb068b87b3
2026-05-28 01:04:37,040 - INFO - 📝 Document mis à jour : eb65bb9ed69a0c3adc3582cba639ae313834d3fab99c044ca650c8bfa986843a
2026-05-28 01:04:37,040 - INFO - 📝 Document mis à jour : dd8a7e4ec1d5e12241fa0c3b807ccce7f4f84f94cca3bc81df392b740bb3d48d
2026-05-28 01:04:37,040 - INFO - 📝 Document mis à jour : 4cf0eb966cbae5c1f8540cf439fcf2907d2e5a9e3fee539d6d792ba4ddadbb67
2026-05-28 01:04:37,040 - INFO - 📝 Document mis à jour : af30d95dd5055dab4a75f5b7284a7612ec413087636821affc1e4380f9c266db
2026-05-28 01:04:37,040 - INFO - 📝 Document mis à jour : f87e4a9001cdb8020b404a919a9d7979052a64a4f65f419cd5b0c6554328bf3e
2026-05-28 01:04:37,040 - INFO - 📝 Document mis à jour : 04d182ceb8b9a8c145f980a7ab31963baf49951c54a7bf8a739fa074bb063b3d
2026-05-28 01:04:37,040 - INFO - 📝 Document mis à jour : 0b267d81cba96b53c4b199bc4889047633355e1956d596b717d8c26ac2bc0722
2026-05-28 01:04:37,040 - INFO - 📝 Document mis à jour : 77e4491a7e11571fa169b12b603997ec357c7e7c252dcaf733ef174e658cc0df
2026-05-28 01:04:37,040 - INFO - 📝 Document mis à jour : a9c0700966075f6e8f673a9e5202ae7a88161dd7ebdb55bd7be6fd5dee010871
2026-05-28 01:04:37,040 - INFO - 📝 Document mis à jour : 3a33962c2350ff2da2248d327a644c9f0763046aa2384154adc010f79a52f11e
2026-05-28 01:04:37,040 - INFO - 📝 Document mis à jour : 2affdf549546997b64d4ef1427818a384c420e3669a104ee587031750c92ef2a
2026-05-28 01:04:37,040 - INFO - 📝 Document mis à jour : 37814a1b83c944a1816f05e6c3ab4698b4c3a095dde459c474e518ab682ce734
2026-05-28 01:04:37,040 - INFO - 📝 Document mis à jour : 277da3a4c41938e540d946bef98706df6a72812bf325376a5d4206058bd42387
2026-05-28 01:04:37,040 - INFO - 📝 Document mis à jour : aebd18fcd4a488c370482d452c4de25d4085c992fc30bfe69d9b4ae2add30b19
2026-05-28 01:04:37,040 - INFO - 📝 Document mis à jour : 2a4d182bede4c53fcea02a31e2306c96860adb1dfba869321412c9529d874cca
2026-05-28 01:04:37,040 - INFO - 📝 Document mis à jour : b3b4dfe70e3a04e1d881195c5c41f390ac4e1d004e329f772687989684fc471f
2026-05-28 01:04:37,040 - INFO - 📝 Document mis à jour : 04f48d05bc0095b4ef4cf766d7fe2f13933be21f8bedbbb3b40bd73db5f0b30a
2026-05-28 01:04:37,040 - INFO - 📝 Document mis à jour : 4b7068a911ac08c8de084b6b1dd3e087fa99c0dee423e51c8938032d115e1e8b
2026-05-28 01:04:37,040 - INFO - 📝 Document mis à jour : ec825ae0b710b8aa6d239257243bb4d5c2f3e42f19ee691f6b7fe27a71deeedb
2026-05-28 01:04:37,040 - INFO - 📝 Document mis à jour : 8c21f112d66125db954dfb06e0ba708b28805329e3e592e97728a8a976eaee95
2026-05-28 01:04:37,040 - INFO - 📝 Document mis à jour : be55ef3c2f7bda99e9a4768edb8beb7e08c494f6c54731996edb6654ff5d47f6
2026-05-28 01:04:37,040 - INFO - 📝 Document mis à jour : bfebac97fd2d33e71e26343859df4f898ec9da192aaa0ed519338cc48c53095e
2026-05-28 01:04:37,040 - INFO - 📝 Document mis à jour : 33451b6abcf85826118fa010cacd8683850c4f0fe3e6035c3c437dee942f90cc
2026-05-28 01:04:37,040 - INFO - 📝 Document mis à jour : c3fc62516922b8f4a18eb401b50a6cc0da38f8c52f862d9944d9592dc71e5cae
2026-05-28 01:04:37,040 - INFO - 📝 Document mis à jour : 329b47a40b47799940ae4fa0704a3bc0a355365d4b5b49622da16c92e123c088
2026-05-28 01:04:37,040 - INFO - 📝 Document mis à jour : 94a313d70108ef1ba05e4eef3078eb2b00b5b505efd3cc2cc833f019b6c4ef6a
2026-05-28 01:04:37,040 - INFO - 📝 Document mis à jour : f38da45a00fd5919556cae11e74a114d25a2569206ebd7c1c44bbda42806f6a1
2026-05-28 01:04:37,040 - INFO - 📝 Document mis à jour : 972e6ae55264c189da32b7f6684cca7cb84725ff66aa991dcadcdaed72594fc9
2026-05-28 01:04:37,040 - INFO - 📝 Document mis à jour : 214d42b8d8476f78fcacd06237e85ab97afbfa4fb463687ec2da3afe2cebc1db
2026-05-28 01:04:37,040 - INFO - 📝 Document mis à jour : 1cfb6136ded1670910f3b9657329ebce7f53b6d254f2f6605618a9c650ed4a3d
2026-05-28 01:04:37,040 - INFO - 📝 Document mis à jour : 6866bddc683d9548874b3b78904a4c677df9728b49bf58c9ece5f31396e0e622
2026-05-28 01:04:37,040 - INFO - 📝 Document mis à jour : 952b97ac33a833229c1e43dc3448f5c3e26a40ca977ce8ce92762fdd8a1f0412
2026-05-28 01:04:37,040 - INFO - 📝 Document mis à jour : c108ff19bb6c3ef769349a130b7b4986d434643fab8877d158e650a8688413ce
2026-05-28 01:04:37,040 - INFO - 📝 Document mis à jour : d649b52dddc01e9ed088f1ba50a76fabef4efcef1a01762e0347303c7e83401f
2026-05-28 01:04:37,040 - INFO - 📝 Document mis à jour : b95f35d9a334dc92aeff98bc9a29677ffd2ac92605b6ebea2fa11afee4ad9523
2026-05-28 01:04:37,040 - INFO - 📝 Document mis à jour : 3747102ba6d78cf1ff82266ac87ade7c4470cb77269209cc5658d1f07ee42edd
2026-05-28 01:04:37,040 - INFO - 📝 Document mis à jour : e83e1f6afc9c07d09011b952ffa66b3f435ec9526e7cd6062b555a6187c44915
2026-05-28 01:04:37,040 - INFO - 📝 Document mis à jour : 945a9703bc5c3fa165b05b98484ef89a7e505f5df0e79e5b9a8e0acd6ed7e1f0
2026-05-28 01:04:37,041 - INFO - 📝 Document mis à jour : ee39bf0672ce3ae0dbfb9515211c5b4ba0aca89a2ece23304a59eabaf24ce81c
2026-05-28 01:04:37,041 - INFO - 📝 Document mis à jour : 4a460afe08b7ea81e96c6a653e060b4b262421b97f89f90c856da5a99ef701de
2026-05-28 01:04:37,041 - INFO - 📝 Document mis à jour : b2b2b378f8642225b7596431094105d3da1970dd77e12d88bb878a2f8e07d63c
2026-05-28 01:04:37,041 - INFO - 📝 Document mis à jour : 874ea1acd9e4143b4c4aa9fd9193f78915c20a90130eba3a0ff1cfafecd9cd8c
2026-05-28 01:04:37,041 - INFO - 📝 Document mis à jour : 9a6a4445e6630a83239de5ea82812ade1960128e3f849a684e1b359aafc0121d
2026-05-28 01:04:37,041 - INFO - 📝 Document mis à jour : ad3163e5833748bd2a94d9e0bb2049fcd97f49227b1aea9a528702ee873740db
2026-05-28 01:04:37,041 - INFO - 📝 Document mis à jour : d01a5b69b84a12539e41374511ecfde90dff416446bdc8d3bb20ce5a58644af7
2026-05-28 01:04:37,041 - INFO - 📝 Document mis à jour : d71ee7240d58e371de3f9233ee68d2d68081831f59b39f8afac0645d558d358e
2026-05-28 01:04:37,041 - INFO - 📝 Document mis à jour : f443ece5c41c3cd47a18134cac03f50ca6a04cd7fa3c4f660944c2b00665c03c
2026-05-28 01:04:37,041 - INFO - 📝 Document mis à jour : 2b512475222911758f54af00c0433990544bdf792e2d1c04b0b4333a9fd22ac8
2026-05-28 01:04:37,041 - INFO - 📝 Document mis à jour : e9f3d38cb6e315f8ba4412eca69223b6a21ecd82a729b756d20273ae257ecba7
2026-05-28 01:04:37,041 - INFO - 📝 Document mis à jour : 4f7ddbd17f6a6057a81d596c4077bbde4df804eec0887d0bb7a458d53f76ebb5
2026-05-28 01:04:37,041 - INFO - 📝 Document mis à jour : 38d5ca688086762b79c4dc7a8747a1e6d310912a8db52aaf3f0ecbffad74f72e
2026-05-28 01:04:37,041 - INFO - 📝 Document mis à jour : 244651c606ec0840bf1266081641060f724ee274b06a2e7725ef0852443418fb
2026-05-28 01:04:37,041 - INFO - 📝 Document mis à jour : 0c30ef5cd0420f51759a44c4f2655e57b88b6f52e3f40734b682b100cee38307
2026-05-28 01:04:37,041 - INFO - 📝 Document mis à jour : 9e5e662c4842739b7ac6d1ac3d43aafa426316155074a8fbfaef17690fd61ddb
2026-05-28 01:04:37,041 - INFO - 📝 Document mis à jour : e0e30e278b8c55b368d9b29d5b15b146081b7fbfb5ba2c6ffa30a7876477238d
2026-05-28 01:04:37,041 - INFO - 📝 Document mis à jour : 0defe728a80736fc6f37b02f6b90aaad392f92bfd3c612a1c6e7197853bf49e7
2026-05-28 01:04:37,041 - INFO - 📝 Document mis à jour : a2c8972511ea063454c60988b0706276b8a67d91f6e6c0f102cb1342a41d1917
2026-05-28 01:04:37,041 - INFO - 📝 Document mis à jour : b2095b9dd8d30dc72ef1afb88743cc2864bb409471391659462856b6bd9aea11
2026-05-28 01:04:37,041 - INFO - 📝 Document mis à jour : 0f42a9986662163e66745f38d8580d0a4a12a804273cee9ec3fcd536025266da
2026-05-28 01:04:37,041 - INFO - 📝 Document mis à jour : 10903d1a57b6b170f9423b1d92142a4b819b6cd3ed472b272dd0977d2a1f29f0
2026-05-28 01:04:37,041 - INFO - 📝 Document mis à jour : 6be32cc9acd916a14eb269aec5f46dcb15df597923127a9ac5f92acf5bd72b31
2026-05-28 01:04:37,041 - INFO - 📝 Document mis à jour : cf72a58b6c27f4290cca39fef2603382a7186bc8881e2ce0817aff9dc1dbe6b2
2026-05-28 01:04:37,041 - INFO - 📝 Document mis à jour : c4229e6cd1286c3fb5ac6f2e2e9380a7cb93bee66f04055eae04e228bab64586
2026-05-28 01:04:37,041 - INFO - 📝 Document mis à jour : 9d0f39a4d8ce26089298c70d14d94c89c3efd427f9a27a8322c66f0d19b53c79
2026-05-28 01:04:37,041 - INFO - 📝 Document mis à jour : 8662f5e989a917d1ea91d5039191bac5ccf382619acd009d42aff0cb7d7bde2c
2026-05-28 01:04:37,041 - INFO - 📝 Document mis à jour : 77005bc0054df6d83b49ecd13f6befffda9e87b7d2be0de93c7c4c474d9fbb7c
2026-05-28 01:04:37,041 - INFO - 📝 Document mis à jour : 97682484d8be9140a5a39eb6deda88b1bcbd6262f939d831ed0ba0cd218ab859
2026-05-28 01:04:37,041 - INFO - 📝 Document mis à jour : af809330b983ea0438707d97bb6cd623af0bf82dd48cf2e4304d4c2325092533
2026-05-28 01:04:37,041 - INFO - 📝 Document mis à jour : 0e6c1bef8e5c0065a95ea9cdb13540562609d7bef904c9d6633dc0be12b2d1da
2026-05-28 01:04:37,041 - INFO - 📝 Document mis à jour : b98d74fbaa5058a95683bab333d577725c3a72fda9affd39ac7acdf25e3fae82
2026-05-28 01:04:37,041 - INFO - 📝 Document mis à jour : 012f4f32df47de13db97cee6df462ce73c4c956acefc486febb5f22fb5af4f2c
2026-05-28 01:04:37,041 - INFO - 📝 Document mis à jour : 909b95d20157287f741c9de06cf2da289013095b70aa712ac6d2401d9540c775
2026-05-28 01:04:37,041 - INFO - 📝 Document mis à jour : 792dd85ba56149621c64779f9431392313efbb9cafcc0bf2442608b6993d810b
2026-05-28 01:04:37,041 - INFO - 📝 Document mis à jour : 7465e871a274ddd509c01525083f383fadb780f567e8c41a1939ecbe6dc8cfb8
2026-05-28 01:04:37,041 - INFO - 📝 Document mis à jour : f5c72dc742e56cfb7993d4cbebd2951d1f0622986014f8c097e61e2923e6d6a4
2026-05-28 01:04:37,041 - INFO - 📝 Document mis à jour : 5911740e67d56c702d55316f8824aa85c0af53b997976f4f3c3ade8305a3a1f0
2026-05-28 01:04:37,041 - INFO - 📝 Document mis à jour : 5b6c88db36899107f30ff9903531670c470fc02ce1b89827840c45ab8ecf6f64
2026-05-28 01:04:37,041 - INFO - 📝 Document mis à jour : cceabcc182d74f7b3d8a3309f03c67f40099f763e6e8b1b3e8f9ccebc207b7c5
2026-05-28 01:04:37,041 - INFO - 📝 Document mis à jour : 8e2e1a3de9e14f3b6b77b64fdf29117a46c6685cc72dedadb98f4bbcba897c53
2026-05-28 01:04:37,041 - INFO - 📝 Document mis à jour : b931b48479740a7472680263711a128d9ded8b9953a3c485ed4458a76303e073
2026-05-28 01:04:37,041 - INFO - 📝 Document mis à jour : 0814ab1280b3798d555d7b7b928a52a676e0979d73965285090e66872d3037e1
2026-05-28 01:04:37,041 - INFO - 📝 Document mis à jour : 54f0bf17c8894604eaabad7890a032d04ad094b7f712f339321fb180c38b8e41
2026-05-28 01:04:37,041 - INFO - 📝 Document mis à jour : 7c01b1968e57cc621fb7b1ba6e968c51968d3a2f2d26d05d2f2fdd65e74b4b35
2026-05-28 01:04:37,041 - INFO - 📝 Document mis à jour : 735b60ecfac1de495913b01886ecff99766e51665f8c0c5efbdcc290e6c1b135
2026-05-28 01:04:37,041 - INFO - 📝 Document mis à jour : 3bfe764676eae79f3ef4d53378f00399f29bb6cbcb417b074d5df3f09739043f
2026-05-28 01:04:37,041 - INFO - 📝 Document mis à jour : a87d82caa9644e67ee2025cb7968dbcf2252a8c12640ef316d720ebf5f155304
2026-05-28 01:04:37,041 - INFO - 📝 Document mis à jour : 63651d61b7df1a73f44942212ee6f1584dcbced06e269476244d0b06df3e1e46
2026-05-28 01:04:37,041 - INFO - 📝 Document mis à jour : 35a96eda13d9e3aa55a4a75accef56238cf64538aea9471989a6edf9c3bc6569
2026-05-28 01:04:37,041 - INFO - 📝 Document mis à jour : d566e687cd3e0dcd5c02dd8db6920efba4a5aac61c900fd0043987568e0dc59b
2026-05-28 01:04:37,042 - INFO - 📝 Document mis à jour : 302d6a90458d2f48f75e031340720ffbaf446ac23218f70fc7967f1da7f24560
2026-05-28 01:04:37,042 - INFO - 📝 Document mis à jour : 9a6e39951d699c45d232332a742e31d6766e38add14b52f1da4d4990dc257650
2026-05-28 01:04:37,042 - INFO - 📝 Document mis à jour : dc9a917917c084120b056bc47e0e3b44d99f8532b81275ea7e2b1f583b1463da
2026-05-28 01:04:37,042 - INFO - 📝 Document mis à jour : 1ccea252a2bc843a8a5a40bf65ce59e24f2e41eaee60f6a75b28e833ab780d78
2026-05-28 01:04:37,042 - INFO - 📝 Document mis à jour : 0ef482be624f5643b6e106c48718dc5f5d3c66e3d57d442fc3f426b47dbabf9a
2026-05-28 01:04:37,042 - INFO - 📝 Document mis à jour : 44c7bb9b6faca1edc4155eb91a8b7803511875c146991d09660c2fe4ed5bc688
2026-05-28 01:04:37,042 - INFO - 📝 Document mis à jour : 09684f27369308cad103644b1419dc9b962b968e3bd4177d313316d7abdbfc26
2026-05-28 01:04:37,042 - INFO - 📝 Document mis à jour : a5dc8a82dc4fa5fc4b4b467bc260a4e661b991f4e39b0e23a9ee4f0b6985f205
2026-05-28 01:04:37,042 - INFO - 📝 Document mis à jour : 6447d0141ccdf988d5a7e88a2b93a0e939d2a3e7b2c0c9541723b0b9c2b1ae33
2026-05-28 01:04:37,042 - INFO - 📝 Document mis à jour : 53c9281f2c36daef64bf0f82f263fd60880fe861f9b5f62a0230c96af9e1e057
2026-05-28 01:04:37,042 - INFO - 📝 Document mis à jour : 28a4da9a2b0f79591d9763408e02c932fea4e242c7d5e9e8689595be29b2dda9
2026-05-28 01:04:37,042 - INFO - 📝 Document mis à jour : 8696352e7faa8b127d4ce83fe2d5f197c2bdd06052bf7c3ee5d64b1d5b7a480c
2026-05-28 01:04:37,042 - INFO - 📝 Document mis à jour : c562e0bbf59bedb3f8c80b589aa60993600d94751d2de7defa54cbdb3c73709f
2026-05-28 01:04:37,042 - INFO - 📝 Document mis à jour : 64ef0864c37a919ed970c4c4458590ec2abd9a884f112c57a9a73a293634df8e
2026-05-28 01:04:37,042 - INFO - 📝 Document mis à jour : bcd2a7a9a9137cc1c2bca38f6be848516787e259a70caf09b3d0a88a52398537
2026-05-28 01:04:37,042 - INFO - 📝 Document mis à jour : 7941be1615eaaf10fba86d633244bddfcc55b40ee12c0e521601bc5693d01374
2026-05-28 01:04:37,042 - INFO - 📝 Document mis à jour : 49dc88199b16844c2985e19220af5d8bc02619cab98d8ae11999f02aafb23728
2026-05-28 01:04:37,042 - INFO - 📝 Document mis à jour : 402f65db975b4bade31257b99990455f74780c3a76e49b4b361bc7a60eaf6ef2
2026-05-28 01:04:37,042 - INFO - 📝 Document mis à jour : 6bde35a0ef1d73db20e6a8c36c65400d2ac379657ea268e6235fdba595d7af33
2026-05-28 01:04:37,042 - INFO - 📝 Document mis à jour : 42edac2c0fe0195032c3dde9b0645adef66b2f19b6d0413f8dc63ed929cbeff4
2026-05-28 01:04:37,042 - INFO - 📝 Document mis à jour : 7102f3cc2191e9c55afa974007260db269c0971f45ea1f100f56e980d7163785
2026-05-28 01:04:37,042 - INFO - 📝 Document mis à jour : 14217b46b5f773b5f1c5e48152d95b19a0f73231d6f75c8713d64e0f26820790
2026-05-28 01:04:37,042 - INFO - 📝 Document mis à jour : c066abea3ba6e4420a7adc4b8da5cf1e11143a81bd15fde9d6ce83fa6fb8b0d2
2026-05-28 01:04:37,042 - INFO - 📝 Document mis à jour : 1c140f99d8d1768723dd0e11bdddbbee1b062fd019847cb246292b76524267b7
2026-05-28 01:04:37,042 - INFO - 📝 Document mis à jour : 04c5445b650a9f8d873b9debce9e097f2e7d71674ead6ed6464f49281324dc9d
2026-05-28 01:04:37,042 - INFO - 📝 Document mis à jour : ba0d474bdb5baf2cf5a3b0881abf64aad804e9830c0f3174ea49c6a1f347601e
2026-05-28 01:04:37,042 - INFO - 📝 Document mis à jour : 0b314b4c6ba6a6cf04c148e3e8e73351c9d1e8ebfc80222e649c0591b31639f9
2026-05-28 01:04:37,042 - INFO - 📝 Document mis à jour : b2717f464e582fb6749e2a3d25b880cbd8734bff2667ab0f393f2ab98fa9b377
2026-05-28 01:04:37,042 - INFO - 📝 Document mis à jour : fa13006d555f6c107a62abe3761ce0cc5246142ef2305cb6d7dec6478925894a
2026-05-28 01:04:37,042 - INFO - 📝 Document mis à jour : f9a803363939913852cba2bb1bd61c65e4d7ea2d516e07fe2acccbccedcc9fb3
2026-05-28 01:04:37,042 - INFO - 📝 Document mis à jour : e577bc2c1a1c40f6e47c833f8bc92102ed265c7148b99e2332991f959556a37b
2026-05-28 01:04:37,042 - INFO - 📝 Document mis à jour : c73ca778c82504b3f87a267584a2ee1fcba53b8c8f62747e9d28649977618516
2026-05-28 01:04:37,042 - INFO - 📝 Document mis à jour : 6be2b185ed42e7642c2595ef7a3fe63109d5cbf7c86e3b0aeead74166080c56a
2026-05-28 01:04:37,042 - INFO - 📝 Document mis à jour : 786ae3be42dad7d337dafba19955d52100cff256f3f06bb286876cd41c503734
2026-05-28 01:04:37,042 - INFO - 📝 Document mis à jour : eb9468f674a0c6de8be0a41ebac50c7f64ff16e44e7d6de6754e80f9908922f0
2026-05-28 01:04:37,042 - INFO - 📝 Document mis à jour : 6d74352eb393f5aab38ddebe742981c8ee4183840a149ca87e9e00ccfbd6ee61
2026-05-28 01:04:37,042 - INFO - 📝 Document mis à jour : e9e55b34074cc3b6fd912dc9a97ed4ba437259160b582423a24f3cf60a745256
2026-05-28 01:04:37,042 - INFO - 📝 Document mis à jour : cdfd999da5802c333a337b78710cfe6aec00f188c87c872c957b1f02db7104f7
2026-05-28 01:04:37,042 - INFO - 📝 Document mis à jour : 52474b474e675da3362f7c227878d56393a2001022a5e195773240148387c098
2026-05-28 01:04:37,042 - INFO - 📝 Document mis à jour : e50c0afdb5114150c1e22f105cbc1a753e17abb761e39c8b98ed8fbb70a36566
2026-05-28 01:04:37,042 - INFO - 📝 Document mis à jour : ba50938a6f5a607e18f4f6fb8b9daf2df1950cb820f9373e43fd6da076796570
2026-05-28 01:04:37,042 - INFO - 📝 Document mis à jour : 3460d3761b08e586a42341975302cf2ab7b0239dbb7009fe2a42a31d05d8832d
2026-05-28 01:04:37,042 - INFO - 📝 Document mis à jour : 86a013643e0b5a3bfcf690b7b990e4ad131fdb27484eff3bddb3e87131bb3917
2026-05-28 01:04:37,042 - INFO - 📝 Document mis à jour : c2f346f80ff0bc8430ed9c66076534b067eb5d71739e18bd7d2399af5c6ecb86
2026-05-28 01:04:37,042 - INFO - 📝 Document mis à jour : 49d961c0f8884efe2919d991a15cab4b3625a67fdab4985cd3a39b9934d1afac
2026-05-28 01:04:37,042 - INFO - 📝 Document mis à jour : e8bfe9293f10c19e0aec89938cbff0777e7fb1dd20860fa7df5cccdf2f0a140a
2026-05-28 01:04:37,042 - INFO - 📝 Document mis à jour : 5c3a1320be3131afb46d2e9238c7e97be77e0c56887162ec8fc44f4c35fdd5e0
2026-05-28 01:04:37,042 - INFO - 📝 Document mis à jour : b71311f1de26b030f9fedb8a155583aa7fcda5edafdd1c64a7a0d2837d603245
2026-05-28 01:04:37,042 - INFO - 📝 Document mis à jour : d59641ec039609707b1f4f2c832359b803ef1e89d7f05d35590c3483eb33a8e4
2026-05-28 01:04:37,042 - INFO - 📝 Document mis à jour : 7d2ad0ca4c65c2bc70ba97260f0073670a679105796104b63e0fc40e0c2bff23
2026-05-28 01:04:37,042 - INFO - 📝 Document mis à jour : f4703c4524a31fee473cb24cb577bbf9de5188f590e8e6fd87222250aa9ad9ff
2026-05-28 01:04:37,042 - INFO - 📝 Document mis à jour : 0c0bd32061d1884a4fffde37ee6d00cc4b285c25fdcfceea6518f1a5fb41f111
2026-05-28 01:04:37,042 - INFO - 📝 Document mis à jour : 4c9623bbe1a89816b50ebbf8b7531f35ea64a41b953d159db63f7402b3341710
2026-05-28 01:04:37,043 - INFO - 📝 Document mis à jour : 3012689fa89b4ccfec1f902f059f7df74565a0fe1fa8a8bb83d1d26364dd36af
2026-05-28 01:04:37,043 - INFO - 📝 Document mis à jour : 310ed701b63440d917b042ab53465541c6962db96b5178d37887bf2f6fdb0aa0
2026-05-28 01:04:37,043 - INFO - 📝 Document mis à jour : cd5249cb23d1449b73aee83e4efd95b5c5584b218805a2b74e3b5719e991ef26
2026-05-28 01:04:37,043 - INFO - 📝 Document mis à jour : 6c90505822e9b1c9f9b3d8900a92452cf06fc44ca7c49fe1cabedd074623f9fc
2026-05-28 01:04:37,043 - INFO - 📝 Document mis à jour : c5b78f3cffd0e06ff70a4c9f02020f0eee37c9c040dd64a45c46e62c4abe654a
2026-05-28 01:04:37,043 - INFO - 📝 Document mis à jour : 5ccd493be9f41e8a12e0400a2c045654eca1fa26620cd790b5e6b9532b484a6c
2026-05-28 01:04:37,043 - INFO - 📝 Document mis à jour : d6cd3c0d54ccdd185c3209112748558e811d113067ffc2d4c13a9e35dca0afc3
2026-05-28 01:04:37,043 - INFO - 📝 Document mis à jour : a165ea7a8b655fa853b73e3c820b3c9cd0533b144f26c84ac02b98a8b6ea09f2
2026-05-28 01:04:37,043 - INFO - 📝 Document mis à jour : 48262da02960483264c02d9a1be3c5d506806c362035c6dfa04862513018e996
2026-05-28 01:04:37,043 - INFO - 📝 Document mis à jour : d147e03770d732533c28409d68db47fe7269f52be8513ef258252f314eb173b6
2026-05-28 01:04:37,043 - INFO - 📝 Document mis à jour : e69b93cbe5e27d619473ca221e89b050d6ec73d48ecb2e61c016d9e508cc380b
2026-05-28 01:04:37,043 - INFO - 📝 Document mis à jour : dacd543ca38bbf3c7e93e6af8162e19ade32e2b089ea45bdc5e1d958df56e5ce
2026-05-28 01:04:37,043 - INFO - 📝 Document mis à jour : 915115f88018c9e35feeb1dd0dfc698894bc85f64da704b04d4f1909a743b95b
2026-05-28 01:04:37,043 - INFO - 📝 Document mis à jour : c5202e4c039c109a4c489f898da1149fdc0348a01a04ddf6c4b69d76c00f04b6
2026-05-28 01:04:37,043 - INFO - 📝 Document mis à jour : d908c5547e31950ba4daafd0587c8dcf2fa6d434172d2078f87855c75a74722b
2026-05-28 01:04:37,043 - INFO - 📝 Document mis à jour : b6d575a6db621fb7a8f2f8e50e28bdd28ccae641b535afee1b91a21ccd86ed78
2026-05-28 01:04:37,043 - INFO - 📝 Document mis à jour : 52fb808f9ebc9cf94f0803ca5b579fcb969c72b38f90359cc511eba2ec5608a5
2026-05-28 01:04:37,043 - INFO - 📝 Document mis à jour : 1945cd987e2ed4575a67b657e64a7a1663e6aac0e2a8ce6d26cd49c7b441c567
2026-05-28 01:04:37,043 - INFO - 📝 Document mis à jour : 8537ffc3ec6eb22dd581958a5ae04ab2a14a09da7f7e01beae57f1fbdc9d16a3
2026-05-28 01:04:37,043 - INFO - 📝 Document mis à jour : c058baef0ddd651a71139d77ba441a023c6e9ecf89e94156afe0719b116769c1
2026-05-28 01:04:37,043 - INFO - 📝 Document mis à jour : 453928efc22ffe566972997f96f680d0dc61727b294349d33c5d7b38a9c064d7
2026-05-28 01:04:37,043 - INFO - 📝 Document mis à jour : 595b1b46fe88e095402916246fc36a86ff91b06bf7492e1016cb8186975da2b9
2026-05-28 01:04:37,043 - INFO - 📝 Document mis à jour : 54f9c0e8aed4f05dc01d05706d170558aa429af9ed40f97da286952bc467036f
2026-05-28 01:04:37,043 - INFO - 📝 Document mis à jour : bba3d23fd2cf392a1ed8788815e91106dbc0b31c0eb3ca7b299de7c257d59441
2026-05-28 01:04:37,043 - INFO - 📝 Document mis à jour : 51db15907276cb6a456bf8adf63f00a2747d71c1a1ee490f2a685c7984c02175
2026-05-28 01:04:37,043 - INFO - 📝 Document mis à jour : eb24237752ab44a112f8cb463aeeb6a7ec7d113f0ce806b38a72dea4351b7cec
2026-05-28 01:04:37,043 - INFO - 📝 Document mis à jour : 4a6f5fa71fc7d7e7977255b1d868568569ad641ed7fc77df626581b571772c52
2026-05-28 01:04:37,043 - INFO - 📝 Document mis à jour : 2b37c36aa09580530c2a00593e29301b73a7936d1df5983b9e0a268be0a1dce8
2026-05-28 01:04:37,043 - INFO - 📝 Document mis à jour : 659365b72b46c9a66a346b086b7bcc74a22e5a3f2d4a213143a10bab608e24ae
2026-05-28 01:04:37,043 - INFO - 📝 Document mis à jour : 0acd61f7abd939ae204b80017093ec7df3070541684d461b49ed4dcd3b90e144
2026-05-28 01:04:37,043 - INFO - 📝 Document mis à jour : eb8d06cb5fa1e595ec0855708660eb9feec52843b3bfdc649461f7283d0f1155
2026-05-28 01:04:37,043 - INFO - 📝 Document mis à jour : e8d52505ce9cbe4acf6129b5ebffa1d8a95df0d65a945662d3ad08ff5b2c32c9
2026-05-28 01:04:37,043 - INFO - 📝 Document mis à jour : c274e775ecbc6f847aef604af6762597a0de4210290d22d3a6fe05fca86a3252
2026-05-28 01:04:37,043 - INFO - 📝 Document mis à jour : eb114b1cdeea640dd83bb5cc8bfcc058c2546f64a680c6df6bbf1ed60fa06871
2026-05-28 01:04:37,043 - INFO - 📝 Document mis à jour : 18eafdd659f14ec95f0907d94c1fe7343fba283f1592096b4e2e90e6432a3b4b
2026-05-28 01:04:37,043 - INFO - 📝 Document mis à jour : 465a49dd7f3ec2e20168753cd5cc1dfe6af35220fc776d14f3895a4c6dd86aa2
2026-05-28 01:04:37,043 - INFO - 📝 Document mis à jour : 9baaea909db5743e7b639d0b35f217dd1bcb409a8ff5191936ab89384d273d43
2026-05-28 01:04:37,043 - INFO - 📝 Document mis à jour : 11501e8251f36bbd4a3c53ad860c839de844232a28affacc23f1fcaefd6dadbb
2026-05-28 01:04:37,043 - INFO - 📝 Document mis à jour : ad7b22b0ff70aeb500d29cc835687e3a6484ff5cb159d0af86b5c4a44b00cf4a
2026-05-28 01:04:37,043 - INFO - 📝 Document mis à jour : 4263b3f0e49cffbc10b9c34b57a9c71592edd5ca3d41f3f781f3f98eb88770c0
2026-05-28 01:04:37,043 - INFO - 📝 Document mis à jour : e498a9786914fd7e24103bba862db351efe2a71be41924487512575308d6b722
2026-05-28 01:04:37,043 - INFO - 📝 Document mis à jour : 490cc16cde3c51efbfe6aa9457d65f524ebeb4b40287d57f6f89b4b3dbc71bb6
2026-05-28 01:04:37,043 - INFO - 📝 Document mis à jour : 77dc0c558ebd434dcd9dfd56cce62f79c7db42e4c494a8cc97fcef6936602b22
2026-05-28 01:04:37,043 - INFO - 📝 Document mis à jour : 64dc27804f4d33640f3983f7b9490c9c8b9709abf95a847f607f1a9201a3336a
2026-05-28 01:04:37,043 - INFO - 📝 Document mis à jour : effa51731f5c801c0f4e4e45778b22116e7ae2eda5e9c7076736d3fd4b2fb371
2026-05-28 01:04:37,043 - INFO - 📝 Document mis à jour : 158f24522c81f9ea299c1f541860dcc58ad17d8f5047cb5ce35025fcb64048d7
2026-05-28 01:04:37,043 - INFO - 📝 Document mis à jour : 61a0c7d30f36cbd9c91ab1d0059511da5def03bf5f1bf1edb954a5a06249d522
2026-05-28 01:04:37,043 - INFO - 📝 Document mis à jour : be749d05bc9406363d7a4cd8a233eed8ed972ba112f429d39ad4cb4257c4e172
2026-05-28 01:04:37,043 - INFO - 📝 Document mis à jour : 65f9095e44c4723da94fc13e57eb0e12558a567e36e3cb63117e1907262636b2
2026-05-28 01:04:37,043 - INFO - 📝 Document mis à jour : 2751ab7e5492e98703e0f0a846251b43518b3725cb04a88d5d846a5167f2a534
2026-05-28 01:04:37,043 - INFO - 📝 Document mis à jour : 7308350a913ff91c09bd0795c01fa049b684be0e86bee536965846e4b61813db
2026-05-28 01:04:37,043 - INFO - 📝 Document mis à jour : e76d0854a72b84254b9675b032909ddc796f21a274355687ebf00b2f070ea002
2026-05-28 01:04:37,043 - INFO - 📝 Document mis à jour : bc41060d4bdbc7c5ed31344906cb55f1ce7414ec7be58c4a838605adc795e150
2026-05-28 01:04:37,043 - INFO - 📝 Document mis à jour : 7a58651613c0db70fe73ffad7ab43cdec42311104d341c25a078955b7f2211d6
2026-05-28 01:04:37,044 - INFO - 📝 Document mis à jour : 7016456bf7e9b980fef5fe4327babb2bfb3df661368e984f4f94a22ce3f281d9
2026-05-28 01:04:37,044 - INFO - 📝 Document mis à jour : 855e5c2d6162b6b7489af63f2ab95589ad9686f9f5abb2fd87e6cfa1f4e9607f
2026-05-28 01:04:37,044 - INFO - 📝 Document mis à jour : 20642d86a843db9ba725aa6307f3dfdf093e85bb4261347fbfb4171df54bb712
2026-05-28 01:04:37,044 - INFO - 📝 Document mis à jour : c5666688069ad2fe3be9bb1c6ef674a651ee019a6cfd985a98721c77831f2752
2026-05-28 01:04:37,044 - INFO - 📝 Document mis à jour : 0f0e345c40841f41572b6933ea0ca8e38a8e600941b9afc5464db83d6f163aa8
2026-05-28 01:04:37,044 - INFO - 📝 Document mis à jour : 8f5c9248e19a4f01b1faceb8c2d20eed76ed36b8dafb99ca3613e7f959eef8ca
2026-05-28 01:04:37,044 - INFO - 📝 Document mis à jour : 59321110fc53a9c6a390e9ba0e667f05cf709f59b26f6897a4df765085a43f66
2026-05-28 01:04:37,044 - INFO - 📝 Document mis à jour : dd3a21ef9f382ae4a62356b80372591eab0d7a66c2cee3958f3dcd3919976aab
2026-05-28 01:04:37,044 - INFO - 📝 Document mis à jour : ce126ab9c17aa5cdb1d876b4eb6eadad75ee0090bfdaef1da052f87d3a07c8ea
2026-05-28 01:04:37,044 - INFO - 📝 Document mis à jour : a1499671d5d3243e148dc5b97bac16a9e90c416d31157cfe80894946635c4f5b
2026-05-28 01:04:37,044 - INFO - 📝 Document mis à jour : bc85576e50cbbdb7c5adc9a66e378fa1fa158ea8fc4453d9a42b77e4d64fdae5
2026-05-28 01:04:37,044 - INFO - 📝 Document mis à jour : ac18edda3de4f5e0fc6a85f1ace522af59b7b72bbaf7208938fb7aedcd67d7d0
2026-05-28 01:04:37,044 - INFO - 📝 Document mis à jour : 6592b4c32e30ab60ff51320b50adbd8b44ec406cd7ed9e0c8a5fd8982045eb1f
2026-05-28 01:04:37,044 - INFO - 📝 Document mis à jour : ff4c37988c6aa9820cd487785bd863430542219f0312e484b43f9bfc4b70866b
2026-05-28 01:04:37,044 - INFO - 📝 Document mis à jour : 236578b2bb0f12ecc127993c1c65996ee51aa13af92a035403c2cd47208c1b44
2026-05-28 01:04:37,044 - INFO - 📝 Document mis à jour : f104d153103f5d1afe43efd752e8d2c60ca399f56d14aa95a50699fb5ff11121
2026-05-28 01:04:37,044 - INFO - 📝 Document mis à jour : 50736089654af05ff23de02023cb002cb2ce13d618ab14d9edec3ee9a11240a2
2026-05-28 01:04:37,044 - INFO - 📝 Document mis à jour : fe5a9379252f5e3eb8902c3b95ae263da87222e960d0f750908d4082d0dcfaec
2026-05-28 01:04:37,044 - INFO - 📝 Document mis à jour : 76cdc4c9a370fe4fedec07cb9cce29727f202049db1ca0711b1ef75a5eb3b036
2026-05-28 01:04:37,044 - INFO - 📝 Document mis à jour : 4e2ec8d9661009671e632c8af53945048a3fd7cd6c54fc4fb5e64a1c6bb2a113
2026-05-28 01:04:37,044 - INFO - 📝 Document mis à jour : 95a940ec031e07d64dfd7115192e9053d9bf737b17909b7c3790838a6d569332
2026-05-28 01:04:37,044 - INFO - 📝 Document mis à jour : 38b809193c0e0ce903656fa0062cc121e715fb22c57fb939f228a343eecae307
2026-05-28 01:04:37,044 - INFO - 📝 Document mis à jour : a67b367dcb32b159608330f64a9c99a2cec67103f7e1e8f02286723654655535
2026-05-28 01:04:37,044 - INFO - 📝 Document mis à jour : 45cb36f2f9e0652c34f983b11f5e68a0fbd0abfa17c47c32b2ffd4a54df06e68
2026-05-28 01:04:37,044 - INFO - 📝 Document mis à jour : 90830d96e4da0ba3dd3ec41dff30e08aa349fdb94357b6b26f0b521caf8f4f0d
2026-05-28 01:04:37,044 - INFO - 📝 Document mis à jour : 6a225be2564c58e9e225a1e23af562a77051dae5fbe265b7aefa6f86ffa27800
2026-05-28 01:04:37,044 - INFO - 📝 Document mis à jour : 3b734c277b958fce0c887f32f1e258c942d0048635a23f143179937f194e5d93
2026-05-28 01:04:37,044 - INFO - 📝 Document mis à jour : b6488d3836dbbe678ecbd414c7a265cc9ef3a520e27be320700cce3b9945bf15
2026-05-28 01:04:37,044 - INFO - 📝 Document mis à jour : 57b5e26b7c678d46f54962dd54ac84b0fd60ec663dd3ee204ee4205eafd585a0
2026-05-28 01:04:37,044 - INFO - 📝 Document mis à jour : 8d5e953932d611bc38d684e9bd49938f5f606d1f9058b096e8a54e2eded0f3b3
2026-05-28 01:04:37,044 - INFO - 📝 Document mis à jour : c247d900fbda590a130c72cda5a27bb8470f3e64e1c8a99da806c728763e0b21
2026-05-28 01:04:37,044 - INFO - 📝 Document mis à jour : 3e61e53abb041e839696ce2c8b9becdd0261dcfc8bd48fa0359afcfaa07282b0
2026-05-28 01:04:37,044 - INFO - 📝 Document mis à jour : 637d88be19d5d745f25fba567f8b2638f5714320d3db89030ebae78fa6379407
2026-05-28 01:04:37,044 - INFO - 📝 Document mis à jour : 2651ac88b8ae8a192857b8f53786d24a32cd630a083c4cdf8a4daf102c3722a3
2026-05-28 01:04:37,044 - INFO - 📝 Document mis à jour : 2f49c6a2e4da51afb1c689f6fb6afd05172f27a63825d63ce62a98ebee3238ae
2026-05-28 01:04:37,044 - INFO - 📝 Document mis à jour : 76d85a0a464511733737cc75da47c9b033b1159140d49fc4ebd1bcbc5c4e7d83
2026-05-28 01:04:37,044 - INFO - 📝 Document mis à jour : 9ca9b4bc751da431a643d06f8e83febdfd9685bbde5378fc53ecafdcbb0ba7cf
2026-05-28 01:04:37,044 - INFO - 📝 Document mis à jour : 015c50265ac8ae18d01216bd52e715a94e5c0a8840c32fb0693d93f162825c6f
2026-05-28 01:04:37,044 - INFO - 📝 Document mis à jour : 3b49638fb48c9139c073c43fff7efdb9dbc265a7baf700f73c8ab514d0b26dbd
2026-05-28 01:04:37,044 - INFO - 📝 Document mis à jour : d9365c3e9167287712d1d018ed9aa242d68d7d819341e21105215536c8a0a730
2026-05-28 01:04:37,044 - INFO - 📝 Document mis à jour : 354adaaaaec94b82da2bd0d2e64b7da5cc0bdddf4028d98564ca4f7b061802c2
2026-05-28 01:04:37,044 - INFO - 📝 Document mis à jour : 95faedd4ae35c4a453322573f7a7ae10e1834f64b783b8a2b66027dee83b8182
2026-05-28 01:04:37,044 - INFO - 📝 Document mis à jour : 9c6b96421908c58c0b808b7fbf1f923f3fb21911968e5837c927e31398955cff
2026-05-28 01:04:37,044 - INFO - 📝 Document mis à jour : bb475887e1fb4840ef95ab03455aefd30a32ec25e6738a18b32489da0f65427c
2026-05-28 01:04:37,044 - INFO - 📝 Document mis à jour : ad15db8e17009fca0bbe26d881ad6d0e8e5b51f6e73ba1f39b4f02a5283acd6b
2026-05-28 01:04:37,044 - INFO - 📝 Document mis à jour : a9e555da816ac682e5c99d7db6e4992f5f3668834f2c1e3b62319fd51294c79f
2026-05-28 01:04:37,044 - INFO - 📝 Document mis à jour : c59c8224522a67b834935f3d7509b3b3a5e7e5e4ffa21e922ad66ef8e7b58c81
2026-05-28 01:04:37,044 - INFO - 📝 Document mis à jour : 0db0cf17058fb7a5b9fa1dfd4e269a5c4dbfa8733d8f69d594a68de674bf9462
2026-05-28 01:04:37,044 - INFO - 📝 Document mis à jour : d077b2c71e907275feb166eaa674c55d9d4130b19f2d98a934d4d7e9f7ed28f4
2026-05-28 01:04:37,044 - INFO - 📝 Document mis à jour : 956871193e4b4ac071998153e3c34dd8984e24edcfe7e00a8d552c2499c31e10
2026-05-28 01:04:37,044 - INFO - 📝 Document mis à jour : 5c2b17e4e8d5c6a26f4f2c650748a0825a335654cbffa68093a1cbc8cf0a52f1
2026-05-28 01:04:37,044 - INFO - 📝 Document mis à jour : 135e248a715510fc1fd82efdfc469e9b7fb46894836b44f46e698bce6f7bca9e
2026-05-28 01:04:37,044 - INFO - 📝 Document mis à jour : a8d829ab6611a3919ef14896c726d14f1ed93b720d18ec49bbf4b1b2abf3c3e2
2026-05-28 01:04:37,044 - INFO - 📝 Document mis à jour : ecb8f2cd1f80b54780ebd5934e62e759529e8e4c8677e2c71455fa0b6c903e39
2026-05-28 01:04:37,045 - INFO - 📝 Document mis à jour : 5c846c768eade7a6df0fb63f2408225c494413cf6308994b7d47c406e944009c
2026-05-28 01:04:37,045 - INFO - 📝 Document mis à jour : e891365d1595e14516ae4eb95a6ca6ed873e0b2ba7c6fc83c7708689393c2b00
2026-05-28 01:04:37,045 - INFO - 📝 Document mis à jour : b95672128bc490c65b32c00e06d896bc1add6c5ae8043a7b5982f56b5b12704b
2026-05-28 01:04:37,045 - INFO - 📝 Document mis à jour : eba702e92194535a1d9cce76b98b8548e5770f1cd45b989b1c05dccc2a9fefc8
2026-05-28 01:04:37,045 - INFO - 📝 Document mis à jour : 4824693a2e54320ee9f829433d0a910822a0fd5947ad06966070bee6edf9696f
2026-05-28 01:04:37,045 - INFO - 📝 Document mis à jour : c01c13574ba816461ab3ea81285d7f76f74ab503b3759e6e1f4788d22740dd53
2026-05-28 01:04:37,045 - INFO - 📝 Document mis à jour : 0c47014931704dd68b590a3a2db7d457637a3c91fc9f61b21beb46204f5e3d30
2026-05-28 01:04:37,045 - INFO - 📝 Document mis à jour : 5073d8602842509f846d216b66dc974b07df0b6dc286d6d2e3918e3dc37f233e
2026-05-28 01:04:37,045 - INFO - 📝 Document mis à jour : afd194092e9bc636d99faf98961b1214ea2d5e233f7f11b07ad74164b2a698f9
2026-05-28 01:04:37,045 - INFO - 📝 Document mis à jour : 207cc3bab28ddc5d6b114f77150e3d98dd0f3aaa337fe2e6dec03774061ccb8b
2026-05-28 01:04:37,045 - INFO - 📝 Document mis à jour : 7909fdb2e93f7af56077672dd00f42176a0f3d2dd4c468d516b1dc3728723850
2026-05-28 01:04:37,045 - INFO - 📝 Document mis à jour : 9ab776a950dda13e95ff2207080f869906c552b3260c7cff41b9baec14609881
2026-05-28 01:04:37,045 - INFO - 📝 Document mis à jour : 8439fac83ac17f50ec3fcd381da198efc96c58e4a5734b36eba80db79fd8d11b
2026-05-28 01:04:37,045 - INFO - 📝 Document mis à jour : 0806dead4d021966aacd482aaf160b8b0565f410c14cac75b57610bc05e1766c
2026-05-28 01:04:37,045 - INFO - 📝 Document mis à jour : d8712f0f4cec72b319eade5f7bfe04e43faf0987b378cb3e74298851460b58ea
2026-05-28 01:04:37,045 - INFO - 📝 Document mis à jour : 3f75ac6b6af0fd961a143436b755e392a76025d8164ddef8a08d4b6c625126be
2026-05-28 01:04:37,045 - INFO - 📝 Document mis à jour : ed36b05e440ab52bc1a6b959758574fecda5cfcb1afcefb865222211a925627e
2026-05-28 01:04:37,045 - INFO - 📝 Document mis à jour : 0aa9ed0cc09d1e03ccc2eaba8915ffccebd790d1b499b5f61dfad5b6b9be5bce
2026-05-28 01:04:37,045 - INFO - 📝 Document mis à jour : e6c6a765f6c9e16735a55dac8686a4b1d9e36e0d7ed28909f2bcbd51740a32b9
2026-05-28 01:04:37,045 - INFO - 📝 Document mis à jour : ff775c189d202d5f9146b67b8895d2dbb26646bc2dcd500e3f1dfbaa0f967d92
2026-05-28 01:04:37,045 - INFO - 📝 Document mis à jour : 88c65eefb3d431bc5224ce69341ddd07e99fd52a4203eab161f9e7d99feec71b
2026-05-28 01:04:37,045 - INFO - 📝 Document mis à jour : be4887da9597d8fc8997b7677e7f70205cb991935cc3ac2ed2c191bcf6aea7e9
2026-05-28 01:04:37,045 - INFO - 📝 Document mis à jour : 2024b60f26eee4aaef81d6a6b3b78ca6bf26c1e84f0d6b74cd2605c66cba5369
2026-05-28 01:04:37,045 - INFO - 📝 Document mis à jour : 4a001b3d9b02b6a574b1974ba0299ae3c04f70d43ae70eae5c85d108f72dd563
2026-05-28 01:04:37,045 - INFO - 📝 Document mis à jour : ad414992246b4fb23b4ff73a24de18b6fd75baab468e6db43f8a22afe5d06164
2026-05-28 01:04:37,045 - INFO - 📝 Document mis à jour : ba2e9f3e1382631528838ccd2d08d9fa9188bb7122aa67c1276959ffa828a0f6
2026-05-28 01:04:37,045 - INFO - 📝 Document mis à jour : 4eb3aaeb450603b84466b6d309a8b4a187d5dc5087405756ac3d3a731fda3849
2026-05-28 01:04:37,045 - INFO - 📝 Document mis à jour : 2f7d8193c0c1556b512d30d19cbf5d1619450ebcefd51376565c690bdd8fd72c
2026-05-28 01:04:37,045 - INFO - 📝 Document mis à jour : 744deb9e71e8c295832888600334c77d26d6dcdce78327a2fe4ff36b5786a60a
2026-05-28 01:04:37,045 - INFO - 📝 Document mis à jour : e67d5c76527a2f4d61a01a5baa6f3808f2ce0e0dbedcb3f505487ee28f5a8012
2026-05-28 01:04:37,045 - INFO - 📝 Document mis à jour : 002421b3a1846eda1bc4ffe8ece007ff482d801fb5e1a1cbe06b736ae31ad54b
2026-05-28 01:04:37,045 - INFO - 📝 Document mis à jour : 0327302c3c5b2084fb8ad0eb6f282a4c466a9702d540210f0235965b9f044888
2026-05-28 01:04:37,045 - INFO - 📝 Document mis à jour : cd359ebcfb7861758f6c5118827b8c9a2c908f9ac5f7f0130d4c07f921c1a3f0
2026-05-28 01:04:37,045 - INFO - 📝 Document mis à jour : 63c9f93b80fcf0fa92605afb15208b344827a56732b3ae983e16d2e2ea147cf0
2026-05-28 01:04:37,045 - INFO - 📝 Document mis à jour : fb77e5f92fbee02ccac61bc42489985364820cbfdf49de2cb9da702fce80222d
2026-05-28 01:04:37,045 - INFO - 📝 Document mis à jour : b90956fece0a2888622dd53605b53dc5a4611585a1d14297e7183123dd5b886d
2026-05-28 01:04:37,045 - INFO - 📝 Document mis à jour : 69bec587d25b94cd7864b86eb1497ec9e5288e924224ab631387dd46afcb0220
2026-05-28 01:04:37,045 - INFO - 📝 Document mis à jour : 1be3750a84003cb88dfd18a87421d694315e217f97db64a45e4594e8df2f32d5
2026-05-28 01:04:37,045 - INFO - 📝 Document mis à jour : ed347856d91a63a5e86e5fd9de89d69913ac0aaf654b0bc779a81e4f4936ffcb
2026-05-28 01:04:37,045 - INFO - 📝 Document mis à jour : 1b7b97b22ccb6b82962ed7891981c7c345c3df74520b758976540672c18ee75b
2026-05-28 01:04:37,045 - INFO - 📝 Document mis à jour : ec23cfeed4088b23ff1c67ec24cb15aedcc5021d65a2b3ff628ee35aa638af09
2026-05-28 01:04:37,045 - INFO - 📝 Document mis à jour : e52fbfb49b08e29053ec587709c30e3aad2e68a74f08e45041dfa84994c0dff2
2026-05-28 01:04:37,045 - INFO - 📝 Document mis à jour : 5d06016edf62a0b5b1844f03d893891b46117a06aaea82566819c736230c2a08
2026-05-28 01:04:37,045 - INFO - 📝 Document mis à jour : 5a7ecc07eb266c11f4cb621e50c7a53b85e0414f52799e8589d26d8633ad3c67
2026-05-28 01:04:37,045 - INFO - 📝 Document mis à jour : 9ee5570f9288db51d952caca79e91591b2a109fface4b87fab011c070a769966
2026-05-28 01:04:37,045 - INFO - 📝 Document mis à jour : 4cf2ebde1eceb34a4d992d479d4fc5cc6537c9ead4ca63fc9afd8898791d645f
2026-05-28 01:04:37,045 - INFO - 📝 Document mis à jour : 158e5633587f6b09ad6b87868500e9111fa6c10a6bf8bae33a68108fe12558c3
2026-05-28 01:04:37,045 - INFO - 📝 Document mis à jour : 698c51942684fd9d17d0fd0a7e3494fc0373e140ab2dcb59f2157b57e1f695fb
2026-05-28 01:04:37,045 - INFO - 📝 Document mis à jour : cbb9d4ed7532dfb6162dde98defee774dfdbbafc7cf80ec1fc393d59a280d039
2026-05-28 01:04:37,045 - INFO - 📝 Document mis à jour : 4b294e556083800dab2c17dd70a8d3325dff04fea2e98ea082b7b70d122c370d
2026-05-28 01:04:37,045 - INFO - 📝 Document mis à jour : 679b1474c14bb53faf915058ed574e040da4103b9393ca1edd92a73a50e10e35
2026-05-28 01:04:37,045 - INFO - 📝 Document mis à jour : 8cbee58847cc53446467bc54405b9c9fa7c46d5362aea026c4a36a5f119aa225
2026-05-28 01:04:37,046 - INFO - 📝 Document mis à jour : f246555fc4029eb4acd2737359608ceca9ae62c94ed593023c1403eededc2584
2026-05-28 01:04:37,046 - INFO - 📝 Document mis à jour : 879de82a5edb6e7393a6c99776efdfe2ce49793db4f0b558b8c0f9e8b4dc15ec
2026-05-28 01:04:37,046 - INFO - 📝 Document mis à jour : 3f70e23b02f4d54f3447178209e7bf32d438b7d0f58280f96ec13c69fab0626a
2026-05-28 01:04:37,046 - INFO - 📝 Document mis à jour : a8abcda5497a24135d216702d9efc1d09219dbc976fbe86a95e37fd1988ade7f
2026-05-28 01:04:37,046 - INFO - 📝 Document mis à jour : 93ce134a18a56cb5f75e2be257b97d2b9725c0c28c3e667f470271c2bc9d3ee4
2026-05-28 01:04:37,046 - INFO - 📝 Document mis à jour : e2f6e57fd534845ca9525ce8fbea8227698dccaeb18545378b0ce3cb4e01bf2c
2026-05-28 01:04:37,046 - INFO - 📝 Document mis à jour : 8c865fb79b2fcd873b14c3a8b3c0dda2f387d0102cbe566c9503a440952854f7
2026-05-28 01:04:37,046 - INFO - 📝 Document mis à jour : d72947fc4c28572134514128eb766496f8d55fe52fbf37351f37fcf6634e0d0f
2026-05-28 01:04:37,046 - INFO - 📝 Document mis à jour : 421c182d0d13270930abc5b02e836424fb2f5b961fd0b6cd3e75e0a363e3fef8
2026-05-28 01:04:37,046 - INFO - 📝 Document mis à jour : b27524351d8b5a929b70888de6020db999540ff8dd28c516d2e8024347ec38ce
2026-05-28 01:04:37,046 - INFO - 📝 Document mis à jour : 126e4c179d08eaed793c430e4e1936c8e7d990700a9657238492ffcaf8b13b23
2026-05-28 01:04:37,046 - INFO - 📝 Document mis à jour : 56ef226fdb10f0fddd8837593c1f712b292e2341e95e9b5a9a6e570f851fd902
2026-05-28 01:04:37,046 - INFO - 📝 Document mis à jour : c2a7110cca167bf6c05d5817e6bbfcbcb25fe7423dab92d3f5359a4ef6898183
2026-05-28 01:04:37,046 - INFO - 📝 Document mis à jour : a37cc9c4054462680630e5fb93e64f0464572c0c7af3337320fe52571c2c2242
2026-05-28 01:04:37,046 - INFO - 📝 Document mis à jour : 9e8524ff86dcdbe86ce2f40beca17152059d731333493e0f1bafdb9370f5b714
2026-05-28 01:04:37,046 - INFO - 📝 Document mis à jour : 4df2f6ff9027031f57b2ee37a11e716fa318ac80dbe8e5cd4a45f33ab59d25c5
2026-05-28 01:04:37,046 - INFO - 📝 Document mis à jour : eee3ba2e48ddb9133bda145dfead22fe379425f1ed6da8a65a5bf4d1185dafee
2026-05-28 01:04:37,046 - INFO - 📝 Document mis à jour : 323bad8feb98866d0acb2b277cfd4ac8dc84fae2fd5879f8ad2c9ae3b8eb7ae8
2026-05-28 01:04:37,046 - INFO - 📝 Document mis à jour : aa5691908339f97bb53cb3d995d5f66d7e88a6ff9301c1604410b29eafafcd10
2026-05-28 01:04:37,046 - INFO - 📝 Document mis à jour : 264de9ce86eb3707aa0bce07e3f47f473d5e211e51a355fa06966382617fd0b2
2026-05-28 01:04:37,046 - INFO - 📝 Document mis à jour : aac1f6fb88b189624e005122d87aaf0aa83114278dcdbb0d8457f4a97f077d63
2026-05-28 01:04:37,046 - INFO - 📝 Document mis à jour : 738366564724689f1aeefa7852d755a14214de3e4b3ff8d2d896b2b74ac70f95
2026-05-28 01:04:37,046 - INFO - 📝 Document mis à jour : 232796bab42c7830b69004fbc22f9e97c09a3830e56538742f25566828730f76
2026-05-28 01:04:37,046 - INFO - 📝 Document mis à jour : dff0557a2cbabaa0787284404f5509c56c15c4fde001c175c23593a3c0e8ec04
2026-05-28 01:04:37,046 - INFO - 📝 Document mis à jour : c88dd3dbb9fc67105cc5cf06c34f5db3657412c7cf96cc8ddab9fbb2a4e9c74c
2026-05-28 01:04:37,046 - INFO - 📝 Document mis à jour : 656088a228304b335288b5009c2c908148a08190f3ca2adfff3a722ef0c0de79
2026-05-28 01:04:37,046 - INFO - 📝 Document mis à jour : 0063b98ef6b92efb2198fbccdbc81218142500a8aef2e5424d406d7af09f49b8
2026-05-28 01:04:37,046 - INFO - 📝 Document mis à jour : df6ff5ca39c707c507531d08503f2e6aa0548e534920d13059ca04aa5bbf0c3d
2026-05-28 01:04:37,046 - INFO - 📝 Document mis à jour : 4e472c704cd206dfc1181ea4fac6d974d507221f7cd8682cd1d5586709b97af2
2026-05-28 01:04:37,046 - INFO - 📝 Document mis à jour : 8dd1d92005fc546270aaba094f6333e8d71e07efd864db686738fcfa5879578c
2026-05-28 01:04:37,046 - INFO - 📝 Document mis à jour : db6b0c020a6bd72e62e0b6b3787a084e6768540680a3ef2b4fa8354affae30a9
2026-05-28 01:04:37,046 - INFO - 📝 Document mis à jour : 9fe7d1c211b4e9a596b55736b3218b235d6ccaab0ea7b6c2e8cd1d99f6b3ddf4
2026-05-28 01:04:37,046 - INFO - 📝 Document mis à jour : 56efb0b070de4e0f8ef3cb8960db8990d66f3314f5719aaaff58e448437f61b7
2026-05-28 01:04:37,046 - INFO - 📝 Document mis à jour : f5537ea5e9cb3883ba8a37c5407bcb0c89ed43801f981ad1a14a9467fbebe9bd
2026-05-28 01:04:37,046 - INFO - 📝 Document mis à jour : aba21f82e655502bb8ca652ce7d1d312cbe06dd9f0a993c4041df6e2c7319dc5
2026-05-28 01:04:37,046 - INFO - 📝 Document mis à jour : 06ac32911ecfe68423b54f49ddd948cec8826a790e623e07472a0485a3f01737
2026-05-28 01:04:37,046 - INFO - 📝 Document mis à jour : 42da31d62305f4cfbeb81a138fde573fe6be325593e7558874950242281ff2cf
2026-05-28 01:04:37,046 - INFO - 📝 Document mis à jour : 6d4f1e4e0f5ad87ad194cb2d846fc7ad59217011de701669dfe6591ee8e604d8
2026-05-28 01:04:37,046 - INFO - 📝 Document mis à jour : cb2bb9769826801dbd80ea41126806313ccfbcbd166b8f2a267d04c5813cf5e3
2026-05-28 01:04:37,046 - INFO - 📝 Document mis à jour : d8a052bd3af4610c6eea283907ea725a3b56808af4d3add1a9471d12392f9399
2026-05-28 01:04:37,046 - INFO - 📝 Document mis à jour : 193776f3989dc694962eaa79f087dbf39e3e1d4a6f44520bc1ef68d7faa8cc91
2026-05-28 01:04:37,046 - INFO - 📝 Document mis à jour : 38959b71506d2d0b1023aa2a115d72c36f38029c9fbd27eb8266ffb2c924bd82
2026-05-28 01:04:37,046 - INFO - 📝 Document mis à jour : 01ae77e2e30ca3e94504c741e85b70a84fb97bfb8c5c66361cfed5f374cdbce0
2026-05-28 01:04:37,046 - INFO - 📝 Document mis à jour : 1c157a269aa0ef2ca87f48cd8123ab924b9ecedd26385b3681054858ef350625
2026-05-28 01:04:37,046 - INFO - 📝 Document mis à jour : ac858d5c44305e77ffb13f93b7ad9c79899de3dba4a7a9e4d956c80f7c05ad13
2026-05-28 01:04:37,046 - INFO - 📝 Document mis à jour : 167592edc59d36d5b2c176221f47bcfb2f7ae39f134d603b9f142c54207e2599
2026-05-28 01:04:37,046 - INFO - 📝 Document mis à jour : b3327ee0ee373908a08cf204d18405cc6521444c5d1cf912549c55bffe938e68
2026-05-28 01:04:37,046 - INFO - 📝 Document mis à jour : 2267c43bea5f1081bef020184c33b91316144e9ad37edf06564debf4d6f034ab
2026-05-28 01:04:37,046 - INFO - 📝 Document mis à jour : 8af0478a6be97432e092bc0b79de1cfb588dbbcc4a5507ca5d822b7724026160
2026-05-28 01:04:37,046 - INFO - 📝 Document mis à jour : 806e747c44b3dd85b40f240e7de0ccebe487dae90973b91289dee8adbbc26be5
2026-05-28 01:04:37,046 - INFO - 📝 Document mis à jour : bdaefac063bba989e6c1f8d0a4792268b1ea3aeee3270b2c45d23d55955e2327
2026-05-28 01:04:37,046 - INFO - 📝 Document mis à jour : de89e87f9c924eb2de77511f5d7ebbc431dda60db06103bca1bc9994c689799f
2026-05-28 01:04:37,046 - INFO - 📝 Document mis à jour : 2a852873d4b3e4ca65bca1b99a340e85047a8642c4e04506d83bfe9b4c1cb5dd
2026-05-28 01:04:37,047 - INFO - 📝 Document mis à jour : 619b1ee34e61f9f026f4e0deffc755a399788c43aab03c934aa8561c1399a442
2026-05-28 01:04:37,047 - INFO - 📝 Document mis à jour : 0d64429207e15caf51145a1d6bddfed98ad28266d0c9dcf1dc97ffab410cb4a3
2026-05-28 01:04:37,047 - INFO - 📝 Document mis à jour : cc9411c189df99ff140ed95774b14d6a7ccc9aacebaee18c6ef2407e396b4fd7
2026-05-28 01:04:37,047 - INFO - 📝 Document mis à jour : 9cbca416da6d0c7238248ef86db32bb4b834ed338862f50dae565716e9be9c92
2026-05-28 01:04:37,047 - INFO - 📝 Document mis à jour : 456543d3744d5af219677ecfc8341aba16dc1e34d5790e1329d0649868ca4a80
2026-05-28 01:04:37,047 - INFO - 📝 Document mis à jour : 70f7839480b90bff8d7681190190661bb5240857d5dda15662d72ef1e66796fa
2026-05-28 01:04:37,047 - INFO - 📝 Document mis à jour : 702d4cc0208e10bc5ea47218d8b391117199932df6210325a93a7aff27d6370d
2026-05-28 01:04:37,047 - INFO - 📝 Document mis à jour : 31ca921f9813bbf0f12211036472291b9e05da3946a701c56ccf05a6a3186e15
2026-05-28 01:04:37,047 - INFO - 📝 Document mis à jour : 7aad6464f300a2e6bb074c7f8f8d975672139aba014d83c6611c40973daf3408
2026-05-28 01:04:37,047 - INFO - 📝 Document mis à jour : 1a2d4dfb789743d184c309765544785898118bbbaaf70f10e159e82881c6f63c
2026-05-28 01:04:37,047 - INFO - 📝 Document mis à jour : d8633c3d026e4946918018abf9ed89759ecd261e10cc395490253cff1ab3b5e3
2026-05-28 01:04:37,047 - INFO - 📝 Document mis à jour : 8aceaeb0a8f753c05476cfee945a165268f65d0b421b94f6981f78bf4d329f74
2026-05-28 01:04:37,047 - INFO - 📝 Document mis à jour : 71448f6c39675b4141ffb9c6d03771b114b0854a7c7ca0a93f0e379a98f251ce
2026-05-28 01:04:37,047 - INFO - 📝 Document mis à jour : 0678d71e2fed6a18ca107ca1da75052cfdd29de523106f75c538369f6eec6cc5
2026-05-28 01:04:37,047 - INFO - 📝 Document mis à jour : 5af58c280868786c73d2a5e32ccb641e1f226a156a68fc7c8d41a1356daef8f2
2026-05-28 01:04:37,047 - INFO - 📝 Document mis à jour : f96a3105c1647321ae51d466122bce52e9f519502f3dde261fbf12ef6e8a0ec6
2026-05-28 01:04:37,047 - INFO - 📝 Document mis à jour : a713ff542cc0398db1ed884af016d60e39d239928c34c7b18f17d2e516f556b8
2026-05-28 01:04:37,047 - INFO - 📝 Document mis à jour : c63eb9de897a1814ede1c730bf6c650e371a832e88f4ad9f049f4aa1b02573f6
2026-05-28 01:04:37,047 - INFO - 📝 Document mis à jour : 1c230bf0cd524de28bbd55cf395561edf62d2fbf392c3f456019c4c556027fb0
2026-05-28 01:04:37,047 - INFO - 📝 Document mis à jour : acc64571b3e450fc03aa238db95e3c9a1a62a85098c27e5c521020d0fcf12812
2026-05-28 01:04:37,047 - INFO - 📝 Document mis à jour : f5253f20933fbac73f1a88a3d4db0cc88f365d1cb298e703cf87c98cd8e4454a
2026-05-28 01:04:37,047 - INFO - 📝 Document mis à jour : c5ecfc4735a7b91e43860d834f4f6a8892bfc9209da3caf4bfda3383cbdec24c
2026-05-28 01:04:37,047 - INFO - 📝 Document mis à jour : 2bd4ba0383f8f9c450b0832c2f0c204cfc627d58f922a561fe051f634bbcb093
2026-05-28 01:04:37,047 - INFO - 📝 Document mis à jour : 68f530ae7c3d0508981b555bc5222a81ef1034f923698905411c663944d17a18
2026-05-28 01:04:37,047 - INFO - 📝 Document mis à jour : cfd96dd06dd0c3f317d50648ba32f8e36aaecfc4d96fccb518531b1a70db2b93
2026-05-28 01:04:37,047 - INFO - 📝 Document mis à jour : 475f47259dbc2c219244ecafffbfd3680191e49132b72314f0a9fa3bd0d371da
2026-05-28 01:04:37,047 - INFO - 📝 Document mis à jour : e03b1a99000ba40ccd834c120b36cf998b1b99a879c73ab1b473678b66fcb17b
2026-05-28 01:04:37,047 - INFO - 📝 Document mis à jour : 8fae3342b216c6ab318ab2850a0ebf573070dcaf773464f926a4ea071cd2ca56
2026-05-28 01:04:37,047 - INFO - 📝 Document mis à jour : 5e212303cbe18fe4cf374f41b85dabdfdd286373086f848dec73510f8afb2228
2026-05-28 01:04:37,047 - INFO - 📝 Document mis à jour : 047a7e1b7325601ab084f065f4ffe54fdf853c73fd32fc18a4e8ca52800b22c7
2026-05-28 01:04:37,047 - INFO - 📝 Document mis à jour : a5f3b2dfce4f6b597d4b8e30d559e4d53328211cb7814b27dd9c18f0e0943ed2
2026-05-28 01:04:37,047 - INFO - 📝 Document mis à jour : 81c193f778d6ec09db3e06c860b996261fa10d0c553e75d8531fdac26a653a9d
2026-05-28 01:04:37,047 - INFO - 📝 Document mis à jour : e24797deba2f2fff0eea9a04f3af5b308a2bd408b99b0ce3ccc68a0551a18079
2026-05-28 01:04:37,047 - INFO - 📝 Document mis à jour : da102d2c1d82c5246ba3b3d4901f8445028cec5e92389b205326f4ea58784af7
2026-05-28 01:04:37,047 - INFO - 📝 Document mis à jour : 33550ce42090126197a0f0907c2459dbf0d012b1c5ae690eaca5e6c3fe582f94
2026-05-28 01:04:37,047 - INFO - 📝 Document mis à jour : 7fb462f94f5086cb89a904d08a5c5e8fe9c77a092850bdc0078e05ec4cbfd9fc
2026-05-28 01:04:37,047 - INFO - 📝 Document mis à jour : 916e405bf9b342d10f259ffae01f846cc54d5c8a92c1e4be41d14808bcc41bda
2026-05-28 01:04:37,047 - INFO - 📝 Document mis à jour : c193d1fe9b661ac626757c8731bc140e4115ac3076cad35d6b65aa49ab94483a
2026-05-28 01:04:37,047 - INFO - 📝 Document mis à jour : 9aa637791baff3119468ccab76fe43b89ab3423beba8d139ed214df9ad5bd8fc
2026-05-28 01:04:37,047 - INFO - 📝 Document mis à jour : b1a030310ffdbe74a15e39b6b5031cc9f95f80d2533fca79d6c9bd1f44b33cb7
2026-05-28 01:04:37,047 - INFO - 📝 Document mis à jour : eda91c57a28b03e3600b9571b715757ec04746e29f41c428e519a6e218f78d1c
2026-05-28 01:04:37,047 - INFO - 📝 Document mis à jour : c775114f0fea22ef8e0832d57609e6b240ea1742ad79fc298448cbe8f25b0e09
2026-05-28 01:04:37,047 - INFO - 📝 Document mis à jour : 0dcb53dd47dd5bf21a5d0a3437281cdec039a762393d506c5506cf180bcc54fd
2026-05-28 01:04:37,047 - INFO - 📝 Document mis à jour : 738968a7da61f8c984f2f67cc7e50c843893ba6d8099f18cba3fedcc8c8bb08f
2026-05-28 01:04:37,047 - INFO - 📝 Document mis à jour : 62ffd29a29c081b05cf9c43c72fc943b0a93ceef81c167f13b0963ee26c4324c
2026-05-28 01:04:37,047 - INFO - 📝 Document mis à jour : 6788cdf5d263c18ee28bb057cfe94fd2c4411ded0ce4aee6b538a915c0924092
2026-05-28 01:04:37,047 - INFO - 📝 Document mis à jour : 8dd721f94f67ff0b914cd9f50f9dab719d7076210fca028313f74952e9ab9f84
2026-05-28 01:04:37,047 - INFO - 📝 Document mis à jour : e790e85f8fcfe9911fc9a36fefc8f3ed790fcc1ae17f25bc54544769c3d682dc
2026-05-28 01:04:37,047 - INFO - 📝 Document mis à jour : 74bb2232921b5e6eb6ab545e45dc259504e8dd413c2841936269eb4c99b1a9c3
2026-05-28 01:04:37,047 - INFO - 📝 Document mis à jour : 35154a15d9ebf7546b7fef4f36a7a0e34c375ca2e6b4c9cd34f26a728a683a9a
2026-05-28 01:04:37,048 - INFO - 📝 Document mis à jour : 006cd6f596e2767ac2ee66cfe4128182532e2ae4987df21de7c82f653652fa1e
2026-05-28 01:04:37,048 - INFO - 📝 Document mis à jour : f2cb2f8169882619da0ce900e9e94aa5443d079967df8c6b0be6eb2bbdbd6e49
2026-05-28 01:04:37,048 - INFO - 📝 Document mis à jour : 261af1a1a8455cab72ef8a53708a5102119766a7e9189698af96fa55d6818b01
2026-05-28 01:04:37,048 - INFO - 📝 Document mis à jour : 9c898226c2febeb11ae4f5666f589a8ab2b9217c9972d12bcb0fcb59ee6b0827
2026-05-28 01:04:37,048 - INFO - 📝 Document mis à jour : 58f2144001e88bf8186a19774d3ea6ef4d3a2745ca2d67f5324817b439ac4407
2026-05-28 01:04:37,048 - INFO - 📝 Document mis à jour : 7688a0b3c204e0cd5daedfe52a13f094e1d71f9b3e66c4883ba383973021e7ca
2026-05-28 01:04:37,048 - INFO - 📝 Document mis à jour : 22e73fe0951d5a70e10018b030a40a284cbca35e26a17d2486f593fced7b8915
2026-05-28 01:04:37,048 - INFO - 📝 Document mis à jour : b6e4c61f855a837c023dbfaa41bf51591cab460a980f459f02db199ba0c5a9be
2026-05-28 01:04:37,048 - INFO - 📝 Document mis à jour : 7457b7145636373fc7cb37521ab3ac8f226c0776ce368daded509affbb322ea1
2026-05-28 01:04:37,048 - INFO - 📝 Document mis à jour : 41923d4894b3c6d3d0682840906ddfec0fcf763a626933e1c30016e902295be2
2026-05-28 01:04:37,048 - INFO - 📝 Document mis à jour : 5a7adec4f3786067ef75481cb13b59ff5ce6e09f0b3d360fb3ef38c5b28c9b39
2026-05-28 01:04:37,048 - INFO - 📝 Document mis à jour : a8f6fa88872c706e6b9d9ec224ff09ff0dfb25f8938174b5fba48153610a7f72
2026-05-28 01:04:37,048 - INFO - 📝 Document mis à jour : d763e1dd487fc7f28f8f982ec573b731c485ae3bd150a41de778d533060bc541
2026-05-28 01:04:37,048 - INFO - 📝 Document mis à jour : dd355315810038e49b6e5f6f2216506d8f5981cd20777671dd361371df9bfef1
2026-05-28 01:04:37,048 - INFO - 📝 Document mis à jour : 733a7befcda0f67dd42d70a23c3cc4ee14bbff38f8f7f4bc207eafbf2bc67c41
2026-05-28 01:04:37,048 - INFO - 📝 Document mis à jour : 9c093e1b954ab4f64cba6150279209de5562d69d50777b5212ccfa4307e22419
2026-05-28 01:04:37,048 - INFO - 📝 Document mis à jour : 9fdad7bc578b4037013dd03029e51012e2498826c49d0dc09653211393db7c36
2026-05-28 01:04:37,048 - INFO - 📝 Document mis à jour : 7fb19aefaec3ac84e37c85891b22866e0dbe21dba2822f5e75946a7a6fb410a6
2026-05-28 01:04:37,048 - INFO - 📝 Document mis à jour : aba406b25cfc94e30a9537be70caed6a106c863b70e26ffefc87ef6051f85d59
2026-05-28 01:04:37,048 - INFO - 📝 Document mis à jour : e681c4067f32d7c167fd3feb958fbe9d9257b485bec4d06ef07ed1e62ee2ec9d
2026-05-28 01:04:37,048 - INFO - 📝 Document mis à jour : 993139f327bb36e5812a898a9cbecd879b7bfd560d2076ab4a2ca6d2929e6d03
2026-05-28 01:04:37,048 - INFO - 📝 Document mis à jour : db0426701da578df63316807a7dd9575b2d274a78746f67f990057f1edd3ee47
2026-05-28 01:04:37,048 - INFO - 📝 Document mis à jour : b01c1128e5509cfe62815dc147123fbd09aaff83295cf0750edd75d289cc77e8
2026-05-28 01:04:37,048 - INFO - 📝 Document mis à jour : 29a124824416487b5932bd1af6cd8bfea5df43f0a054c632abce4c97cfe3629d
2026-05-28 01:04:37,048 - INFO - 📝 Document mis à jour : 621054a7bceebb0bca48e74591e220530d8afbcd7f3c5649db2c2c1e877eab55
2026-05-28 01:04:37,048 - INFO - 📝 Document mis à jour : 08ffd8d87695e01626ba3c6381f448bd026c500bdd66e512d28f661483b02067
2026-05-28 01:04:37,048 - INFO - 📝 Document mis à jour : 56ee82246b428ed7b82b70d00618e712c591596fd8966719e6b73431bbb71d2c
2026-05-28 01:04:37,048 - INFO - 📝 Document mis à jour : fffb4bfc2fef5921372468800fae3df74834767d7e8b82a5c8876b66a88541d4
2026-05-28 01:04:37,048 - INFO - 📝 Document mis à jour : 8fe2e962c5b644135b70b8be48c3c3741e69f3a6b43c6998bf91f7bcca57b819
2026-05-28 01:04:37,048 - INFO - 📝 Document mis à jour : 723ac00293719fd1acd24bc640602c9f886e8f148a3bc4e63588c0a037485e7d
2026-05-28 01:04:37,048 - INFO - 📝 Document mis à jour : ba3bf34b311a871cc7b6246e237a894f93907cef37901411c9843deaf74c68f1
2026-05-28 01:04:37,048 - INFO - 📝 Document mis à jour : 4ef6340396e99cbc9d4010451e25554712e2bf2613828fd155b02ab8b7129090
2026-05-28 01:04:37,048 - INFO - 📝 Document mis à jour : 19211de974deea890bf00858f551542acb462829946f91c7e14a1c781d0bad9f
2026-05-28 01:04:37,048 - INFO - 📝 Document mis à jour : b884e1d7801fb8b5e94057bd90d727e9efb60e4fa560da384cd5c0ad3e1b9d43
2026-05-28 01:04:37,048 - INFO - 📝 Document mis à jour : 326b8e046323218f61d0b127bfbde04d95f7488de05bd39c72e84da97e339ae6
2026-05-28 01:04:37,048 - INFO - 📝 Document mis à jour : f09d3b1588d9997c8a6de0762d038fc28ddb7824067b2c47c32b00d2612d1fa8
2026-05-28 01:04:37,048 - INFO - 📝 Document mis à jour : 9f6bb39d1439e3c71d9b4a4053664c007a6382b89e5c407376f4733d50f51148
2026-05-28 01:04:37,048 - INFO - 📝 Document mis à jour : b44d0baab404f8613970783ac7a975db1472d077d4abd9f1a371bc7b0c7c4c61
2026-05-28 01:04:37,048 - INFO - 📝 Document mis à jour : cb84ee8522fea9232917e9bc403c77640483a739429ccf0590823b508c5137a7
2026-05-28 01:04:37,048 - INFO - 📝 Document mis à jour : 84bb562d2f3295922a74254e3d0d2e0ef636d9eccfa70c8881f676e89b031e5b
2026-05-28 01:04:37,048 - INFO - 📝 Document mis à jour : 260571db027202cb8c63f9592bbc3301a007386e9ef9d297a1b03ed3847ebbba
2026-05-28 01:04:37,048 - INFO - 📝 Document mis à jour : 7b7a86e6dfc83e1aa676933c51d865e059287d925ca5cdeca6f61629113a8dc9
2026-05-28 01:04:37,048 - INFO - 📝 Document mis à jour : d76be0501ccd1ec9804ffb6b8ca6b92de894278f190c580a64be70503d4522d6
2026-05-28 01:04:37,048 - INFO - 📝 Document mis à jour : 0b4d99bdb87cea79dee61e4b039a12e5f18fe43a808a6620540d461fdf61deb8
2026-05-28 01:04:37,048 - INFO - 📝 Document mis à jour : 40bf3eb002f8a6b45a06d099e6a63ff5801b38574971c6c1dc293438ee0c0551
2026-05-28 01:04:37,048 - INFO - 📝 Document mis à jour : 251702350b11c6f27a0e5688a1fc1a4dbe963c5816fcf10a047b69ecfb6b4c54
2026-05-28 01:04:37,048 - INFO - 📝 Document mis à jour : fcdc155674e42cd44da22f69b114cd406f110abee825439a75430943554f56a3
2026-05-28 01:04:37,048 - INFO - 📝 Document mis à jour : 4ed6868f0df5a9cfd3a77962d5c56abd9f33c1f33e2b5abaceccac19b01c2a08
2026-05-28 01:04:37,048 - INFO - 📝 Document mis à jour : 5b210c913043cc1494646427122f34130042a107f0a9fe3357df9f714b387388
2026-05-28 01:04:37,048 - INFO - 📝 Document mis à jour : a1ebeb93b64e355ff4835e85e9527089169ff8c7fdd2df9c7a6431f7801a92eb
2026-05-28 01:04:37,049 - INFO - 📝 Document mis à jour : b84411e71ce871f1bc28157fed3192005427ef6d83c66895824ad4f847400072
2026-05-28 01:04:37,049 - INFO - 📝 Document mis à jour : f21efcaa3883dd72e63b7ccc9fe993c424a4418ebd407bb94c801cd7912674c4
2026-05-28 01:04:37,049 - INFO - 📝 Document mis à jour : e5e447204042824c2edf1a2e19023fadd5c06cb0d83e0b90b5b9cc69d2162812
2026-05-28 01:04:37,049 - INFO - 📝 Document mis à jour : 6c9cb3ac44ae0ebaf2a4f043d87926988a3075344a444b2b85331b505f2df1b2
2026-05-28 01:04:37,049 - INFO - 📝 Document mis à jour : f0dd3dd5751672482e0c2ec21185c04c26183325a44ebac77088378d42ff75ed
2026-05-28 01:04:37,049 - INFO - 📝 Document mis à jour : fe4077eceb5536ba57d39c1e8250ae240b7a3dcab22a0d3b6664bfb6d3580e17
2026-05-28 01:04:37,049 - INFO - 📝 Document mis à jour : e0584aa0335e173729b91238e8032625b3ce5b55a4397a074f06625f3fadf256
2026-05-28 01:04:37,049 - INFO - 📝 Document mis à jour : 4f7a33d0c406c09f39e11a40424ae0711bd0d14429bcd47dd56e81d1ad8f025e
2026-05-28 01:04:37,049 - INFO - 📝 Document mis à jour : 9905986571422c6ae8b2f4f3079a46ac09125b4716596c07b277bafc1c4ce3dd
2026-05-28 01:04:37,049 - INFO - 📝 Document mis à jour : 8edf6b916ddda2df2441f253fe8c595cf525577c91367d599dd42b621cf1fb39
2026-05-28 01:04:37,049 - INFO - 📝 Document mis à jour : e4b78687e6666ee2754a689c41c984d99add11580d902c1db0de4e0ca7a2b1e8
2026-05-28 01:04:37,049 - INFO - 📝 Document mis à jour : e1fa79ca9b6e93c7abe3dc1c2851f63b74eb9fca8925af58a28100be02e27cca
2026-05-28 01:04:37,049 - INFO - 📝 Document mis à jour : 888cff89994abb94ddfee14c15edd7ce22b45960b8736ebb41be3163e6bc3472
2026-05-28 01:04:37,049 - INFO - 📝 Document mis à jour : 021756ea438e27fd4befec4d1710cda762100310d648bfea92a5dd5c6fd5cae1
2026-05-28 01:04:37,049 - INFO - 📝 Document mis à jour : e8307e4c4c043ed06cc6edf585f34a0dba46c0ca4f56aa36eb6f5a1752795846
2026-05-28 01:04:37,049 - INFO - 📝 Document mis à jour : b6a681eec8205a5cccec9556a7c8636d2534af5c49eed8fc47b9d1afa25ef264
2026-05-28 01:04:37,049 - INFO - 📝 Document mis à jour : 3845166c6e4e6ecfc0073968f33969f10d5fac5158bf2bf8d731d863b5cc963d
2026-05-28 01:04:37,049 - INFO - 📝 Document mis à jour : 8d25e6314e87852f3443427ada7aa1176153a42278c93cbfa52985a3f8c8f43a
2026-05-28 01:04:37,049 - INFO - 📝 Document mis à jour : ac24b2dc0d207a31ac8ecedfb0e90b6f92d9cad78313c83cd4d8e7a3cbbc527b
2026-05-28 01:04:37,049 - INFO - 📝 Document mis à jour : 641311ad32691d7798f41e87235919e1fd784839d918abeb966678ca3cb9ecb7
2026-05-28 01:04:37,049 - INFO - 📝 Document mis à jour : 58f332d9301d05e331da1f0ccfc43c8cba229bd9be0e8abacf057f77e0735368
2026-05-28 01:04:37,049 - INFO - 📝 Document mis à jour : 89b49abab72e41549830097f9f9ad6b188e10c4d6cc8853b27a7d7f484aaafd2
2026-05-28 01:04:37,049 - INFO - 📝 Document mis à jour : ed7a6df6dd6130177f9025b004a71f1689ca237e1559615ba0ed1fdb96c47e9d
2026-05-28 01:04:37,049 - INFO - 📝 Document mis à jour : 2b62d8de42477278a0ed2cab8edd9d0d1230cf8abf4efb2273c0e9a7037122fb
2026-05-28 01:04:37,049 - INFO - 📝 Document mis à jour : 20ab4512f63dd9a440bf7a57d70b93e560cb6a61d7cb82fb5f6df3965e2a69cf
2026-05-28 01:04:37,049 - INFO - 📝 Document mis à jour : 10a8b5c2abf6359723c2936e1ab8fab689337f551a72008f49972a88a81e6ffd
2026-05-28 01:04:37,049 - INFO - 📝 Document mis à jour : 553ffda350b67c27fef271bd8159177119087f8b68deffe50034a92f866b68b2
2026-05-28 01:04:37,049 - INFO - 📝 Document mis à jour : 5e5dc215e5b1d45c6afb91ce0eec00c3ef43acdd59ca4560545944cff5b8dabe
2026-05-28 01:04:37,049 - INFO - 📝 Document mis à jour : 97856ea7949d4ee71d6588550d38ab6a209eed7c2e03036ee778000b20dbbc10
2026-05-28 01:04:37,049 - INFO - 📝 Document mis à jour : aa857c2f8a1e44c868c406125c07d771bedd92d9afa9efe900d100429fe76e43
2026-05-28 01:04:37,049 - INFO - 📝 Document mis à jour : 5bff9567b334f1ea76d7b3fe780e446c737aa172fd5a08b51f0aa02e7e2b2267
2026-05-28 01:04:37,049 - INFO - 📝 Document mis à jour : 47a4046775f5d08204c71ae02a940c6147a4549f7b111de0bd06a7bcfee55b6e
2026-05-28 01:04:37,049 - INFO - 📝 Document mis à jour : 29df5b15367af2c06debf347b03c79dc6e68158bb01304032bce2c892943c6e9
2026-05-28 01:04:37,049 - INFO - 📝 Document mis à jour : 12ed52e040ea4b6b6780bc97e7f7fcc2605d0ebd17be111d66f73db5e7d4affc
2026-05-28 01:04:37,049 - INFO - 📝 Document mis à jour : c5d8d8c658a4042d550b13bd07d0935e83489c7a36edd8c20c109b32f4af3aa2
2026-05-28 01:04:37,049 - INFO - 📝 Document mis à jour : d3281c1956bd6ec0ac0688a2e40a4b60b14f23e8c48bf23728d25f063e887d1e
2026-05-28 01:04:37,049 - INFO - 📝 Document mis à jour : 737302207a08df38d2b14ee6ea6dd7364d429de905ae1dc2edc385b039f7509e
2026-05-28 01:04:37,049 - INFO - 📝 Document mis à jour : e977016926efb1c1abde4801bcb1005264e1e37a85d826247390dac9882191ce
2026-05-28 01:04:37,049 - INFO - 📝 Document mis à jour : 85a8328808926708cd5c5de6c115e6c5bd1003383fe6889d6b704a0db1a2c6bb
2026-05-28 01:04:37,049 - INFO - 📝 Document mis à jour : 035f055c6b7144a6329218bd8b274bbb54a88e6423fd3c61f2c05150dc95ab50
2026-05-28 01:04:37,049 - INFO - 📝 Document mis à jour : 175674062686d374e1d522a5174ca117835997701d0d8b6275d2b180ac4dce20
2026-05-28 01:04:37,049 - INFO - 📝 Document mis à jour : 7acc6354baf303df68fb582bb8bec80013f7f3129eb0b8d495b8e0fb3666e891
2026-05-28 01:04:37,049 - INFO - 📝 Document mis à jour : 1281de7d0a947d10efe4459889dcd515ad101b5a1e3a610fd32745be79b9c397
2026-05-28 01:04:37,049 - INFO - 📝 Document mis à jour : 736f39702630f2e5a9a3788c6503cfc9aedf2f655fc64de7ceabb141563db3c5
2026-05-28 01:04:37,049 - INFO - 📝 Document mis à jour : ca443d8a41a1e42c167a4cf56afb43e0acef35181533a578c008af47d6a80aaf
2026-05-28 01:04:37,049 - INFO - 📝 Document mis à jour : 1758cc01a477138b03be130de454dee8fa05b6d2c8bed52e33384a65ff334505
2026-05-28 01:04:37,049 - INFO - 📝 Document mis à jour : 51b1a30d46684ec5bddbec4ec7975326625d4707e61fa08610ac7751c9075796
2026-05-28 01:04:37,049 - INFO - 📝 Document mis à jour : 050b8766dd99cfad343b6ed180d7295734e5b2dad9a420b54c2620945a29ff37
2026-05-28 01:04:37,049 - INFO - 📝 Document mis à jour : addaad2f3654ead9725de3977eb2747d6f1a32487f9a0f34aa3b696f200b7217
2026-05-28 01:04:37,049 - INFO - 📝 Document mis à jour : 9f31b3ce8e1b359f8d3bb65a0f79c426c743088c7791009c5c9390d80e3d8142
2026-05-28 01:04:37,050 - INFO - 📝 Document mis à jour : de5903cf9678e7814db5024edf1013b9598a7102d44d05a4389414ec7fdc5bc1
2026-05-28 01:04:37,050 - INFO - 📝 Document mis à jour : 61f1d6297f6ad6bccdc8fd4ccf0c7c150b1b6b154d4a2271d2efc22e9c74920a
2026-05-28 01:04:37,050 - INFO - 📝 Document mis à jour : 8185e8c6bf0971561309c21afbe5ee21dc01ba4545fc03388ff9d4c53419fd11
2026-05-28 01:04:37,050 - INFO - 📝 Document mis à jour : 4a3f1502847d8bc6ede97910a64a7405cd98b9dbfd99080785b72e4528ecd1b9
2026-05-28 01:04:37,050 - INFO - 📝 Document mis à jour : 8b75decaf40a50e8e7b3ec854140c43b297809d6b4b256389eac615da059db67
2026-05-28 01:04:37,050 - INFO - 📝 Document mis à jour : 687a5de9403ad4b6e0d925fd2c5abf1c9c4ac439ca4a690e7ece93c5446939c9
2026-05-28 01:04:37,050 - INFO - 📝 Document mis à jour : 34f39460ad30da58ef708ee5f6dd8f7746f072648b1dd91f3c682bb30eacf555
2026-05-28 01:04:37,050 - INFO - 📝 Document mis à jour : fefbfcaffa43ffb41fca86ab2ab07b4b6c033573abf39490690733eecf4e73d3
2026-05-28 01:04:37,050 - INFO - 📝 Document mis à jour : 81eeffa9bcd5631a6c759c265c9398810df3e1b0f13ee1bf0b5987502cd7da82
2026-05-28 01:04:37,050 - INFO - 📝 Document mis à jour : 83bd77bf0d5edc3d9c56da65ff2903745e88ec7e7e8f9586ed5cbb7d9d3c367e
2026-05-28 01:04:37,050 - INFO - 📝 Document mis à jour : 65a3f389942e1b5552354baf619d25d16dd7b3a112e04b81e3a917fb7ea98756
2026-05-28 01:04:37,050 - INFO - 📝 Document mis à jour : b980edc0846db2aad6b6093bc47e8e1ea18c4d76c6f81b0ecc9ca8a3bb6fd362
2026-05-28 01:04:37,050 - INFO - 📝 Document mis à jour : f490e5c597a3deb0629525a84bf5f4f7283e700c04fac2ee4e7f03bff49c556e
2026-05-28 01:04:37,050 - INFO - 📝 Document mis à jour : 17572ce76e4ff8f83e9f66359c97742841d410dd73e4ec3e5e185206b1525802
2026-05-28 01:04:37,050 - INFO - 📝 Document mis à jour : 00a6fd3bc8f3032cc8e8fa07d38adaa90ea8707aaa36128979d6a2dafb15fbe7
2026-05-28 01:04:37,050 - INFO - 📝 Document mis à jour : 98e1c23e2cde45511a7e51073ac0f212b2b012263da3dfe554d520e7fe4973b0
2026-05-28 01:04:37,050 - INFO - 📝 Document mis à jour : b72f973ff0418420d56a10636e05b47d18ee026b509aca5d1e954971bf9366d2
2026-05-28 01:04:37,050 - INFO - 📝 Document mis à jour : d7a3eb7806c0cf1b90e5150e849d3180694d53bcfa985ed7b13535f99f097bdf
2026-05-28 01:04:37,050 - INFO - 📝 Document mis à jour : d443a41e0b5e84c0d04e03733aa297cd013e731f2e08b7056d7ab565ddef4e0c
2026-05-28 01:04:37,050 - INFO - 📝 Document mis à jour : dfb77ea88bf727c09900855222de11e8385ceed20d34c0dfa419697efb7769aa
2026-05-28 01:04:37,050 - INFO - 📝 Document mis à jour : 75b83f1f341c26fa02c70fb73dad7b27f901936cc9d76d9a8af79c586522dac0
2026-05-28 01:04:37,050 - INFO - 📝 Document mis à jour : 7322b2299e7e7a6cc5f27aa03f50308514b8bb4148f60aa0f8f45aff61927037
2026-05-28 01:04:37,050 - INFO - 📝 Document mis à jour : 116c42a7c06179fb77514b3970423094d8370999a6b27ff60f4af34641b1d942
2026-05-28 01:04:37,050 - INFO - 📝 Document mis à jour : 657a36fb1f40b4cf9e48e0066d33e2acfaea740a14eafd53642f387a0994a73b
2026-05-28 01:04:37,050 - INFO - 📝 Document mis à jour : 81ee46dbaf7f7a29dd27adca4a688beb1fc8b9d3838f8dd053adb89f08b5f1be
2026-05-28 01:04:37,050 - INFO - 📝 Document mis à jour : 2067ebb3350e555458932ffa7bfe76e4c32afe1c3b6e64672d03eb15af333c99
2026-05-28 01:04:37,050 - INFO - 📝 Document mis à jour : b59f652acb4eccdf5c191662a78c9df6094084fa561283364af4db0ffb977302
2026-05-28 01:04:37,050 - INFO - 📝 Document mis à jour : 1ec39b88c632876451536d89a087a9a46fa1a9df4b489bc1b8efa840befc7a9d
2026-05-28 01:04:37,050 - INFO - 📝 Document mis à jour : d7e535ad10c71cd206447e7bde1171d4cab99d021da207ac1ec9de1b657d3316
2026-05-28 01:04:37,050 - INFO - 📝 Document mis à jour : dc7f07397e4fada093a790337194a65bfb0d0a48e009522fd788a77df547532f
2026-05-28 01:04:37,050 - INFO - 📝 Document mis à jour : c7fc2ef454adf5abcfa00517b5b754857fca647bb73f814993f9ea1c838d0829
2026-05-28 01:04:37,050 - INFO - 📝 Document mis à jour : 673d7e0622f727f7b8b06c1f2d07ebcc3ede5b8b25c50a344b9ff91a1b16bb21
2026-05-28 01:04:37,050 - INFO - 📝 Document mis à jour : e4bfe733da644c4e76fe93b04d653a344189d250e737c1688fada308ac294617
2026-05-28 01:04:37,050 - INFO - 📝 Document mis à jour : e0ea49a0ad038d02c6d81afcc135887251250031725036236468c2ad2bf68f59
2026-05-28 01:04:37,050 - INFO - 📝 Document mis à jour : ddf8e70652ac85a9aff313d9fa461c6b3f69b5ec387f407455f71815e552c872
2026-05-28 01:04:37,050 - INFO - 📝 Document mis à jour : 5b703f37074d11893d79438cbf9b551da8ffa7d240c34e63a39d92d27b6dcaee
2026-05-28 01:04:37,050 - INFO - 📝 Document mis à jour : 0a439f16d364484dc337b79266d44ceb92397f310b3202e8dec68c0211031d44
2026-05-28 01:04:37,050 - INFO - 📝 Document mis à jour : a30f5c4929108af83954b7789796cbae7c34ce3050da5e955e5a707cd31f7b91
2026-05-28 01:04:37,050 - INFO - 📝 Document mis à jour : d710173756db702a910d50fb5e728cdceb563a6099624dfdabbdd6e721258b66
2026-05-28 01:04:37,050 - INFO - 📝 Document mis à jour : 2557f969caaf02a7ceca325c11a8e1b3c61bb3551f745631c6b8b91c5cd7f380
2026-05-28 01:04:37,050 - INFO - 📝 Document mis à jour : 709a989031b4cb5966dbf1cb0e6ca78e2aae4efff9716c14b10d7778fe4d7f31
2026-05-28 01:04:37,050 - INFO - 📝 Document mis à jour : 03bb97097781151cd1692fa5f0902c28baf258432ae68fb3f6e24119d06c4ba0
2026-05-28 01:04:37,050 - INFO - 📝 Document mis à jour : b6489d7c0fe2171f4dbe877b25de5722f45194253b9801e6db40aed2b1d0d5d4
2026-05-28 01:04:37,050 - INFO - 📝 Document mis à jour : 7c4b95d7939e237413079f24bdab9e24426253b879fd8d524a42a8f1a76ab822
2026-05-28 01:04:37,050 - INFO - 📝 Document mis à jour : 30ee1282cb9e871a2bbec799040c8ef91f3b9d771072161e6de4833bc47bc205
2026-05-28 01:04:37,050 - INFO - 📝 Document mis à jour : cc667132a6e3fa2d18408c1e16c154da40dbef578e9ff4deb338851e27128511
2026-05-28 01:04:37,050 - INFO - 📝 Document mis à jour : d5ab3e678d99451aeea70c7b740bd25e397fc07630a8d17c3d840e6dfb74221d
2026-05-28 01:04:37,050 - INFO - 📝 Document mis à jour : abaf49983b2385b0cf400f65928e26839104abfedbc7fadb6a5ac09e37829cff
2026-05-28 01:04:37,050 - INFO - 📝 Document mis à jour : e611466fb1077d156a7a802d08313538c3196316149eda62319f074626396a20
2026-05-28 01:04:37,050 - INFO - 📝 Document mis à jour : c79c2723ab80f9ab698bbcaa381c724c73b68f203251f6f52715ee7c420041b4
2026-05-28 01:04:37,050 - INFO - 📝 Document mis à jour : 303b53c15a21be1cf3f98e30294348ac84a337731506065542d42969c0818315
2026-05-28 01:04:37,051 - INFO - 📝 Document mis à jour : 25c72b0f3a1a933aad2b1c958399d00d08944c220579119c9ecdcb75daa93227
2026-05-28 01:04:37,051 - INFO - 📝 Document mis à jour : a219fbd93a8a5b442e6b7eff61996527a8ea00b7426da1422f98a0cf1549bc74
2026-05-28 01:04:37,051 - INFO - 📝 Document mis à jour : cf451bcee8779e44dd9b7518a0bc80c5074af4fa95d08b8dd968e153f8c6a64f
2026-05-28 01:04:37,051 - INFO - 📝 Document mis à jour : 96bca83c3bab502aa6eef3bc87db8a64aa17c731ef0b3fccd06f894be7d794c4
2026-05-28 01:04:37,051 - INFO - 📝 Document mis à jour : 764d5de494aacf3e593f2c497438ad3ca48480e116f0a1af34a89bb60ea37ba5
2026-05-28 01:04:37,051 - INFO - 📝 Document mis à jour : 09df0ff06ee787a4af42fbd65f77bc0d2008aad3ae7dca93348b2d3c3dbb4647
2026-05-28 01:04:37,051 - INFO - 📝 Document mis à jour : 3e33cf5a31da75e9b26d7dbb340590ce35f6be2482b6c6bbd73df309ba0fb202
2026-05-28 01:04:37,051 - INFO - 📝 Document mis à jour : a34d2835949ea859f95fbcf2aef80e29cc66957855107ed68eb959a6e228b310
2026-05-28 01:04:37,051 - INFO - 📝 Document mis à jour : 585807806205bda0bf5af62cbd007a8502eb4d936c9e02df46480fc425f26994
2026-05-28 01:04:37,051 - INFO - 📝 Document mis à jour : 014852dd855ac8f200e4f059df152de3dd1d0e5ceccb25415de1b06bb76ad77b
2026-05-28 01:04:37,051 - INFO - 📝 Document mis à jour : 6f0e65198c00ddc85d73d8693180455904b6c94dfbd793c4ceb6416889674ca1
2026-05-28 01:04:37,051 - INFO - 📝 Document mis à jour : 8d84bece5d13d9502fa1f77cfbe620312019028728fce1968682216e908bfb0d
2026-05-28 01:04:37,051 - INFO - 📝 Document mis à jour : a92b3920e8b670a5d0aab1c558db7f2b8a47015c0cc887aead1cd697e164f015
2026-05-28 01:04:37,051 - INFO - 📝 Document mis à jour : 41ea18fdddc08141487c154f27b379623fd6a2178c91b4434211dec8123ec21e
2026-05-28 01:04:37,051 - INFO - 📝 Document mis à jour : 458b72b40a1b1f9cc10af8d6f189cd98797a6d900203b3c247a388ecfc598210
2026-05-28 01:04:37,051 - INFO - 📝 Document mis à jour : f6a627f6e6fdee4e007a339c086a4e5d26276c57ce02917b8b5879e4b619d92d
2026-05-28 01:04:37,051 - INFO - 📝 Document mis à jour : f8bdd524085fc7366d772a13a8e1d149bb5fb42dcc545ee57078e7c3cc261d69
2026-05-28 01:04:37,051 - INFO - 📝 Document mis à jour : 3ac5c0d36a959fabd036eb1631be87fd3d29efe87bb5e72c54135956a2c83a99
2026-05-28 01:04:37,051 - INFO - 📝 Document mis à jour : 9451fc0f03352fbe333d4498ba7a9fdcfbd99cd6ac6317f040bd85167722c97f
2026-05-28 01:04:37,051 - INFO - 📝 Document mis à jour : a034ec04371a57b1fa6881ebe0198edef3d2f9a0a9cfff3d068913ae6569f0ba
2026-05-28 01:04:37,051 - INFO - 📝 Document mis à jour : 5f0717e787ba3d586370edb2ecb35d09eaf81e92ca564296eae6b0db0e3b3138
2026-05-28 01:04:37,051 - INFO - 📝 Document mis à jour : a07743d6a04b43b699fbecb2b1348423b962d97f68a1ac2cb703b5e8bf240111
2026-05-28 01:04:37,051 - INFO - 📝 Document mis à jour : c4da9df61ab6e576a3707448722b2a18705fa35af7838e930b638cd62afc2adb
2026-05-28 01:04:37,051 - INFO - 📝 Document mis à jour : 5aca3f74cc2461da13bad93480c324a3139eace945e9a376387afd87d8a55a65
2026-05-28 01:04:37,051 - INFO - 📝 Document mis à jour : 3f3d14dcf97b029c09fdb7d38d0c36b41d9011c0e589e5c42c66d6a025e944e4
2026-05-28 01:04:37,051 - INFO - 📝 Document mis à jour : 77e8c5231c533a78cf251960aed4abeda77a88e9257efaa6f425e85f65e7eb62
2026-05-28 01:04:37,051 - INFO - 📝 Document mis à jour : 4556ea137a2ff0f3c51afc5e15938ab07f5225d5a4f1389417019df99fd7f100
2026-05-28 01:04:37,051 - INFO - 📝 Document mis à jour : 5050480618653545745677798d7807d4fe2109eb283d3a5cf058e8f690b54b7c
2026-05-28 01:04:37,051 - INFO - 📝 Document mis à jour : bf05ead1d9f786668a188efbca06f1223db4146d293d900c3309e086a8d407cb
2026-05-28 01:04:37,051 - INFO - 📝 Document mis à jour : 1e95aae1ab870a4ebb9ef7ea4ad3f6a2be5fcf14aa638f6334922fd9cefcdc3e
2026-05-28 01:04:37,051 - INFO - 📝 Document mis à jour : 5391bcc32aeeabc385676ed9819f31354049022d23aaf76dc9fad8375e46ac85
2026-05-28 01:04:37,051 - INFO - 📝 Document mis à jour : e83703b4550c1de3516e0f4fd386343b1df44675a7c3f3cd175dbd088652be38
2026-05-28 01:04:37,051 - INFO - 📝 Document mis à jour : 2fcf8af9bd331434d628fcba3a71ec9b919683c6479356d3146dc1f08c3c57ee
2026-05-28 01:04:37,051 - INFO - 📝 Document mis à jour : 1c10c9648ae785d02c08af5ac23f035c857434275e1e94b3fb8209d09b70085b
2026-05-28 01:04:37,051 - INFO - 📝 Document mis à jour : 16764f07bf31af8be9e2a57f103f158712cd5f871840f5b74afbdb9a236a49b8
2026-05-28 01:04:37,051 - INFO - 📝 Document mis à jour : 70c6b444eab17087a32708bab6d75054c7a5e11765653e1e36f1bea878a6cf57
2026-05-28 01:04:37,051 - INFO - 📝 Document mis à jour : 4f64b6567c45d30981a0c6011c53525e8de5852672fda4477305de9eaf2ba56f
2026-05-28 01:04:37,051 - INFO - 📝 Document mis à jour : 4f9cee6655ef4a4120c5648a72d18d0466067a5deea75893ccdb057ca002c069
2026-05-28 01:04:37,051 - INFO - 📝 Document mis à jour : 88009dbab6876eb3f9316578abffcf1f9168411ce7aa8041e8b78a357d19e488
2026-05-28 01:04:37,051 - INFO - 📝 Document mis à jour : 58a9e24fe33ed0c768d2096ee4fba6664bd0226f08b812bee2ac47fda1757600
2026-05-28 01:04:37,051 - INFO - 📝 Document mis à jour : 28ccd0c3cec803d9e07ffef26c7feb52fbad617fe2f70f39c1ddf497ee479977
2026-05-28 01:04:37,051 - INFO - 📝 Document mis à jour : 0ea1dba96a3a70b4f5db25d93303fbdf8f9f44d24881549b6cf1937b7b45e274
2026-05-28 01:04:37,051 - INFO - 📝 Document mis à jour : a0e9d4aeaa2cd7e60a58bdbdbe5bf0a24bc185897751f3a60a6896f1373faa38
2026-05-28 01:04:37,051 - INFO - 📝 Document mis à jour : 40cee624a746e9d6c66ea76e6b1fb70d3adf3ac8da7b96192df5dc7650693367
2026-05-28 01:04:37,051 - INFO - 📝 Document mis à jour : 8b529eade29dff8e67ffe6f03683fd708da1d30f97f457cba7a6c1185de5ddd9
2026-05-28 01:04:37,051 - INFO - 📝 Document mis à jour : 956233740009811885b905a41150cc4e0833fa5152299a0f06320ce3f011e74f
2026-05-28 01:04:37,051 - INFO - 📝 Document mis à jour : d0c585f834dcc7b9e9cdb1efb3fc6ee6bf70fb842dd73bfe63e5da122b626959
2026-05-28 01:04:37,051 - INFO - 📝 Document mis à jour : ed85a96f657e5d053e2edcc272ce9142421b28fa45d6896a2d2bc165ee133b31
2026-05-28 01:04:37,051 - INFO - 📝 Document mis à jour : 1bfe410fc3d7633f5fc0c1a36f03c4aeececea077d41d94e65ca227c0c9b6d95
2026-05-28 01:04:37,051 - INFO - 📝 Document mis à jour : b661cb3acd5d5808863c8573b77ffdda70eb80590b2121776cfe7f3e5f8b680c
2026-05-28 01:04:37,051 - INFO - 📝 Document mis à jour : f3078ed92369d2df6f16d6c2e4c9dc3cedef51e5159e185729610157802e8361
2026-05-28 01:04:37,052 - INFO - 📝 Document mis à jour : d6265dff0391ee2d962455901ff260025b0f31ee2d73c9e19aa8f78223b8f348
2026-05-28 01:04:37,052 - INFO - 📝 Document mis à jour : 385af64325d27d687527f18f018fc5751061305ddada69613b6695b44ecb310e
2026-05-28 01:04:37,052 - INFO - 📝 Document mis à jour : 9ccadfc1172f1f0562f1e2d6b75d528953c439b9b5041ee6f5d94443c500207b
2026-05-28 01:04:37,052 - INFO - 📝 Document mis à jour : 92a0b6fa33b4e841f2d90f8f36a1d5e10bf9480f9ad53e805a48bf54430a0540
2026-05-28 01:04:37,052 - INFO - 📝 Document mis à jour : a81d6a2fb99dbcebf21b1fece42c4d4c3d30d7c098f2585a2c2483eb13c27bb7
2026-05-28 01:04:37,052 - INFO - 📝 Document mis à jour : e7431289ae55fd2cbb96868e4bd42eabad3866a3cbec0a0fdd580ad0d2583975
2026-05-28 01:04:37,052 - INFO - 📝 Document mis à jour : 75e5d910f133180abdfb994335001dd32fd9ab5d00c345a5027ae70c2937ee16
2026-05-28 01:04:37,052 - INFO - 📝 Document mis à jour : eb74a75e7b8717666543ad3950f78166ff8ae478b8aee873d93288eb65b68fe4
2026-05-28 01:04:37,052 - INFO - 📝 Document mis à jour : c4a60ea67fe9f05c0cfd1fdc9384351943e612928089a97b6f1fb66dc6ad75d7
2026-05-28 01:04:37,052 - INFO - 📝 Document mis à jour : 1d756cc40b36c0d1c955e1e721a391704ad2e84cbdc831aee803373572215be9
2026-05-28 01:04:37,052 - INFO - 📝 Document mis à jour : 88800d3b4b2d7cf0df203baddd28c7c077d76a8a031437c0e80a0f07a711e692
2026-05-28 01:04:37,052 - INFO - 📝 Document mis à jour : f8a69378385a9c8256fc7aebde6433461c0cbd490354e67b64699cde4423d0a6
2026-05-28 01:04:37,052 - INFO - 📝 Document mis à jour : 18525514f0bcafe24072610179762aa283ab4559ea02ec16174ca4df04f44cca
2026-05-28 01:04:37,052 - INFO - 📝 Document mis à jour : 3cda3196cb28f4a5c94c2675c4b389ed15f8144ffda55f84e3059e96e6965f4d
2026-05-28 01:04:37,052 - INFO - 📝 Document mis à jour : 094ccf394f8985ec6040257820a8faa8885578968bdec4fe4fabfb003bf66cab
2026-05-28 01:04:37,052 - INFO - 📝 Document mis à jour : 5bc5b4fd506d5e148d124d081bfc2d3308fe80558aa7ebfd8b4cdda027c84445
2026-05-28 01:04:37,052 - INFO - 📝 Document mis à jour : 7c8dc06ce330106a69cecdfdfc4e143e466b503735a4f41eb891f122ad9a37e9
2026-05-28 01:04:37,052 - INFO - 📝 Document mis à jour : e957b6fa9126ed9d15ff80c0061cfa398743867e53534a1e73da9f097744a8f1
2026-05-28 01:04:37,052 - INFO - 📝 Document mis à jour : de56fb91c2c1dfd5504037e21d67ef468c3e1c3d82f6e07cbdb378ca5d69304f
2026-05-28 01:04:37,052 - INFO - 📝 Document mis à jour : 7eeaf42c011c6a20be109796c0979ff849da75a99113afa57f6c2b98a080555c
2026-05-28 01:04:37,052 - INFO - 📝 Document mis à jour : 50327654bcf203d6d86ba5fdd416711d2b293fb4e7d31819a0593f717b328eb0
2026-05-28 01:04:37,052 - INFO - 📝 Document mis à jour : c63518e0fe57d5ab7ca2bd2014de5e28964d6ff29d925d1b593a7db5897d61c2
2026-05-28 01:04:37,052 - INFO - 📝 Document mis à jour : 7b1532c34155201b5ae1a98c4cbb4f75deb9c4c608c99c62a70f735615e8072e
2026-05-28 01:04:37,052 - INFO - 📝 Document mis à jour : 43784ab8b76e17facf4c33641c014453d0a58cea06978ea5cc9f78c47f5424d2
2026-05-28 01:04:37,052 - INFO - 📝 Document mis à jour : 86a1af5f471d387f279a3b8b4c996e24a77e38bb75440faed2274ddbdc55d1fe
2026-05-28 01:04:37,052 - INFO - 📝 Document mis à jour : 53514376b95f8c1d8d8d5034d1c5561b664af23e6667b9b4255d1f0ae69bc6df
2026-05-28 01:04:37,052 - INFO - 📝 Document mis à jour : 4ec65be819638951402d094b8253215ae3b53d8cc551be9b3e47685bcac4a51a
2026-05-28 01:04:37,052 - INFO - 📝 Document mis à jour : 8d713c11a81188ca7f68bf285912b424aae987f16428e766472be86a920f4772
2026-05-28 01:04:37,052 - INFO - 📝 Document mis à jour : fa47fa2d582c180b8a522fa2592bff36eb762c7dcb2779ef54f73ff04a21ecac
2026-05-28 01:04:37,052 - INFO - 📝 Document mis à jour : 37a6ef91b4ba9fcc26e9024015b03ff724b3b47cc66c43873c7781190e2f194e
2026-05-28 01:04:37,052 - INFO - 📝 Document mis à jour : b3d28c5bae0330a24c480f0767074c9097efaac8b3a38f43130754cd6ad64f5d
2026-05-28 01:04:37,052 - INFO - 📝 Document mis à jour : 86584a56f55bcea2b8c48778e41775ca5c4f2c8a41074151c5716b029e115ddd
2026-05-28 01:04:37,052 - INFO - 📝 Document mis à jour : 0e2874d01322b1a814ba4f86b3d39e0d14de0004a8bd1caa2b9b856519d11ce0
2026-05-28 01:04:37,052 - INFO - 📝 Document mis à jour : 7d7d8d2ca89f168ca0d5cc9140929f0a63d1a5a1d1d5cede07fada8f5d6e1fa0
2026-05-28 01:04:37,052 - INFO - 📝 Document mis à jour : d0ee791b2b62008b07bb983ae0d86a4477b7bf3887b31aeabad9da6604569a45
2026-05-28 01:04:37,052 - INFO - 📝 Document mis à jour : e18ccc985b4eefdaffd9cfee6f318f03bc9944fc07c52456309cc355858c95e1
2026-05-28 01:04:37,052 - INFO - 📝 Document mis à jour : b3271d4252149c65b4d9ffbc9872bf383a66ccefdd80511e860847f2e5a88c08
2026-05-28 01:04:37,052 - INFO - 📝 Document mis à jour : 5b947e0fa30cbc382849cda08c4c2a6d5946ff11790c1a69ca384b31e7597777
2026-05-28 01:04:37,052 - INFO - 📝 Document mis à jour : cada8b29ebc1cd003528025e983ed278f5bc936669668186bbec399609957829
2026-05-28 01:04:37,052 - INFO - 📝 Document mis à jour : 09c6e2b9162eaa71fc34a1c6f22787e348ae4f1266647c782f3456ebfec59a6f
2026-05-28 01:04:37,052 - INFO - 📝 Document mis à jour : be134c76672416bced0cdc82a9bc1d7cc96fdb1d079b9eb4798ea305879a2039
2026-05-28 01:04:37,052 - INFO - 📝 Document mis à jour : 659a9f3c65335e838502972314a34f2c887b873817cf41222b2247d7d08958de
2026-05-28 01:04:37,052 - INFO - 📝 Document mis à jour : be36435e6059cac4c9bb35085ac853c4efa90211a965ad045ee13017563ba0dd
2026-05-28 01:04:37,052 - INFO - 📝 Document mis à jour : 7001c78430a8f26113ff9341d79803cea742708d56c02b0bce7971736fe13a43
2026-05-28 01:04:37,052 - INFO - 📝 Document mis à jour : 187550a7c83eb59482f1f7c0b14abf286abe9bbaa1cb0bc7e9f11a4ad7f3957f
2026-05-28 01:04:37,052 - INFO - 📝 Document mis à jour : 00032453435f265d5325c9cc93637cdb83692fdc68d4303758612a7b4ca0ad6d
2026-05-28 01:04:37,052 - INFO - 📝 Document mis à jour : dee4140c6e80bef75607d60c8fbcaba3dd65ef354f6d2dacaf1dd0327d90b32a
2026-05-28 01:04:37,052 - INFO - 📝 Document mis à jour : 1cf3e32aadd116ae8d934a522570bcc5cf400f50e044716c455dcee30eac3ed3
2026-05-28 01:04:37,052 - INFO - 📝 Document mis à jour : 1b54d6489a15865eb33d6a60ee2af11b973b287d8bd22a2bdd42daac589152c1
2026-05-28 01:04:37,052 - INFO - 📝 Document mis à jour : 035073df4d585eb336d7895b9803deb68ac00e58e336c453704c9f5bb432e054
2026-05-28 01:04:37,053 - INFO - 📝 Document mis à jour : 5f54c2c4e3e20d47c56051b3aaeb07f7cd5524a057a43b215bb2e0f187670452
2026-05-28 01:04:37,053 - INFO - 📝 Document mis à jour : c008a8e5aa928c17d41f458b8d044d79719523868d9af07e8450e40879a823be
2026-05-28 01:04:37,053 - INFO - 📝 Document mis à jour : b694d85c278361641a8e66d61c71922a0a26522784bca452527800f84c1c276d
2026-05-28 01:04:37,053 - INFO - 📝 Document mis à jour : c0d7386c86ad02a3bd7ed7482abcc99a0b17da0e17dce3d6da4cbd724b9bbd5d
2026-05-28 01:04:37,053 - INFO - 📝 Document mis à jour : 73bcad317f7128194d2d197ca309e67f67d0f62ae59f86d8cdcff659bd6a1852
2026-05-28 01:04:37,053 - INFO - 📝 Document mis à jour : 8ec2d87af42a88355c087ba3d94ae71d73b2b3a724c12a19000cfe6f3fe856dc
2026-05-28 01:04:37,053 - INFO - 📝 Document mis à jour : 1cbdb00fb18d13324975af0b4fa9b9b9de0329b3bd0d336ad24c25a6cfb96afe
2026-05-28 01:04:37,053 - INFO - 📝 Document mis à jour : 466f5bf89f06731b06c877414fb78c015a819ffeae6e74847cafda34b6e49d1b
2026-05-28 01:04:37,053 - INFO - 📝 Document mis à jour : 75a2946cf589200d6def36840d49fca4237b2bbd67fb112943ee504115ac3cbc
2026-05-28 01:04:37,053 - INFO - 📝 Document mis à jour : 67a8eee0d3f56c3ce91888cbc59c65686fa7013da67f137ef7f4e16f16cc4a21
2026-05-28 01:04:37,053 - INFO - 📝 Document mis à jour : 078129bda796ff458442d97df23cf4a034d0f871c09cb6f0ba8e2490357e1ad7
2026-05-28 01:04:37,053 - INFO - 📝 Document mis à jour : 97925b02e0cd63f5ded467114d3810f2efbb7e870603cf2fb798bf20ac7997eb
2026-05-28 01:04:37,053 - INFO - 📝 Document mis à jour : 0bf26abf84737d6acb007ab234c05ff8cb1b71296af4b40ec730adad1e0104df
2026-05-28 01:04:37,053 - INFO - 📝 Document mis à jour : 578b5d67e956ac973d8cb589a77d0ba7f51edcd5913f4879a2c6ea04f289f834
2026-05-28 01:04:37,053 - INFO - 📝 Document mis à jour : 7c517a0d721cb4e027bba1de99ee0be957174a4acc75bab3d371015c5ee3c369
2026-05-28 01:04:37,053 - INFO - 📝 Document mis à jour : 57d8607de246fb60f5262a6bca906b8da91eeb2cbd63c0fd5d86460185c7cfdf
2026-05-28 01:04:37,053 - INFO - 📝 Document mis à jour : c896df8efde83031eae4c238d11814f0e39171bf10cc91d33f6b04a8003c4a94
2026-05-28 01:04:37,053 - INFO - 📝 Document mis à jour : d0d7737cd4e2d8e52e1676191be4852f3e3533e15141e3f666be4f3b560b479c
2026-05-28 01:04:37,053 - INFO - 📝 Document mis à jour : 2f5977daea12da73b3195936cdb92c5be7fa949ebea658f67ac99987b19afce2
2026-05-28 01:04:37,053 - INFO - 📝 Document mis à jour : 0f0712b41e926cf3187ae0b99ad66518eea0649c923b280aa080bec1b689f035
2026-05-28 01:04:37,053 - INFO - 📝 Document mis à jour : 46fb77ffe924c5c482a0654e0a7e22561287a5a119a33533fc7d0dc593ef2205
2026-05-28 01:04:37,053 - INFO - 📝 Document mis à jour : 5d972c759fdce6e50ee8700d67885c374137affb746d8b42efd33832c3d1b203
2026-05-28 01:04:37,053 - INFO - 📝 Document mis à jour : a2df914922fa38c2b9ce3c92f1cf8c88c8cb758d3402eb1c0164c075de08888f
2026-05-28 01:04:37,053 - INFO - 📝 Document mis à jour : d6101fc5a386cae8c25a2b45d052fb14c8b4b1a5c4680f0cd400c4d4ce379a78
2026-05-28 01:04:37,053 - INFO - 📝 Document mis à jour : d0a353f82d05be34494123540f57281dcb4c731b1834641f2000604257eb947d
2026-05-28 01:04:37,053 - INFO - 📝 Document mis à jour : 36c10ef2d172c4ca1dfa6f16a5b5310d31b1d24b1eb1873df0cfc6a2b100bd21
2026-05-28 01:04:37,053 - INFO - 📝 Document mis à jour : 1ecbbe97ff36cb702ee455e8b1af57e553719e1f697826e4a60f8eb7d97e7ed2
2026-05-28 01:04:37,053 - INFO - 📝 Document mis à jour : df63b4c3d4607e3078da3ad8e930327a9bc883e70df29d303b4d337f6a888b3d
2026-05-28 01:04:37,053 - INFO - 📝 Document mis à jour : 6a6c18f2423f19bf3d1afab2f5302af9bc4e87b976b795c3f968b39b3f597d96
2026-05-28 01:04:37,053 - INFO - 📝 Document mis à jour : f9676b981faaa065dd1d031e00f62876a7e0583b8f64be2ec04a427349ae6435
2026-05-28 01:04:37,053 - INFO - 📝 Document mis à jour : e6ab11072b044401b8c8a3df3e5522b4ea54bde50a1981963c29e7422f83963c
2026-05-28 01:04:37,053 - INFO - 📝 Document mis à jour : 9f43159bb6a8815329c79ab4239df97d5ee665bea17c2f1b27e2fcbb58c073c1
2026-05-28 01:04:37,053 - INFO - 📝 Document mis à jour : 724ae5299d7b1ac56f5cdfcd51587bd09bb269d75c9773f71f10f76b50dcf670
2026-05-28 01:04:37,053 - INFO - 📝 Document mis à jour : b0c8e404db306132ea4a9be7864cec43cb59248867b069725422ef7971b1ccf3
2026-05-28 01:04:37,053 - INFO - 📝 Document mis à jour : 924f43fb816656c081139640dec5dd7d41fc661a5785d69e2240abd830505002
2026-05-28 01:04:37,053 - INFO - 📝 Document mis à jour : 856983d865109d9e3abd982cf059feafe61c3f9f5ff2f6d4d15e4c7a901d3fd3
2026-05-28 01:04:37,053 - INFO - 📝 Document mis à jour : ebc4532093cae50533da121ff875006979eeac1cc2ef713d5c31e004f9f61eb1
2026-05-28 01:04:37,053 - INFO - 📝 Document mis à jour : 12b07fd50a6d18695d72f6d117cce3833f2065187ba8e83e8c625f19312242e5
2026-05-28 01:04:37,053 - INFO - 📝 Document mis à jour : 5558d868b39f36f375b7a4d1f547ee8c435dca0a343f28edf023a0053c8678ca
2026-05-28 01:04:37,053 - INFO - 📝 Document mis à jour : 4cd0059474ae28728963ae09485105ab356b7abb0e162d6c0aa7f8764af3c857
2026-05-28 01:04:37,053 - INFO - 📝 Document mis à jour : aee81b54ba554c8c974bfb96c9424e9c362e7e7ac9d74e463de0d0decebc3b53
2026-05-28 01:04:37,053 - INFO - 📝 Document mis à jour : 4951163a9d176d6bb10547bd82780cfb805c39e519c6dcf46d3167c4ba2d2019
2026-05-28 01:04:37,053 - INFO - 📝 Document mis à jour : 2ee63efd27fe6a403b61a209e754fc28d92bf4e2c128adbea4756cd74661a59e
2026-05-28 01:04:37,053 - INFO - 📝 Document mis à jour : ff92714d8033b9dc789e5c99bc2c8a6e0c0f442daec61325ef68e5e609abe78c
2026-05-28 01:04:37,054 - INFO - 📝 Document mis à jour : b9aff7af1a4ed79c093a1d846822a69cca7c9f5a831403cb4866ac3962e31d60
2026-05-28 01:04:37,054 - INFO - 📝 Document mis à jour : e1726da160deca1496d8b63a76a6831a961ecc90257e38ef3e40c829932d81e7
2026-05-28 01:04:37,054 - INFO - 📝 Document mis à jour : ff6d16fe65872da088625808908c7a1f117e59c924c29bce6223796e556e26df
2026-05-28 01:04:37,054 - INFO - 📝 Document mis à jour : fd5c81daa7d72ca3a794ce02102f73abb77f95ff1ec410dc39b07764bdf9236f
2026-05-28 01:04:37,054 - INFO - 📝 Document mis à jour : 7023c7dc424d22166bc6377e473a440567ba3007f26ec8cfbb7e13021295e270
2026-05-28 01:04:37,054 - INFO - 📝 Document mis à jour : b1bafda88d601273c4febedf900e55e9078b6319f1863adf7fd32eef0075b312
2026-05-28 01:04:37,054 - INFO - 📝 Document mis à jour : ff99774f777ad13c124e435cbd65f95f1179d674952daa13d249c22f23692d85
2026-05-28 01:04:37,054 - INFO - 📝 Document mis à jour : 66f8d6826ca55b86cc012871873408a1fa4fc5472316af9576f4889b6bbff6e6
2026-05-28 01:04:37,054 - INFO - 📝 Document mis à jour : 1c21c995c199bdb7df50a5dab9d1ee077488b4ae89295cc76211196d1d59b724
2026-05-28 01:04:37,054 - INFO - 📝 Document mis à jour : 11c3bfa9f0aded8c58fab6aac25579802557bf7b6703cd75603fd2e7e18ae499
2026-05-28 01:04:37,054 - INFO - 📝 Document mis à jour : a1f0b898d10891fb3c5c0611b2f009c1847b14d1205c59e2d1df075019a16708
2026-05-28 01:04:37,054 - INFO - 📝 Document mis à jour : 5ed1beb59a10aab0a62b1b2674ab279a9a6a56a41d3d0996f81cef0a7ccb77ed
2026-05-28 01:04:37,054 - INFO - 📝 Document mis à jour : 9790cda7a5718d3be52ac28e9340f017f98fcd1bcba2a4d891180e29e3d31025
2026-05-28 01:04:37,054 - INFO - 📝 Document mis à jour : 0cb0fb714a3d52d44795af22d30764c38f663d592deffb77990331b73bf24c13
2026-05-28 01:04:37,054 - INFO - 📝 Document mis à jour : 49ebdc75bccd3ea2bc9b5ab9d236fd98343320b9589892a5263c7f91c4c608d1
2026-05-28 01:04:37,054 - INFO - 📝 Document mis à jour : 3296e647a59cc073a8e788073264854328f6ff3a1d1cff956bce77e29e322b95
2026-05-28 01:04:37,054 - INFO - 📝 Document mis à jour : 73773e7f545e0c62c7fd039c5091823c92f0fe34a564d2dc2dee70970e495d0a
2026-05-28 01:04:37,054 - INFO - 📝 Document mis à jour : 1f664525fbe5ea76001d7fd1018c1ad33c16f2b4f9c5cb871b6c7f30e84cb14c
2026-05-28 01:04:37,054 - INFO - 📝 Document mis à jour : fce1c2b2e6f02d4b561090d31e302d7fc0c4ad93eb1504c0e537c0fa09fe7512
2026-05-28 01:04:37,054 - INFO - 📝 Document mis à jour : 116bf61a4fc3072c1263bad4f42b0a4f57a894cd1f21dab180f4018fdb54c770
2026-05-28 01:04:37,054 - INFO - 📝 Document mis à jour : 967b714ab7cd9bb1a5eeaa45cc6b053c6638bf3eafbe9114e56ae90aa3562c1e
2026-05-28 01:04:37,054 - INFO - 📝 Document mis à jour : 0e85f2dc331f1658c8d9729f880d5179e71cb1f07583bc720c2142680a0924a2
2026-05-28 01:04:37,054 - INFO - 📝 Document mis à jour : ef6944f706b46289ff52d752ff04cafa39ea98cff63beda9a3e2f7b9141981e5
2026-05-28 01:04:37,054 - INFO - 📝 Document mis à jour : efaed0e2e61814e2707fc9749a70d8d09626a0289f08e3541faa720e0d907095
2026-05-28 01:04:37,054 - INFO - 📝 Document mis à jour : bbc603ab6e3ab36592da0f2575c0580f0e6172d4953c43f66892c2772b606288
2026-05-28 01:04:37,054 - INFO - 📝 Document mis à jour : e88e71b1a5a55cc3b93e4393d24ad068ca4c4b6a4902097bcdad741f8b418206
2026-05-28 01:04:37,054 - INFO - 📝 Document mis à jour : 7b1a9a489dc8705d029c7c118a7959cb1492808f2529327c7d837f27caabdd8a
2026-05-28 01:04:37,054 - INFO - 📝 Document mis à jour : 93d63b5e64c1450d6c9253b203044f792ccbd3442041a648c3e6d464fe774138
2026-05-28 01:04:37,054 - INFO - 📝 Document mis à jour : 5f2403a41258c3ffbbb8f6f5442c15c5397b6663a48448361edbc2bb2b5c0638
2026-05-28 01:04:37,054 - INFO - 📝 Document mis à jour : a679bfa1cf6cb5d7cedda5140389ccce54377402364b02d479359d15c49793c2
2026-05-28 01:04:37,054 - INFO - 📝 Document mis à jour : f5b03651a07ec15202bd99c009a6846392edee87a8a2a3e9bd4b5b80635505a6
2026-05-28 01:04:37,054 - INFO - 📝 Document mis à jour : 612fe794d268f34de6d50ddf5f8b524d7bbf64bf37ac8db60d2e7d91729e2704
2026-05-28 01:04:37,054 - INFO - 📝 Document mis à jour : 419d91ad5988c259b95dc838aef2a4708244a9956b98189c0475302a2b487dbc
2026-05-28 01:04:37,054 - INFO - 📝 Document mis à jour : bff127556f8d79ad277487eb469c080847d0ce27e75c68636dcfc81bfa0c5b4a
2026-05-28 01:04:37,054 - INFO - 📝 Document mis à jour : 315f956e1bdfae2739b6815b17f4b886eeee93d1f8621f859ff1578c866b6b2d
2026-05-28 01:04:37,054 - INFO - 📝 Document mis à jour : 3efd1eab878e6b39b6ebbe7cfa17726adcdefae7d4014c51cac113f346c4433d
2026-05-28 01:04:37,054 - INFO - 📝 Document mis à jour : a81c271d7b49254e12c1d8a880879400950b424369c7259b5b4d5438d9e330bc
2026-05-28 01:04:37,054 - INFO - 📝 Document mis à jour : f610861639b25fc99387ecaa9380d7cb10451e8b555ce26a4105d4be27919716
2026-05-28 01:04:37,054 - INFO - 📝 Document mis à jour : 647fd68a9e8fdfc4cb0b51abaa240de6acd25e8848659c760c7b2c7c687e31fa
2026-05-28 01:04:37,054 - INFO - 📝 Document mis à jour : 0a23b9458bf62ebae49f18b2440db5bef1ce5a8de00274f5d34e4ac63b262530
2026-05-28 01:04:37,054 - INFO - 📝 Document mis à jour : c20bc5ca5a31aba312779d20532ed80d3b4284ef64d0e7ba699c68ece1c80fde
2026-05-28 01:04:37,054 - INFO - 📝 Document mis à jour : 250886b12d4a5ecd14f3fb60b636fe835dcd6323bf4c9c4bffc7a22acc26df5e
2026-05-28 01:04:37,054 - INFO - 📝 Document mis à jour : 4321c5f8c7ceb88b369d44d68eb2de20e589379656fdc81b36cc0e3f1e73f189
2026-05-28 01:04:37,054 - INFO - 📝 Document mis à jour : 4a3081eb364e08dd9a48a485bff898fce5fdbd23e367b6626226a4cffd545d4f
2026-05-28 01:04:37,054 - INFO - 📝 Document mis à jour : a001084ca2089438dad86299d894dd45dfbd937c0c6b6ff8c215db414be69cab
2026-05-28 01:04:37,054 - INFO - 📝 Document mis à jour : 4cc8bd3e080a126305fc75e962418e1d3f3cf9c7c44168d18d1269a3524adf0c
2026-05-28 01:04:37,054 - INFO - 📝 Document mis à jour : 184e9dce01e9004b21af1f05d49796972cbae6abb99d1dc4ccdf011d7a6c4e5a
2026-05-28 01:04:37,054 - INFO - 📝 Document mis à jour : 2278d6047fcec9d1c2694174de965e89f46aa7c7ed90eb5dac95e906c4a96143
2026-05-28 01:04:37,055 - INFO - 📝 Document mis à jour : 1b6e9b9ab6cbc76a9ea0c4c5666b370aecd64d8a474dd9bc9c56bd77f51c9ed3
2026-05-28 01:04:37,055 - INFO - 📝 Document mis à jour : 83b276d52d5ec72ce3e5785159913851331674a05ac7d624c9131512e9588852
2026-05-28 01:04:37,055 - INFO - 📝 Document mis à jour : 1e3bb8fc01b8f6ed2b8588513814440cb2f636b842b92601fa22209aac8d3606
2026-05-28 01:04:37,055 - INFO - 📝 Document mis à jour : ce3135666b9ace46b72c23b8decff8d3da7f8d95ac88b8f1a08a1973887aba89
2026-05-28 01:04:37,055 - INFO - 📝 Document mis à jour : a0de43d3a585addce92ae8b7fece04e5d7f18b14e808f1459259ce62ba141c5b
2026-05-28 01:04:37,055 - INFO - 📝 Document mis à jour : 8d8e6009ff05e5ebbbd840eb1269f44b0ee523c5bb60570bed4bc95de3867b79
2026-05-28 01:04:37,055 - INFO - 📝 Document mis à jour : bf36855f5abf334abbb41b5b5fa3e80a7300f455b14b61f4c36a9b74c68cbf23
2026-05-28 01:04:37,055 - INFO - 📝 Document mis à jour : 26b61af0f522d618947bd88d13031f11acaf384e57f9575d27c8443d87321417
2026-05-28 01:04:37,055 - INFO - 📝 Document mis à jour : 5f95c8680a6276597011792f4cf28ea07490148f98f810635fb616f0193ffa12
2026-05-28 01:04:37,055 - INFO - 📝 Document mis à jour : e6d451566939f3ae6c7b3f3a7fbffd3a5c1a2d3a9c3bd22c066f97e2e40c4339
2026-05-28 01:04:37,055 - INFO - 📝 Document mis à jour : 992afc5c1505b9ae0821f7023333d04d0587d72e35935e0de52899d774b86c4f
2026-05-28 01:04:37,055 - INFO - 📝 Document mis à jour : 13cd8e82d5af6ceb38a66251fffcf56fc7770c5318956092f07110a1eb337ff0
2026-05-28 01:04:37,055 - INFO - 📝 Document mis à jour : 3ec95e494bf3b0506bf9ffabd95ac501ab2633f9032e4b209801902c2173c348
2026-05-28 01:04:37,055 - INFO - 📝 Document mis à jour : e5d0580a141c3b176b957622be34ab2743f80fe1df62764e9b5bf2cae2d5423e
2026-05-28 01:04:37,055 - INFO - 📝 Document mis à jour : eed066d050f14b8789822d7ff76e4bd67ec0efa13c72f13607f3504caaceb1f9
2026-05-28 01:04:37,055 - INFO - 📝 Document mis à jour : 00734ae78d9dba147356e74025a75f2a1114a715743318459d09d6f3aa3002d3
2026-05-28 01:04:37,055 - INFO - 📝 Document mis à jour : d86704bf87c3df6769a9b9d182bd52d0aa6610136a813b861ba87129409cb8a9
2026-05-28 01:04:37,055 - INFO - 📝 Document mis à jour : 90ce53a070b4cb16b0cdc26026de8e0aa1fd3624ab9f1d7877c588257bb3afd3
2026-05-28 01:04:37,055 - INFO - 📝 Document mis à jour : 79c871bc33414a9f5071af06ebf28453863da1a18cf8800835e587725ed3f28e
2026-05-28 01:04:37,055 - INFO - 📝 Document mis à jour : 738ca559e9cf9118acacb2e96f54710242bd6aeffad199699927ad6cdeea076c
2026-05-28 01:04:37,055 - INFO - 📝 Document mis à jour : 59666bfc5562c3b20e006f71dc19846ff05a6bfe90c55208a2483fe50a79d3af
2026-05-28 01:04:37,055 - INFO - 📝 Document mis à jour : d7fc877c2d294dd02a6f9e9beb148483ca6acf1aec721a5ba2eb78a6ecb45402
2026-05-28 01:04:37,055 - INFO - 📝 Document mis à jour : 52a2bad0fb11aef104a2fd6d174540cd87e455f4cd9d3d3a7b7ea15811f8ae28
2026-05-28 01:04:37,055 - INFO - 📝 Document mis à jour : 1897f829d3b0ec0900e2bedd338c130c95417a0d1705babb1dabfcbea79d836a
2026-05-28 01:04:37,055 - INFO - 📝 Document mis à jour : fbbe6943c18dcd1f603494d2b376cd470ab1a4f835726f69dd47b63f32400558
2026-05-28 01:04:37,055 - INFO - 📝 Document mis à jour : 9c9525f465f52149cc7d145081214e53b87cca2ee989a96ddb991f56baa67a1c
2026-05-28 01:04:37,055 - INFO - 📝 Document mis à jour : 9cc01b2f06969bacee5744293939550b7d916335f6257896db8d1a964404b8f1
2026-05-28 01:04:37,055 - INFO - 📝 Document mis à jour : 660be2f113b95d7b735254d1b0ac0c0fdbedd8c2c8b1370ea6a70db9d67c5849
2026-05-28 01:04:37,055 - INFO - 📝 Document mis à jour : 75ee4824b13845c4324db3d2be991d8c0f496a06192c543c9669345940a709b1
2026-05-28 01:04:37,055 - INFO - 📝 Document mis à jour : 0932c704b767a3cbdd3dc1266567ac05e8d3996f5f6b962c2ca0ad72a967e162
2026-05-28 01:04:37,055 - INFO - 📝 Document mis à jour : 13b410ad6ac57f9529f9b2f6cfc029dbcacdae9bb303320e5b87dec6e71fe91a
2026-05-28 01:04:37,055 - INFO - 📝 Document mis à jour : 501543b17828ab59e645d11f0f904e99f017ea1d6232eaaf8d47fbf5f23e0a26
2026-05-28 01:04:37,055 - INFO - 📝 Document mis à jour : 744009552fb2562d16132b7f9c3a4cc2aeb3591e589e07071bd65a43abc296c2
2026-05-28 01:04:37,055 - INFO - 📝 Document mis à jour : 254845539cf05890514d2ccb8a33af326d3688c6ca57db80998ff5d3f69f232a
2026-05-28 01:04:37,055 - INFO - 📝 Document mis à jour : 1a6f95e539d4ab93da3216e6515dec4cf5e26edefdf9af5551a7779935398ce3
2026-05-28 01:04:37,055 - INFO - 📝 Document mis à jour : 428fb75a79731833fb4ec99513f87acf9f13ef6d8af8d22a2a8476be7b2e573c
2026-05-28 01:04:37,055 - INFO - 📝 Document mis à jour : 4bb327718788c89929cfe9684657e5b0bde00779f7d58f95a3bc71684708ee90
2026-05-28 01:04:37,055 - INFO - 📝 Document mis à jour : 561b66f98fa09294ccd35148291863d74fc882176ebc184afecdba717203330a
2026-05-28 01:04:37,055 - INFO - 📝 Document mis à jour : 5919de8bb750202244ea6e5c583195270ed8414c642988df0eea66afb2b4ee10
2026-05-28 01:04:37,055 - INFO - 📝 Document mis à jour : a8b2f5beaecd078c71a7bed99126da9a3871eedca11ce586feeb4a26749d67ea
2026-05-28 01:04:37,055 - INFO - 📝 Document mis à jour : 184d8c06d99e6de41df0912f65a9adef16bdb0628fc6c7ab29c3d4d2038cd7e5
2026-05-28 01:04:37,055 - INFO - 📝 Document mis à jour : ef7805333da9a0c2acc2d14bc93d10b2cda6c3e067fea9789fa86de39529efc2
2026-05-28 01:04:37,055 - INFO - 📝 Document mis à jour : 220df23a6e0b704200ebc31db5c511b512daedc5099a9cff9ecc97d953ca3f40
2026-05-28 01:04:37,055 - INFO - 📝 Document mis à jour : 1a7672f564d368fc059751c4c7a794f062878141be69e317d3dde8bb219e7218
2026-05-28 01:04:37,055 - INFO - 📝 Document mis à jour : ff07ea145f65163a32080fdd148824a0c49bb53979421493027d2baaf99a1338
2026-05-28 01:04:37,055 - INFO - 📝 Document mis à jour : 310450d8f97cf7fe4e6e5c50ec988fe746b82b991e018ead3200cca2d0c4ba81
2026-05-28 01:04:37,055 - INFO - 📝 Document mis à jour : 69c1e1627a6dcfb7793843a8a1c5b773172437a3d34d344df79f8dfe0e4f1f45
2026-05-28 01:04:37,055 - INFO - 📝 Document mis à jour : c0103d19a0202d2647e8b2a6c020cc296126d89d21bd6ffded8a1f7d3920cfaf
2026-05-28 01:04:37,056 - INFO - 📝 Document mis à jour : f60e0a1e46d49e5a9ed9a05fdfeff6a2bf0a4aca7b8a48f5cbe00502aacf78fb
2026-05-28 01:04:37,056 - INFO - 📝 Document mis à jour : afbbed8381688148d35a1687fc84899ba21f0dd642991a652a9a37393fdd268e
2026-05-28 01:04:37,056 - INFO - 📝 Document mis à jour : dbdffdfc19e56be18e8d6bb4817bf46c244e87ea1513c489a392dd96c9c52f67
2026-05-28 01:04:37,056 - INFO - 📝 Document mis à jour : d37268222f56f39c53cb4a964431b4702791dab41631f6898d5c5487d205015f
2026-05-28 01:04:37,056 - INFO - 📝 Document mis à jour : 80b4a79222e97329c98e77d64ef9b1e9d8330327c2cdbec37a71311464549961
2026-05-28 01:04:37,056 - INFO - 📝 Document mis à jour : 09c8604399c73f39ac85af2aa104c238eee5ba6f9ba7d4a5282791e5ecb80f82
2026-05-28 01:04:37,056 - INFO - 📝 Document mis à jour : 538300920e66e9a733c3b3a231a04aa76f5a5ec9abba75cafbfba3b49098f122
2026-05-28 01:04:37,056 - INFO - 📝 Document mis à jour : aa4db1f405b425e0ccb47ce73a96507e04cd83baca24e6a68686e5daf33db3cb
2026-05-28 01:04:37,056 - INFO - 📝 Document mis à jour : a1101024a937e546c6de7890efb9ce14f0fd655538dfb1eed2fa5b06cdd215bf
2026-05-28 01:04:37,056 - INFO - 📝 Document mis à jour : eb61d47cfc5df28576976c1c6405d786249475d218512a91bb862dd1301b44c0
2026-05-28 01:04:37,056 - INFO - 📝 Document mis à jour : 55853df6c62068a39bdd7511da998e7924f51e0c4e891ff3f20e512d88de253c
2026-05-28 01:04:37,056 - INFO - 📝 Document mis à jour : d3de3a99f3cd00dbe604da65601e7ecf3cb6bb89d7863c10e78691e85151ab20
2026-05-28 01:04:37,056 - INFO - 📝 Document mis à jour : 7b032539826531fd714cdf6c59206067c0a4ac71052fb4665ad2f515f17dd1bc
2026-05-28 01:04:37,056 - INFO - 📝 Document mis à jour : 1db4493eaef9cea7a61a60e0360b897d538eda9d0f8a39470d4b64eba254c349
2026-05-28 01:04:37,056 - INFO - 📝 Document mis à jour : 1cb91217c53d68fe2fbc3befccfa4bbd8f514996737fa47c4f61a1efc9a003da
2026-05-28 01:04:37,056 - INFO - 📝 Document mis à jour : 095b1d5018329c5d24e137ff124181b0166194f508066fef33ee8632b70c1f1f
2026-05-28 01:04:37,056 - INFO - 📝 Document mis à jour : 71ec00c35dff54dde0b3322a5e985c9b798da3ff56c1f4d6a6b32cf6c7059ec8
2026-05-28 01:04:37,056 - INFO - 📝 Document mis à jour : 022a6a4f4c27c181867f8866061aae6ddad61a18af5bbbff0f88049928f30552
2026-05-28 01:04:37,056 - INFO - 📝 Document mis à jour : 6d5b8c3ad22e2319f48b9485557d801f8749bbc4f91aae2473a4239daeec1dc6
2026-05-28 01:04:37,056 - INFO - 📝 Document mis à jour : 61edebba0a91c509e5992b6d287fac5725f0297598a7efd7594d4e2c0b1339dd
2026-05-28 01:04:37,056 - INFO - 📝 Document mis à jour : 723f9e6ef3f5e5a2f1f5bce14e2b79e0ac4db52ca85a008b20dba16475c8a7a6
2026-05-28 01:04:37,056 - INFO - 📝 Document mis à jour : cc36c33fbd9692c2ff49f619c2017930480576153fea387441dd631202b63009
2026-05-28 01:04:37,056 - INFO - 📝 Document mis à jour : 08052149721a9169af66941601f66ceccaa37e4d39bd1f1741f6f5850d10562d
2026-05-28 01:04:37,056 - INFO - 📝 Document mis à jour : 0ec331b6e431f779ccadfe9eb444de0c4c52ad326e693e355ad7d78d165232e3
2026-05-28 01:04:37,056 - INFO - 📝 Document mis à jour : 18fcdd5066487339440ceeb11f55bc08b0882ea27ef1d347f369f05f6c6cfd12
2026-05-28 01:04:37,056 - INFO - 📝 Document mis à jour : 9284c659d8ea4b7c08aa0c27184c095bb52538e889658609d959459a09f8d860
2026-05-28 01:04:37,056 - INFO - 📝 Document mis à jour : ca5a2601944df6fee09c38c3e4ddbbd71a5a6de4856a3a0bdfbd08c13384f78e
2026-05-28 01:04:37,056 - INFO - 📝 Document mis à jour : 073f2210154185e7a7cae55b63261fc99ffbf0204402c5a955452f08150313e9
2026-05-28 01:04:37,056 - INFO - 📝 Document mis à jour : 87ae2d6817050448f4fec6a795677bc0806782a04b4999f5911f4c57dd8f6e48
2026-05-28 01:04:37,056 - INFO - 📝 Document mis à jour : 4de30aceaeecb98b3d2eb62ab7d89e5d357b831b780cd404df24b70ad44c707c
2026-05-28 01:04:37,056 - INFO - 📝 Document mis à jour : 09edf54429b8e159abd374d8411f86c3d897e316d1bf2c6be3fb6cdf991864ee
2026-05-28 01:04:37,056 - INFO - 📝 Document mis à jour : 26ecbdc9a8b1a1f0a3fec6fce04883ed9791b576428dac2ca403130a49e8d1e3
2026-05-28 01:04:37,056 - INFO - 📝 Document mis à jour : 67823482d9ae887d762014344093cdc4897aa7cb643375594df557593ebbeeb6
2026-05-28 01:04:37,056 - INFO - 📝 Document mis à jour : 753468ac39ceabc9ea1f45dbba130ac05ab4d274f7d5776e6ce6333d7be65a8f
2026-05-28 01:04:37,056 - INFO - 📝 Document mis à jour : 58815f1592414954ed8ec66ef30f19bffc9741ba6a1f0aaf4dc0337a5e795ca5
2026-05-28 01:04:37,056 - INFO - 📝 Document mis à jour : 3dab003a3d50b1746079416e0f6a2d708e377984bde1c7c04e80b05aad330316
2026-05-28 01:04:37,056 - INFO - 📝 Document mis à jour : 7ad752011cdd211c9ab5df85afad8312f7f7b17745892c1475b0776be6ea3491
2026-05-28 01:04:37,056 - INFO - 📝 Document mis à jour : c9006502489b60fe94f8a9d14f0dafd6edb0ef0da0690d79d6411c49a8e8e863
2026-05-28 01:04:37,056 - INFO - 📝 Document mis à jour : d10f38879bd1ae7c43170f42a87efcb4c19f58b0187d373ff5cfce48afd9f846
2026-05-28 01:04:37,056 - INFO - 📝 Document mis à jour : 42cdd179f82626eeaf90a2123f11467e80270ce42aefb603f69b3077ce4a1511
2026-05-28 01:04:37,056 - INFO - 📝 Document mis à jour : 5f1c2e91985db1e9a7832269343aa65c406cea99430fcbbfbd78ae4aafd171fb
2026-05-28 01:04:37,056 - INFO - 📝 Document mis à jour : ddab1cbcfc873a37a987c235607ca4650b6902f41d417c1d13d6716983f6e9e5
2026-05-28 01:04:37,056 - INFO - 📝 Document mis à jour : 7574863943ecd049b829369952ab82c3ff67ac58ea1b2b1df32ff65e4bd20525
2026-05-28 01:04:37,056 - INFO - 📝 Document mis à jour : 1bcb68d3f8d1b76fe588c592c92e98b070595188c5770626e49c87be6d1b49dd
2026-05-28 01:04:37,056 - INFO - 📝 Document mis à jour : 5f585ae606f6f04ed71be62a6762f3fa15791b7fd7f06e37a662beec3fbe6983
2026-05-28 01:04:37,056 - INFO - 📝 Document mis à jour : a7a108752bca692709a31255810a2034840ef1bf5c8dd5d67e186935344c6da5
2026-05-28 01:04:37,056 - INFO - 📝 Document mis à jour : 6f97080560061efbc465b9352c5e87633352e7fa94d61bc1a4dc153543e589f8
2026-05-28 01:04:37,057 - INFO - 📝 Document mis à jour : ca977cc281024b55ab5c4a3c35dca338c3d82f6f13b293548e0c334d3266d7c1
2026-05-28 01:04:37,057 - INFO - 📝 Document mis à jour : f3e4dd1efe2f7253d1c51bd931a92fa815f9138fda3629c15fcf1082ca945de7
2026-05-28 01:04:37,057 - INFO - 📝 Document mis à jour : 9fb0aad6607b2c713b38b11686cb3b77b60cb6119ba68a7c332216d479d6958d
2026-05-28 01:04:37,057 - INFO - 📝 Document mis à jour : 463e53d35cd1710285a293af85ce281222f2beacb1ff02a1db21669ab23fd41d
2026-05-28 01:04:37,057 - INFO - 📝 Document mis à jour : 8469c92861764ad57457e689f86909f0bdf162bca7b8201e3986d9886de3665f
2026-05-28 01:04:37,057 - INFO - 📝 Document mis à jour : 8002c92f512455063748a21960c25cd01ed7a86f2c00015433d501a1b0bd54c9
2026-05-28 01:04:37,057 - INFO - 📝 Document mis à jour : 88ccdce734e4d4dd4a8a532b45c9917d715620513ca547e6c25591806bb343f8
2026-05-28 01:04:37,057 - INFO - 📝 Document mis à jour : c489b47c5d6a02ef5a9fef9da8bf0a415b5ad085e86837fce1cb1f6cfc18b1f9
2026-05-28 01:04:37,057 - INFO - 📝 Document mis à jour : b1e22167badfbf308c66bee7ca9039ff8a32d24fe9a12bd30a35bdb79d26b943
2026-05-28 01:04:37,057 - INFO - 📝 Document mis à jour : c5418b9c0fca6d89637826a02d76bf4529479a852495a44a19550cf4c6731e4e
2026-05-28 01:04:37,057 - INFO - 📝 Document mis à jour : 07148c3349a2f0b214b487548dcb4de476d8b7a7fcb3888b0184a3222041b84a
2026-05-28 01:04:37,057 - INFO - 📝 Document mis à jour : 83661080c42d33beefdee498b842808946a476ba06ab0288db1966a1999bf55a
2026-05-28 01:04:37,057 - INFO - 📝 Document mis à jour : 9e2a46ce08e8f697036b84b28128e0af44b61173ee6678273b7a9a5a2f6c3ece
2026-05-28 01:04:37,057 - INFO - 📝 Document mis à jour : c1b9d227bc35d1a7ba7347075d75ce4ed7581e3443dac33e9021368251f089dd
2026-05-28 01:04:37,057 - INFO - 📝 Document mis à jour : d31bd52225b64f4ea3f0ce0ad3265b6d86687e9e688dbae0fe655c69605a2671
2026-05-28 01:04:37,057 - INFO - 📝 Document mis à jour : bc6b6a3e37e67416fbbecefc6cc9bf620c22dec7f75001437aedfa6b86455ca8
2026-05-28 01:04:37,057 - INFO - 📝 Document mis à jour : e6afd9188d4c057a5782d0048fa837d8ab39988cdc9fe95739222d2abcb61096
2026-05-28 01:04:37,057 - INFO - 📝 Document mis à jour : 5a04cd43e916673b5753c91244f0fb4f7970a2975b525f268b6d43fb5644abbf
2026-05-28 01:04:37,057 - INFO - 📝 Document mis à jour : 4f4c85936bcfc9287066faccfcae3026f1d42f288d7abc45f0d7ae47dae5d2fd
2026-05-28 01:04:37,057 - INFO - 📝 Document mis à jour : 12b5a0a671e61211bb49f7db9d74ace67ce4a6a7127838b6b8e56c37471465fd
2026-05-28 01:04:37,057 - INFO - 📝 Document mis à jour : 2344d90823e510da4d91e04350876a349d38573b098f265cda1993e9a78938b5
2026-05-28 01:04:37,057 - INFO - 📝 Document mis à jour : 1ba15e9ace24d1ccf06cb64a1fb62e4367741f8183482b24738c4c58d8f5a261
2026-05-28 01:04:37,057 - INFO - 📝 Document mis à jour : c5e7c6d886b89a40c42246f6bd6073818eb408efc7890dd72903e54b3a10ae79
2026-05-28 01:04:37,057 - INFO - 📝 Document mis à jour : a22ca3cc3c60bea652958ff568813f02998c754a3c75c9274ea999fbb469bf1d
2026-05-28 01:04:37,057 - INFO - 📝 Document mis à jour : 4b3491e3d36801ada6746e2a743532a7cdc0a0ff29a122e4b5600fca822bfa0c
2026-05-28 01:04:37,057 - INFO - 📝 Document mis à jour : f27d8dbd8625ee4a7ec534b4b2cbd0fbfc31e77be9d94428c274a0afdc7a0738
2026-05-28 01:04:37,057 - INFO - 📝 Document mis à jour : 090a2be92551c2c8df5b007ecc3879dca4e5bd27c300a99de81b37dc146b9203
2026-05-28 01:04:37,057 - INFO - 📝 Document mis à jour : 8ebc7f5eca99579cb25d173cb63222437fae218933a16c37a86f16b006eaf999
2026-05-28 01:04:37,057 - INFO - 📝 Document mis à jour : 7b4e3138956a08f7cd44c3e8a7913e0ff4f3c7ef68de1068f07be92b3f81049a
2026-05-28 01:04:37,057 - INFO - 📝 Document mis à jour : eb77219b6a512198d4e5d182a563185a87f7ad31cce3cfef0119b857c7917c5b
2026-05-28 01:04:37,057 - INFO - 📝 Document mis à jour : 689c5e4f2c3e5d479b0ca736a1673d4b01f0dab19348764c10108ebbb7d761a7
2026-05-28 01:04:37,057 - INFO - 📝 Document mis à jour : 1e85ca3482e91b4d476ad328764da3677631cd8b24f3a7dc2cc73380b13cbdb7
2026-05-28 01:04:37,057 - INFO - 📝 Document mis à jour : c9bb7b354b0b6a21b54da5b21b0036de1f65b6be740e9b21f5980112531fe4a0
2026-05-28 01:04:37,057 - INFO - 📝 Document mis à jour : 2df49dfe649257af9f81c888d4a758ea2e9e9b3bcaaf646e9e124e186428183f
2026-05-28 01:04:37,057 - INFO - 📝 Document mis à jour : de3375efc7f72017415c7fb6085486941adaaa9e927847447affc8fd36755aed
2026-05-28 01:04:37,057 - INFO - 📝 Document mis à jour : d3bea58b4cc82b0e544cc96dc94ce308aab58e62844ad8e36fa4099aae1372ad
2026-05-28 01:04:37,057 - INFO - 📝 Document mis à jour : fcc1f86fa758935bfcaf78e6babc8dbaa5084b3e0ecc463c3cef3c052b168eeb
2026-05-28 01:04:37,057 - INFO - 📝 Document mis à jour : 70d3d5730e2a8c5bad07557521c0b54327b7dc084e0da9530f844ed26294aa88
2026-05-28 01:04:37,057 - INFO - 📝 Document mis à jour : 07638e6c79858554695e5f28c8f4f01479fbc7f32935e98abe12f550c867de53
2026-05-28 01:04:37,057 - INFO - 📝 Document mis à jour : b6d55d5ade2b1fe1dced12f175866f9a75b926f4f389e2af1fae9966e800518c
2026-05-28 01:04:37,057 - INFO - 📝 Document mis à jour : b19784dc66c4d5d2f571ac1a7afcc945e3bb046d00d750d8c7f327b0a95e873e
2026-05-28 01:04:37,057 - INFO - 📝 Document mis à jour : c92f48dad92e5632d1c20c335226edcec52faf1fc7df48d6d881fac1e6b4dfe4
2026-05-28 01:04:37,058 - INFO - 📝 Document mis à jour : 934320406ae89aa6b787d7c7ff046dbfe77c49741850a9fc797641a519980dfb
2026-05-28 01:04:37,058 - INFO - 📝 Document mis à jour : 633fe8d45fe01371784f71392f2e06dcf9302a423265816d6934ea93ccefa693
2026-05-28 01:04:37,058 - INFO - 📝 Document mis à jour : 25f18f854e235e8949478e54290eb08e23d6690dd23e7a3809574a3f4c5b7e5f
2026-05-28 01:04:37,058 - INFO - 📝 Document mis à jour : 3125873ed4f169973ce431578f063054975ad15d4ced688857473c423f9f0a84
2026-05-28 01:04:37,058 - INFO - 📝 Document mis à jour : ae3e1ed3a69e796bc507cac69256203af9a5877e48ab4bd32bcebca79a2aa49e
2026-05-28 01:04:37,058 - INFO - 📝 Document mis à jour : 89c0465eef94b3e55ed56ecc4b6ca285706e0885ac17cf8bc68b79d6369cfafa
2026-05-28 01:04:37,058 - INFO - 📝 Document mis à jour : 48ff2ac186f4eab5a648fe12eae6cb9acb9d0c48c0d274f468d44e6bf1a773e4
2026-05-28 01:04:37,058 - INFO - 📝 Document mis à jour : feeb33aa90d24bfd9bbe06c8f867d58d2d59c905a0dba32e22e8cd737ace92a1
2026-05-28 01:04:37,058 - INFO - 📝 Document mis à jour : c646bc03559513338e985c011cc33e64f4465d36e675e8b797d6a98e6f8f4ba1
2026-05-28 01:04:37,058 - INFO - 📝 Document mis à jour : e20291d39e4f3834517d0397b6c87632d41931706d1e6e3b485f1813cd922187
2026-05-28 01:04:37,058 - INFO - 📝 Document mis à jour : fd1c37cf0075397530e3be030fc45b7da2c2e4858873d842725011def05ad798
2026-05-28 01:04:37,058 - INFO - 📝 Document mis à jour : 1acd1118e34a6b685a6873d9ee363640e93306402ae733047de6483d4b08eac0
2026-05-28 01:04:37,058 - INFO - 📝 Document mis à jour : a64327c7964d8834609866e3918f60e2ce907be1245b8edcf9b3209b3bddc6f9
2026-05-28 01:04:37,058 - INFO - 📝 Document mis à jour : 7803a11e77e7bc25f7827e82c8b1a8162cc049be9b73992c9523f7c88bd3e075
2026-05-28 01:04:37,058 - INFO - 📝 Document mis à jour : 0d5e15714e5e3b57757b51ebef2b6a3b97a354a993174d1d8170ecc949af0333
2026-05-28 01:04:37,058 - INFO - 📝 Document mis à jour : 5c7f466835d1a699ba8219636aa84dd8cdf6bde1ed997810961fe12e6a497057
2026-05-28 01:04:37,058 - INFO - 📝 Document mis à jour : 6dbd3ec2e520fbd06c20fc4bd7473412f33a4becb5f64ac85216accdce79b8e1
2026-05-28 01:04:37,058 - INFO - 📝 Document mis à jour : 4b74db2eef603747545558b47f169c221fd5747451e7a93d7d5fca56cf89ae8d
2026-05-28 01:04:37,058 - INFO - 📝 Document mis à jour : 63ab818b0dba6b2201498a0e366a78f10c009ce22587397225993539ed0dcec4
2026-05-28 01:04:37,058 - INFO - 📝 Document mis à jour : f44569b72155dab469f4a123ba81f4150fa3a321f2c7c7fd3cb449710c6b6440
2026-05-28 01:04:37,058 - INFO - 📝 Document mis à jour : 8736e5fa09548d61c5106cd04bc5e35ba4989f55d1935fc029248b0d5d522b20
2026-05-28 01:04:37,058 - INFO - 📝 Document mis à jour : f9095361f87fca00491e2fafe6235dbca2372c50c1ffd80cfab0cab3abc839b0
2026-05-28 01:04:37,058 - INFO - 📝 Document mis à jour : 29a288d2af5c1b0f915fb1a61937d547e497b181dfdcf9be1945f6f03e384b82
2026-05-28 01:04:37,058 - INFO - 📝 Document mis à jour : bd4431b83be32c404bec208178ec79fb720464b4bf60fc0beaaa6c2dc6b71152
2026-05-28 01:04:37,058 - INFO - 📝 Document mis à jour : 7170b97397fa0587a3b2a59f8714cce7dd5b5bba90fd11b57c40a52b6d0d480d
2026-05-28 01:04:37,058 - INFO - 📝 Document mis à jour : 929d01fc10577eccc4e8058e8572927eff71133a641d15066e7bf0529a5eea47
2026-05-28 01:04:37,058 - INFO - 📝 Document mis à jour : 9bc923674f7b6974ea3f161367105b5bdbc400ee3901bfb8e7e71be4c2d67aac
2026-05-28 01:04:37,058 - INFO - 📝 Document mis à jour : 7aeb30352912a245af86dcb698ba0b1f98d0709bc1c78e07d57cab281463c5f2
2026-05-28 01:04:37,058 - INFO - 📝 Document mis à jour : c690e1a9d8a5ff3ddc1d43eabb20da81fb9acd5b5e1e70cbf25c7a4d579e66d4
2026-05-28 01:04:37,058 - INFO - 📝 Document mis à jour : 5270963f206aae9a62410ae5c2c4f255bc924285f748190460cd0bdf008f2c11
2026-05-28 01:04:37,058 - INFO - 📝 Document mis à jour : 7b2492e5a03091c8a63d6e232948b8604a96667e24746f783f1c1b9a9d2c4600
2026-05-28 01:04:37,058 - INFO - 📝 Document mis à jour : 44c98b08d199e50df9c8e136463aca2f2e2645260a271917456b2c4b25797034
2026-05-28 01:04:37,058 - INFO - 📝 Document mis à jour : 37d6341348091d722b7c5cf844018a2be996d6b05671dfb9989914d596c3e503
2026-05-28 01:04:37,058 - INFO - 📝 Document mis à jour : 1bd0d12ab5e680fa7129aac645c4b1716ad6dbbe963719fa4953285f124f01ba
2026-05-28 01:04:37,058 - INFO - 📝 Document mis à jour : def5fd9fb1a234005be19e4fc82886fdf667351b1d50d3901d1447204ea61e41
2026-05-28 01:04:37,058 - INFO - 📝 Document mis à jour : 795c4636431eab4c8dc5bef4892d278aa5c53319b3a4a4012b8d767f1ad417fa
2026-05-28 01:04:37,058 - INFO - 📝 Document mis à jour : fbb27916099f10570e2fb6700ea5ba067a6f365371a498a18612c72464052acf
2026-05-28 01:04:37,058 - INFO - 📝 Document mis à jour : 48738fd4cd7de33be2b0e7757f1f484b143c23a4b5c6ce52a6030ef95a9625f8
2026-05-28 01:04:37,058 - INFO - 📝 Document mis à jour : b63060a0ad4ff474fb0e35f3ecd1ffd9f94025169d157d12d08caccc3e4cb08a
2026-05-28 01:04:37,058 - INFO - 📝 Document mis à jour : b9cf9982b78ca30cbb2cc34d14fcd832d39f41457ae8935ff5e0c8beda1cc7f7
2026-05-28 01:04:37,058 - INFO - 📝 Document mis à jour : 3f28a043011c951371c8582fb82443215701885beef11df5baab16018bb1b1ff
2026-05-28 01:04:37,058 - INFO - 📝 Document mis à jour : d2c6e6455e46a443fa116d06f219095d3d7e747cc692882f816f510bb9440f40
2026-05-28 01:04:37,058 - INFO - 📝 Document mis à jour : 056cc92dda790871d28024ee635f92a2cbd1322726dd2e0324d019e098ebcdbf
2026-05-28 01:04:37,058 - INFO - 📝 Document mis à jour : ccdfd9e33454bfc80c6c3e6e5f256a59a4a930562c26f4eeac0de43249267a10
2026-05-28 01:04:37,058 - INFO - 📝 Document mis à jour : 360191857c341e232948c7c5821dcaabe50550345814b65c893449bfa9b7165d
2026-05-28 01:04:37,058 - INFO - 📝 Document mis à jour : ba94863090a57ed9fd93c2c02a327676cc5adc4227dfbd8a505e468ff6421f0e
2026-05-28 01:04:37,058 - INFO - 📝 Document mis à jour : 23891428577b7de9899ff7471ff7f42155a298445e06eeca03ad56d186d6ca06
2026-05-28 01:04:37,058 - INFO - 📝 Document mis à jour : 37d778c63a8eca11c83956cfd44d5dd0e172fd148c5bb4febacac813ae218064
2026-05-28 01:04:37,058 - INFO - 📝 Document mis à jour : 9b457713de3a582e2441876c4e9e4f66015cdd34730d301c51090b57f87f6aa0
2026-05-28 01:04:37,058 - INFO - 📝 Document mis à jour : 7c6d8d84929ed932c6fba4b518bbf1e12f0421a26498016da512ed963dfacb5e
2026-05-28 01:04:37,059 - INFO - 📝 Document mis à jour : 14fd5aa216d275ac4077da5d9c26bda0a47dd757b21273fca0660911d964d280
2026-05-28 01:04:37,059 - INFO - 📝 Document mis à jour : 68f9c2269ef04dce3566a1a301ed7fa530d52361e22296c65883312b593b1bb5
2026-05-28 01:04:37,059 - INFO - 📝 Document mis à jour : 1740ecad4a021ca6a255b9665fbc47e5f82e2fd9210d744229e9d57747a8b9f1
2026-05-28 01:04:37,059 - INFO - 📝 Document mis à jour : a2626304d2e58b947fa7af36abce8d2533927d89c17b609be3319edde225d353
2026-05-28 01:04:37,059 - INFO - 📝 Document mis à jour : afd58f0408aeda159f4cb986d971f380827cf9f8784ad83aefe5691e851610d8
2026-05-28 01:04:37,059 - INFO - 📝 Document mis à jour : c6fe7adfd112945785591b6b0c86eb0298bb2609bf3bb52cd995385ed7d71091
2026-05-28 01:04:37,059 - INFO - 📝 Document mis à jour : 24673e4151a70f80e00854220a1b61346a55c70d34953c007ecb2168ccdee0d1
2026-05-28 01:04:37,059 - INFO - 📝 Document mis à jour : d3486f1ba18f16268364fb92d208017d08722ed075df43c4f406fd0d066fd48f
2026-05-28 01:04:37,059 - INFO - 📝 Document mis à jour : 822cf3910456f1a7afe8552982453cb4fbf92e249e16e70aebb2b57549f97369
2026-05-28 01:04:37,059 - INFO - 📝 Document mis à jour : 351b3a8e39608e1229456ae5197773a18ab89f557ea1d9ac7a65bb998a88c13f
2026-05-28 01:04:37,059 - INFO - 📝 Document mis à jour : 4b73c9084ce474c39c07490e3030f3a1f92899abce067666c5e97c2111c2e042
2026-05-28 01:04:37,059 - INFO - 📝 Document mis à jour : 75c2791771c75d5c390c0f4384bc8bac0a01c60018a95ab8f68056435d484e23
2026-05-28 01:04:37,059 - INFO - 📝 Document mis à jour : f26445fb6c5505990fac100d039106241c807e9ff3ca5ea3be3c57dbe287205c
2026-05-28 01:04:37,059 - INFO - 📝 Document mis à jour : 826f2c2c5d7b03d1a7ff78c1e0490f78cd403904f9ffa79b83bc49d5847aed12
2026-05-28 01:04:37,059 - INFO - 📝 Document mis à jour : 23fc01868dcd8aeb41374ca2eab1ae6248c2d0719647aaca94c0793732bb94b6
2026-05-28 01:04:37,059 - INFO - 📝 Document mis à jour : 8482ff40738acd042d79d13cec12eeea9b09e2aa844480518d6f05580a30747b
2026-05-28 01:04:37,059 - INFO - 📝 Document mis à jour : 835f3ab019980872bb30e4e7776cc2a210d1f2dd9f740191c3065464631174e0
2026-05-28 01:04:37,059 - INFO - 📝 Document mis à jour : 659b8da51bdba4a6342d23f3a64c4c3a852a55417bdbc766685a64f167edcdea
2026-05-28 01:04:37,059 - INFO - 📝 Document mis à jour : 442a7c4bb8e7803c219c6b4dc3c51ec37c32703410843fe00f9bad43f683540c
2026-05-28 01:04:37,059 - INFO - 📝 Document mis à jour : 7b4d7bf1865b853745d6bdf21afc0215ca0be9bd9ed4c7cbe80b9724707c50d7
2026-05-28 01:04:37,059 - INFO - 📝 Document mis à jour : a61ec0716da808a25b036fc101f91cafa96b5398375b8105845c00119a3b4d17
2026-05-28 01:04:37,059 - INFO - 📝 Document mis à jour : 4bff97d8230d8d07b53a53d8515f8ee5c415476c5e5c5890170dccbd49215513
2026-05-28 01:04:37,059 - INFO - 📝 Document mis à jour : c39ea0a4f6231a06d6c8533c28b1ea96cfe5216b8c6364c28ba86ab3ec809aa3
2026-05-28 01:04:37,059 - INFO - 📝 Document mis à jour : 9a0a2ded87eff25944a86811f78bb3b9419618b2bdc041aad4a5e5bcddef9d39
2026-05-28 01:04:37,059 - INFO - 📝 Document mis à jour : b550a3110c726126148bfadd86a02ca3b46dcdf90d5b1cace0ce8bfd6666c51b
2026-05-28 01:04:37,059 - INFO - 📝 Document mis à jour : 0b5997e8264eea36c5646a3aa610724e917804eb3de0b99c798dcbdd3c024c11
2026-05-28 01:04:37,059 - INFO - 📝 Document mis à jour : 37e3611cc5bb67e332729f8e161e52c8682cdeb6d18e6baa8c7444539eee3db0
2026-05-28 01:04:37,059 - INFO - 📝 Document mis à jour : 13faac733b855d67afbf1d77d1f1d9416d214e7368f1f10cf20f8b7b3d8ce9ab
2026-05-28 01:04:37,059 - INFO - 📝 Document mis à jour : 77ddc860c897124d8ad07795e5d60122fe483c1b7856b3564a247979367e98ff
2026-05-28 01:04:37,059 - INFO - 📝 Document mis à jour : 027de2ec46090d2c237587f6df4701554bcd4ca70f275a1385feef9c12abe628
2026-05-28 01:04:37,059 - INFO - 📝 Document mis à jour : f74fc96226424cffa33be7d77a1473cf8f3df6b577103d301f238894beeceba9
2026-05-28 01:04:37,059 - INFO - 📝 Document mis à jour : d5820cfb4476e9472f77a5ce600c20d342a075749c78ba45c83de23640814b96
2026-05-28 01:04:37,059 - INFO - 📝 Document mis à jour : 11074a21715d9087c6929cf5e7bdf3858ca7880cfbf97e67da7b793f50b7b3f1
2026-05-28 01:04:37,059 - INFO - 📝 Document mis à jour : 67dea44f6b1d264c561cd64a8b0904563627a9528a69fa579ecb551a8c624b69
2026-05-28 01:04:37,059 - INFO - 📝 Document mis à jour : c38e9fecd0565f3afd0d9774370725c5578969c4a216a58f6dbc3863160a0866
2026-05-28 01:04:37,059 - INFO - 📝 Document mis à jour : 468b1a9637c744eb91a46e9b0a2e489011085ac2db92194581a2adbbc2e25161
2026-05-28 01:04:37,059 - INFO - 📝 Document mis à jour : dbd812aaf796da324b62692d95b201d8343ca320e3c1d3b26e1036c2a817fde3
2026-05-28 01:04:37,059 - INFO - 📝 Document mis à jour : 87fdbd30c6909bfb6611a08aee8237bccff73a5ddd0a05c8bd227fac0c5b128a
2026-05-28 01:04:37,059 - INFO - 📝 Document mis à jour : 6fd62e1246c5b81db74a9814abfed0f818455a041780689a73ad2705a9ce0bb3
2026-05-28 01:04:37,059 - INFO - 📝 Document mis à jour : 3486a59b6b2026996b6e17b7293d765614ac5a607aedd9e222e7c38fa17cf6ff
2026-05-28 01:04:37,059 - INFO - 📝 Document mis à jour : 53a15c1850add67d2d7c9c44eba4a98ff1f1b083b1d6ffb51aa8af354ddaef58
2026-05-28 01:04:37,059 - INFO - 📝 Document mis à jour : fcd130beb326463366e9aca3fd586d8c1798f9572e4de01ae18ca218358a1183
2026-05-28 01:04:37,059 - INFO - 📝 Document mis à jour : f5ee63c544898ae155943125c1524b03e31aa36fd89a58c001ed203c3e385b9b
2026-05-28 01:04:37,059 - INFO - 📝 Document mis à jour : 3974b2c7a5f24492282c7720fd7150bc64f473714e8c53ef6691f546087eb42b
2026-05-28 01:04:37,059 - INFO - 📝 Document mis à jour : df1e876058eba9535a95cc5f47e66b2cfffa0b2dfabf787eee366ab0d339ec12
2026-05-28 01:04:37,059 - INFO - 📝 Document mis à jour : 46c2f5e3fb54817fe3373fe666b44b6176d7049b162906641b57e59a9e86c473
2026-05-28 01:04:37,059 - INFO - 📝 Document mis à jour : d2fc7c45439720c23e1463b0967625e7131d4b27259b33e72525745564ded9f4
2026-05-28 01:04:37,059 - INFO - 📝 Document mis à jour : 283abe6c3f6cbab7946070723a2796c9c4d2c02170c9250cbd4a35d3f1dffa08
2026-05-28 01:04:37,059 - INFO - 📝 Document mis à jour : 73d918b0b1297f96e9420f368436f59ab3a039442ab948bf5ed2365a37d2547a
2026-05-28 01:04:37,059 - INFO - 📝 Document mis à jour : 7fa8ff33c6c14a86f143663531f42e3069d436d7477aebaa7cccef2f77e7b08f
2026-05-28 01:04:37,059 - INFO - 📝 Document mis à jour : 13dc1fa1392c2a66abc65a2642c0b02b4c5b5672e3a0f4ffb0aaee5130722ca5
2026-05-28 01:04:37,059 - INFO - 📝 Document mis à jour : a4a71c2e7bdf25bc2be5c8632d0b2233263d289323cbba8f2a8104466872e397
2026-05-28 01:04:37,060 - INFO - 📝 Document mis à jour : 5e27c73c5c96e194f21887d2a3252b119467e08f8304a0f8828d90fa54418419
2026-05-28 01:04:37,060 - INFO - 📝 Document mis à jour : cf4d0aa80c95d9f53a89661b6ddd5809de026c22622d31455d650c4a5f8a5ed8
2026-05-28 01:04:37,060 - INFO - 📝 Document mis à jour : 802464585a983a89aed64e0d1ae85ba9a4057b52adf722029dcd389f2950a426
2026-05-28 01:04:37,060 - INFO - 📝 Document mis à jour : 770d872b6ddf61e1f2599d3e05353f40275c945e16aab558b69f37a5f755d1b9
2026-05-28 01:04:37,060 - INFO - 📝 Document mis à jour : 581915754ea11cb86244a5753e1ba9bae397980e890249d02d2fa57ffdfb22cb
2026-05-28 01:04:37,060 - INFO - 📝 Document mis à jour : eb68540dad0451804d4c5af3cc5179ae9fbe6b4e24d340b26af053015d6d0629
2026-05-28 01:04:37,060 - INFO - 📝 Document mis à jour : 570cec272fd8e6f32d32d3f7bf657c9ac6f98e4bb40b6388f9854e2242f3086f
2026-05-28 01:04:37,060 - INFO - 📝 Document mis à jour : 11966b0aa779ee21bb0bf65d557431b12f9fe90808ba3d8f21d3c54c78aeaee6
2026-05-28 01:04:37,060 - INFO - 📝 Document mis à jour : f7cfb136702174a0cbf15aa436341aa659a0bb98a19fa888a425918be4a0fcb7
2026-05-28 01:04:37,060 - INFO - 📝 Document mis à jour : f8fee6350942be44e386534dc29cb01ae5fd72e011d148b7bb2d0f984bac1682
2026-05-28 01:04:37,060 - INFO - 📝 Document mis à jour : 6b0cbc1ccf9b11fe900db9437b0384fc6565d276a7075f5345d5da46479297dd
2026-05-28 01:04:37,060 - INFO - 📝 Document mis à jour : 73be676c72eb7dee756288b0be72de45901aac6749708c0fb10410413c6e87aa
2026-05-28 01:04:37,060 - INFO - 📝 Document mis à jour : a182400180f8fdfbaf4b6be4d30759c10b2062d835f7dd422afed3022049a937
2026-05-28 01:04:37,060 - INFO - 📝 Document mis à jour : 444c957783e1571eba3af105dfa1b642f38ba063df40b185ade4b8faf4082420
2026-05-28 01:04:37,060 - INFO - 📝 Document mis à jour : 757bc38d2e72ee8614fb1ae2a6fad7eb9e2dab3de31771edb13e2e456bf6799b
2026-05-28 01:04:37,060 - INFO - 📝 Document mis à jour : fe58698a810b78636b2d3614f2db866b4e3084524579ca29484b277a3cee70d3
2026-05-28 01:04:37,060 - INFO - 📝 Document mis à jour : dcbd5c77f39e3f2a429222c90440c9025b0f6ef20b21142c6b0ef55fac479a01
2026-05-28 01:04:37,060 - INFO - 📝 Document mis à jour : 5b10b331049827cb298bdb04967127216855366a0ca50632db39ad95105ae344
2026-05-28 01:04:37,060 - INFO - 📝 Document mis à jour : de546e2d94e2ef6b5c7fe0d6e0662574480103dccea1484a069bb3beaf9aa85d
2026-05-28 01:04:37,060 - INFO - 📝 Document mis à jour : e22d49cfadb1a553fb2648324fd2ce56db7eb6008c6fe6cba1256b7d062560ce
2026-05-28 01:04:37,060 - INFO - 📝 Document mis à jour : 527efdfe0e7b55ecca553a04530770b6b58d2654341f0e37bd0f9e06a18697c4
2026-05-28 01:04:37,060 - INFO - 📝 Document mis à jour : 7a2eb7601fc5a3f8c8f885b747a951362d4fe3aec173f78a04790da01d883390
2026-05-28 01:04:37,060 - INFO - 📝 Document mis à jour : 556177e796fcbadf7cca4ab3d9111e2015f8e2a6a3d99981df105478035b44d0
2026-05-28 01:04:37,060 - INFO - 📝 Document mis à jour : 6483cff217674d3a73567172b866c476f10d567a6a25e9bd45e58b8fcba79d86
2026-05-28 01:04:37,060 - INFO - 📝 Document mis à jour : 423695ddd27f665826328059eed99c52bcaa66c98dd687b98102c9b3297cdd99
2026-05-28 01:04:37,060 - INFO - 📝 Document mis à jour : d2d2825934807e6033e48ef2c0e5f896281d9a557bfa6bd30bc851a907be57cb
2026-05-28 01:04:37,060 - INFO - 📝 Document mis à jour : e4b8dc6282a4c3398be73ff202384e708d60289f3a172db6bea7abc2efd6724d
2026-05-28 01:04:37,060 - INFO - 📝 Document mis à jour : 8a91decbebafee0611c4571192cba273a9ef4e9c72d7176357b2e0f4c1d3c936
2026-05-28 01:04:37,060 - INFO - 📝 Document mis à jour : e2ee63d06bb831248f5bab8af8cd60f90c2686f1b0872556c8be1106d4e3e63a
2026-05-28 01:04:37,060 - INFO - 📝 Document mis à jour : 7e328c035cc245cb477202d26c524d89a4520428bdeaacdf43465b8f0e0c9ed4
2026-05-28 01:04:37,060 - INFO - 📝 Document mis à jour : a02dfe6b3f90c3e62815dbbbc7223b23a999b549d21bd482765350723a96faec
2026-05-28 01:04:37,060 - INFO - 📝 Document mis à jour : 89cb5a48b2a05048fdb1865cba70355b3b5d9e8566c26eb577be6f17baea760b
2026-05-28 01:04:37,060 - INFO - 📝 Document mis à jour : 94f569ea330bb8985af313704eb082449713ffb26e8350a1c7385622e1b667bf
2026-05-28 01:04:37,060 - INFO - 📝 Document mis à jour : 14bee2852d25820bf7b2d9b0f33b61c38cf23cf33495627664c35c4a4983cd7d
2026-05-28 01:04:37,060 - INFO - 📝 Document mis à jour : 0ec21ad7cf1509490b150a47735af5a51ab944b1984a8cbc4cb2018af390d230
2026-05-28 01:04:37,060 - INFO - 📝 Document mis à jour : 5aafab76fccd8850ba92e30f10914894496b499e0c0bfd0e6cc3dc10846ca5f7
2026-05-28 01:04:37,060 - INFO - 📝 Document mis à jour : 1513c0a50d6fcc7af3adffc7ad56211bfe93fd4eb6c094348e1d371394bb75ba
2026-05-28 01:04:37,060 - INFO - 📝 Document mis à jour : 20855e0931fe37e6f57ca1933a74faecc9b0b3b638fcc105240bf9af4ba726ad
2026-05-28 01:04:37,060 - INFO - 📝 Document mis à jour : 57593ce53bc8302d2966c0bcd3f05a26176f96147a6fdec907d1bdb102bd5181
2026-05-28 01:04:37,060 - INFO - 📝 Document mis à jour : 3f8b24e1fb06318306937819e2dc009e8bf3d6932435ef721bfd2bd5fe57efef
2026-05-28 01:04:37,060 - INFO - 📝 Document mis à jour : 0a4bc388f257b1b969234fcfa2177f5393f4472d676b4188086dc372eb4d3c8c
2026-05-28 01:04:37,060 - INFO - 📝 Document mis à jour : 17ab369af2da2410540e4abdf5daa51d1384e6090cf9b3765386812aa6ecae00
2026-05-28 01:04:37,060 - INFO - 📝 Document mis à jour : 23b1be1fb303ae5f364244a55de021d8adb072ab0908a0ba947eb04ec3c1ee6d
2026-05-28 01:04:37,060 - INFO - 📝 Document mis à jour : 326219f4715b44a860b7798cefc44c19b32a6efab56166cd739dd90125b2f418
2026-05-28 01:04:37,060 - INFO - 📝 Document mis à jour : ca5e562441156aa33de65b7a9acb91723fe669028e13c62dae8def89af2493c7
2026-05-28 01:04:37,060 - INFO - 📝 Document mis à jour : cb2c63dd0ca2627c6a5dad94ba7943aec014926299f608bcfe61bd969d1d7115
2026-05-28 01:04:37,060 - INFO - 📝 Document mis à jour : bd80f59d843f408bdc8d110a61e3660460b3ff0542f4c2a7a2cb05833c3b8e7e
2026-05-28 01:04:37,060 - INFO - 📝 Document mis à jour : 8095eb18d9fa91dd1d4bc86736d80ad5979ce4a0cb8bd4a3ff4e4689a5bfb703
2026-05-28 01:04:37,060 - INFO - 📝 Document mis à jour : 7419fd2875d79f6081d9be2958abd95cad683ecb85c93de1b27ae2f3179b861a
2026-05-28 01:04:37,060 - INFO - 📝 Document mis à jour : 032f47bc3ebf736cffae792deefb5aa4451fc808d53906f4722bf7ad2f89f4e0
2026-05-28 01:04:37,061 - INFO - 📝 Document mis à jour : 5e20bc41624a983f40d57b329f12c4c6be24b23fb824ad1a116f893705dcff35
2026-05-28 01:04:37,061 - INFO - 📝 Document mis à jour : b87bb5aa83ae06b317145aab39020dddffcb51c269df8a7a0a3252e683424700
2026-05-28 01:04:37,061 - INFO - 📝 Document mis à jour : c8e2154e8b4d3433d45d61c5be4a9456e9acee4fba66420a7e2bcc90efa3b0ae
2026-05-28 01:04:37,061 - INFO - 📝 Document mis à jour : 97a4c94a3f12f3cc01230f7ee15c886c4d325e1d0e62a20c7d34039e0f3d10d2
2026-05-28 01:04:37,061 - INFO - 📝 Document mis à jour : 01db0f9c452e94c262db042d229ab5fb8c0e15074fd03a013d9320dc49e4297c
2026-05-28 01:04:37,061 - INFO - 📝 Document mis à jour : 42c3cfd79fef2995c1b86733c146967e462d307f4e513cd8ca9aa0bbcbbab911
2026-05-28 01:04:37,061 - INFO - 📝 Document mis à jour : 55d8c9cea4c91681a7505dbbaf9adcad16036c4f8e3e8416a2667ca0a0023222
2026-05-28 01:04:37,061 - INFO - 📝 Document mis à jour : 871ebc4a93c81fc82eede2904b4726072aab3ae48f93e7ee35fafb59aa01b2cf
2026-05-28 01:04:37,061 - INFO - 📝 Document mis à jour : 2fd6723a44f2dc27803f8b0e9c2cf3ac2c97f0ca1515bdef767701021f89df1b
2026-05-28 01:04:37,061 - INFO - 📝 Document mis à jour : 966b6245fb3636b6ccd9ec02898dabbe5c2c500c4df6a51a78ef47474dbf1b78
2026-05-28 01:04:37,061 - INFO - 📝 Document mis à jour : 755d37f0833b7c660db0b7f80156d591033267f60117ccc8a6ec1a1cae311ac7
2026-05-28 01:04:37,061 - INFO - 📝 Document mis à jour : ba5ac506599329f5abde219ae6f9ca1ff5abf8660ca931cbbe5e98ff9708c3b1
2026-05-28 01:04:37,061 - INFO - 📝 Document mis à jour : b22c4726f2d6af8eec745705cc33dfd709d7925da4e422d83ec7f710b57c1e4c
2026-05-28 01:04:37,061 - INFO - 📝 Document mis à jour : 36ad948c6f00f5af04db4fe368a3d3de47c4d7e07537bc51985423f39dc5a01e
2026-05-28 01:04:37,061 - INFO - 📝 Document mis à jour : 3733f7a02775f2dff467ec68fcac23b6ff554a4a907ae8a1e38857a8fb56f026
2026-05-28 01:04:37,061 - INFO - 📝 Document mis à jour : b9dad2756e42ca9d8d40a5fc89026ddc95295e4769a082094af9824efe4f1573
2026-05-28 01:04:37,061 - INFO - 📝 Document mis à jour : 0f287d23a400dc49461252afbe04b90d0eeb19285bdb3f3982659b75a6a0f819
2026-05-28 01:04:37,061 - INFO - 📝 Document mis à jour : 5f8685320a9dcbf500baab7b47a58f43474ce96bb035a44aa04ff78a5541556b
2026-05-28 01:04:37,061 - INFO - 📝 Document mis à jour : 958e962b85691a6b2822138cbf17c469fa07bf732abf39fb5d46ac341ebc7936
2026-05-28 01:04:37,061 - INFO - 📝 Document mis à jour : 969f6220b69b81ba3093f6259dac75a3ffb7b9253cea538d987c8bf54b512a79
2026-05-28 01:04:37,061 - INFO - 📝 Document mis à jour : 3cf03821755aba92bd0c11708006b47a7f75f9ddda41234853e56020712c21de
2026-05-28 01:04:37,061 - INFO - 📝 Document mis à jour : f22e3507f2bab5e3d9d1909fa572bdc2a70f2e37e850396292c6f482008f988e
2026-05-28 01:04:37,061 - INFO - 📝 Document mis à jour : b22aa7c0a9d1dc3d48a8ae0471f86787a8962fe6c6da12029fdf32df9030aed5
2026-05-28 01:04:37,061 - INFO - 📝 Document mis à jour : 5bca1c29830dcf21c1d07db2e492fa80d58a5d11aa7a90bc23ed3a5911f655c1
2026-05-28 01:04:37,061 - INFO - 📝 Document mis à jour : d8fb5ff7aee075ada60b82ac445e0b8c84fd1f0e7812c89caf721828880c86ba
2026-05-28 01:04:37,061 - INFO - 📝 Document mis à jour : d0e1264ffee3885dd1abefd91fde85d4535cc8cbf57e5cf63325cf248c0832e4
2026-05-28 01:04:37,061 - INFO - 📝 Document mis à jour : a178e7b4b497cc876b78ebf9c08b056cc76a42d75daedbff51066ba97b88ca7c
2026-05-28 01:04:37,061 - INFO - 📝 Document mis à jour : 53c6bae0f0194af42e4f1b1721dfe4d9f618a92b6c98ec26f59092a1a48862af
2026-05-28 01:04:37,061 - INFO - 📝 Document mis à jour : cc99d1f9e553bbb71b89e8695b49aad28fe16fb9e34e2f863fdb4b1f1fab9d13
2026-05-28 01:04:37,061 - INFO - 📝 Document mis à jour : e859fc317a7376af3cf285394b8d4df19a677143933e9e7c224fc7e199b69b85
2026-05-28 01:04:37,061 - INFO - 📝 Document mis à jour : 061200aae9e74dad38f9eff6af8febc16015a1aa0e7480f26a75cb21ca9888a4
2026-05-28 01:04:37,061 - INFO - 📝 Document mis à jour : b8ad39a9e92087aff44c67798729d311b5a23d15e9cfef60561ff6d5808e4d65
2026-05-28 01:04:37,061 - INFO - 📝 Document mis à jour : 61bf2bf8cf7fbfff069a828cbb42eac11f2d1a61149cb0e3bf07445ce50ebe91
2026-05-28 01:04:37,061 - INFO - 📝 Document mis à jour : e47ae97d19aa796037ca7f4abb0234921242c07cdfac4f72c82c0b1abdace521
2026-05-28 01:04:37,061 - INFO - 📝 Document mis à jour : 45f97bbf593a65f4f94033d77f0c1c7d80d6c5c7e80ae3baf51e3c89f07bc0e7
2026-05-28 01:04:37,061 - INFO - 📝 Document mis à jour : cb6de23f774a63063323770b748307947416c93e5d833c6ac8302a1c471bb14f
2026-05-28 01:04:37,061 - INFO - 📝 Document mis à jour : 43ebef4e5606134a478ff45613921dbffad284c6881d1a47461bacb512f9c4df
2026-05-28 01:04:37,061 - INFO - 📝 Document mis à jour : 1425917a196c0d35d4ad68a1c7248afa4dad5a8574aeda2f7a074715eb9adbb3
2026-05-28 01:04:37,061 - INFO - 📝 Document mis à jour : b99057bf3edea21ccdc9bf8372c157ff5d5ae1e9dfaec34ec45d156e45801d08
2026-05-28 01:04:37,061 - INFO - 📝 Document mis à jour : 904b04b06ad45cb1a6d913e37e60077af01a50bc3c43cc78abb4be7c319e97db
2026-05-28 01:04:37,061 - INFO - 📝 Document mis à jour : 457f8fd09f86d38f5f9640b2ef5e8242d1156c25bce75a3e0316e7a43ff461af
2026-05-28 01:04:37,061 - INFO - 📝 Document mis à jour : 4bd6bf855016756683ba09524267469ed5c13008a8cfc680151c77fa91064c73
2026-05-28 01:04:37,061 - INFO - 📝 Document mis à jour : 8e581b01d07d28511c952dfe0a2e792c95720def06452378e0f8095161fea060
2026-05-28 01:04:37,061 - INFO - 📝 Document mis à jour : 98a84a0010ddaac1308de9480d9559305afe9c3b9be4880b183f53eed520e8a2
2026-05-28 01:04:37,061 - INFO - 📝 Document mis à jour : 9fbc92ed5ab351c9db0fb9f8ac0e7207156db18ac00e432454a99c4b70360254
2026-05-28 01:04:37,061 - INFO - 📝 Document mis à jour : 96fb4398ba595670e3eb835f7b4e11de9269fa1af9cae1eb64a9ec287e483491
2026-05-28 01:04:37,061 - INFO - 📝 Document mis à jour : f248d89eb8b7bd3f1ff9a25c0fda46cecef63e9cbdf0aee6ebb12aaaeb17082b
2026-05-28 01:04:37,061 - INFO - 📝 Document mis à jour : 57f9e73857311c82d0ac5ca5fa07814da50cef6fabbaefba4c9be59d21e1e004
2026-05-28 01:04:37,061 - INFO - 📝 Document mis à jour : 1b483e74e01e9c06f11e7bb961eca1404a252d2462bbad9319ee055b7f084e0c
2026-05-28 01:04:37,062 - INFO - 📝 Document mis à jour : f73342570243dda43b3c26c11239048b0ed54aa5f32dee8f61cc3f124eef7120
2026-05-28 01:04:37,062 - INFO - 📝 Document mis à jour : 2b795019ff9c4a5fa41652c8bb7e980564d4939becf0b647d81258c9c0095074
2026-05-28 01:04:37,062 - INFO - 📝 Document mis à jour : 2136e38ca0570640edd55f214fb34e03969942c42ce9817c52f601d39ee4ffcf
2026-05-28 01:04:37,062 - INFO - 📝 Document mis à jour : ca063acfc0c1edce34104c87106190a63472eb88e51b5275a711ca2fce4285c8
2026-05-28 01:04:37,062 - INFO - 📝 Document mis à jour : 2fa3c6215ca63b90f52459372e665a1c5aa10333c7e9b63e7ba1360525f76b77
2026-05-28 01:04:37,062 - INFO - 📝 Document mis à jour : 7cbc83cad4f56405154162a0dc5361ddc3e5b6cdb1242f37d9e455fcb3c0ed02
2026-05-28 01:04:37,062 - INFO - 📝 Document mis à jour : bec3637bc788a4c676c8db2e380acdadfd16318e14cf3043da73f0c8052c2b96
2026-05-28 01:04:37,062 - INFO - 📝 Document mis à jour : 7ea677791ac7927ddbf4693233738b275b07564a436e61ab189b88c909487fae
2026-05-28 01:04:37,062 - INFO - 📝 Document mis à jour : 144db5e1681df1625ad5bbd3615059eee96ca5a2bc970e3c9863ce809f071421
2026-05-28 01:04:37,062 - INFO - 📝 Document mis à jour : f8334889671845bd26d6dc380dd9235ad1fc1cf7c6a44763d6b3018f1e54445a
2026-05-28 01:04:37,062 - INFO - 📝 Document mis à jour : f383da81e49f70db05a31fc8ff60136bc363d77e9dc7d4da5690ce521a7ca432
2026-05-28 01:04:37,062 - INFO - 📝 Document mis à jour : c22644afddc296c303f99cff129bde711eb031bae497978fdf5b0b7e36f97f2f
2026-05-28 01:04:37,062 - INFO - 📝 Document mis à jour : 0580ec0b480ab3af39e0e4954338e180255c4199a0745c7a7c3125b17de96f1f
2026-05-28 01:04:37,062 - INFO - 📝 Document mis à jour : a2ace482856e538d7af2beaddee92f9c2d31a68ea9a961641b605313288d3e58
2026-05-28 01:04:37,062 - INFO - 📝 Document mis à jour : 7c657d41a86848eb8d32d7ea710f20d297f7b511b135f2c677aa1ffba74ebfae
2026-05-28 01:04:37,062 - INFO - 📝 Document mis à jour : bfe4e82e02ca52f051ee07e0f4993c58c38f449f97923454bb7e03aeb1cc59da
2026-05-28 01:04:37,062 - INFO - 📝 Document mis à jour : 00a0b1099eb0e1bbdc19de240885ef857d28661e67985bbb0b1d763ab43ab7f6
2026-05-28 01:04:37,062 - INFO - 📝 Document mis à jour : 18a6392cdbc63c609611b744db2ed279d7429208d8ab2ca2bb02632e67bd8c08
2026-05-28 01:04:37,062 - INFO - 📝 Document mis à jour : 79e7c705870a522756937622457a60aca4df14e394c490119e1ea2c3183a1810
2026-05-28 01:04:37,062 - INFO - 📝 Document mis à jour : 0d58f758f230180b4d05729d85df58ebc8cd1bde78f260baefd58ffdc9555587
2026-05-28 01:04:37,062 - INFO - 📝 Document mis à jour : 537c7d3724293f1bca01eff7bbf8a1c816b58628dca119894f9e9b72cb03569e
2026-05-28 01:04:37,062 - INFO - 📝 Document mis à jour : 8a485df0ff73d289778922847e9622d39cc70ba516598bf2ef2e2579c6904e77
2026-05-28 01:04:37,062 - INFO - 📝 Document mis à jour : 961e4fda74ef8cafe61baa44817e3c7ac1ad48036d234f93370ec402791714bb
2026-05-28 01:04:37,062 - INFO - 📝 Document mis à jour : c9c0bab5f67e3f639d926a922479c2b7e5620a3ff9c8e8a6ec4e5023e6be35ad
2026-05-28 01:04:37,062 - INFO - 📝 Document mis à jour : eb3e4cfe99fba81302310e86c6be29a043458d0efc76a493481d5318bcb4bf09
2026-05-28 01:04:37,062 - INFO - 📝 Document mis à jour : 836d78fc618f13bbef4c44803c1090e3c4120d7d6fbfcf86dc8d53443733e835
2026-05-28 01:04:37,062 - INFO - 📝 Document mis à jour : dfcbe3d75f98fcdf1134028884c923d0be2f785c29be4fcacac93bb3015b500a
2026-05-28 01:04:37,062 - INFO - 📝 Document mis à jour : b7bc9bd771bad161a82aa7961c3f0788e60d21e833b97dc7858d74affcc7d738
2026-05-28 01:04:37,062 - INFO - 📝 Document mis à jour : 5afc1db28fa96a21b5ba7397db4279565f6cdc724be8a2bf041502dcad4a94cb
2026-05-28 01:04:37,062 - INFO - 📝 Document mis à jour : acf2d4a61b7194d4b4f3d5d047fdfef3f6037249e6b1c52c3a6756e9245870b1
2026-05-28 01:04:37,062 - INFO - 📝 Document mis à jour : b883bd17bb9f7b5893fb3238d892493a888faf935edc796b1f2e3131234dc94a
2026-05-28 01:04:37,062 - INFO - 📝 Document mis à jour : 26a85f8bb8f3d002a4b3c791520cb900ff4a3ceff5923c93244faf4f4fd194ec
2026-05-28 01:04:37,062 - INFO - 📝 Document mis à jour : 954aca35fbcb045f1ad515cd41ad27691c30bef9b5eee9f5ea8df79588acd421
2026-05-28 01:04:37,062 - INFO - 📝 Document mis à jour : f7748788a34c9324f301fdd4ae7524923c2ca815e4dc3aea9ff5693a7acccefb
2026-05-28 01:04:37,062 - INFO - 📝 Document mis à jour : 7b57d1369cb9dcdd75ca862823c70a3cbd7e36723239101fbf013fa87512775b
2026-05-28 01:04:37,062 - INFO - 📝 Document mis à jour : ced3c8d4b9e48d25cf233d0b9fc70d47ae2bf9add32ff3aa589aff015f3d5aa7
2026-05-28 01:04:37,062 - INFO - 📝 Document mis à jour : a24538a2c6160d4a9cb549fe485e5b42cb2459bc8e8a5f704c1f7ded0e1783b1
2026-05-28 01:04:37,062 - INFO - 📝 Document mis à jour : c17368652081d281cc9f7ce8287272dad14e2b2ea70e7ab778c3f711e8cbe09a
2026-05-28 01:04:37,062 - INFO - 📝 Document mis à jour : ec1b1531f84e4aae2ba8e8b969c796087634936d00de1a2187d75f67c85a8b57
2026-05-28 01:04:37,062 - INFO - 📝 Document mis à jour : 891c03c3de6a96c5b8c9d65ed690d276b9e652e7bfd13a5dd6a49f0740e344c9
2026-05-28 01:04:37,062 - INFO - 📝 Document mis à jour : 4cb29325d88d0f0aaf5d8ecabca688332476d42b18be8451332352023479e4b2
2026-05-28 01:04:37,062 - INFO - 📝 Document mis à jour : 69827623b5e4998af51ce44502c1a91344244b638ad2d6e014a7dfc19cf073c3
2026-05-28 01:04:37,062 - INFO - 📝 Document mis à jour : a55b7f4fc4fe69f15d8d19133a508186a0504c1f227fc41dc30c8fe5df9ad9e7
2026-05-28 01:04:37,062 - INFO - 📝 Document mis à jour : 3f2564ee3510d6c309068e7620ed8fce70338fce7aa3203ea96521d8e24a682e
2026-05-28 01:04:37,062 - INFO - 📝 Document mis à jour : a64c14f0dd02bf7634195527f43e1eeea4877305d594791f3d91035e05741c5d
2026-05-28 01:04:37,062 - INFO - 📝 Document mis à jour : 04af07ebe8f332b6399334526b12cf65d534c9e2b162386a1261bf4ddf03fbac
2026-05-28 01:04:37,062 - INFO - 📝 Document mis à jour : 725f9c5d6f2cdbdb0b683699c9f85c0e5b2285d7ec2a0753712f144c18d9bf8a
2026-05-28 01:04:37,062 - INFO - 📝 Document mis à jour : 878fcf3689763230388579f07774754639875684cf966998d05df3b070bee73c
2026-05-28 01:04:37,062 - INFO - 📝 Document mis à jour : 849f79ae22a8806a3c7d805989d3d82876ba65384f7e55a32076b831761ad7e0
2026-05-28 01:04:37,062 - INFO - 📝 Document mis à jour : 4514739584571462185b10849a1534516082dfbda2edca6a5b9ceb3615445e07
2026-05-28 01:04:37,063 - INFO - 📝 Document mis à jour : cd41cec67e1f0e08a2e0611a3f3c8de2c7ae8050dc359e73001b1c036fa064f4
2026-05-28 01:04:37,063 - INFO - 📝 Document mis à jour : 7ea9a89e56adcdfad02d6347c107aadff66846ca9a83552f462af6638a13a649
2026-05-28 01:04:37,063 - INFO - 📝 Document mis à jour : f0a0c02ca0c01c7673e5a2fb5aa6be469e2d5b3624f08238d5728da0cd1bb297
2026-05-28 01:04:37,063 - INFO - 📝 Document mis à jour : 8a72fcbda2a524e3b07fe4bbdd944911dc3985b0b45c4a201b375827e2744bcc
2026-05-28 01:04:37,063 - INFO - 📝 Document mis à jour : 40f77a419191455d197262d7ca2f0c750f027148eb3ac0718e629e04190723bf
2026-05-28 01:04:37,063 - INFO - 📝 Document mis à jour : 2a1bd5ecd79156fba95e3f24abf03908dbac0034343745796e1282e5c9c5e374
2026-05-28 01:04:37,063 - INFO - 📝 Document mis à jour : 932f65ad768075cd7c4f9686be6b57ff8e442dc2cf5da0d598c16a9c04bceeda
2026-05-28 01:04:37,063 - INFO - 📝 Document mis à jour : 2866d62291d013025e771bd6436817a05fdaaf9b365fc9754abe686cd2af4979
2026-05-28 01:04:37,063 - INFO - 📝 Document mis à jour : 4f8d1f13eb23008bbf7f94a010e1f4985da386d30a5ed931371be2561fc04753
2026-05-28 01:04:37,063 - INFO - 📝 Document mis à jour : 43947cd3b0c7b04fa4c07579e7fc9399d9f34716bce96402f202898b53470032
2026-05-28 01:04:37,063 - INFO - 📝 Document mis à jour : 8238a2a2f29a69dcaaaff40abd72a6ab8aecbf0b5487641ef880546a45090d5d
2026-05-28 01:04:37,063 - INFO - 📝 Document mis à jour : 27a704e0db431e25f96c1239beea729faaf7e06466be1c2813c1837a8b01ac7b
2026-05-28 01:04:37,063 - INFO - 📝 Document mis à jour : a79b84c371d70258eedbaf56ef3402ffce9cd1db16c3dd7442dbf616cfd8b1a5
2026-05-28 01:04:37,063 - INFO - 📝 Document mis à jour : 58fa6d890c0ddc5386b7eff6db95b12ad7f5423477974f92661996f1a248bd30
2026-05-28 01:04:37,063 - INFO - 📝 Document mis à jour : d5902e2cf24e51a38a0a64a3215cbe66358b35d3e95ea5a86dfb924b77c35b47
2026-05-28 01:04:37,063 - INFO - 📝 Document mis à jour : 9c79965c1711b65ec3a0e146403d57e992443f93a9c592374641907195cd17a0
2026-05-28 01:04:37,063 - INFO - 📝 Document mis à jour : b06169b48023a6e709fc880e0736c01f1c521f0978c63a84682d49828d329d23
2026-05-28 01:04:37,063 - INFO - 📝 Document mis à jour : 8c778757f40904f1de8df47629c344cc582426849e2978cfb7e8aed5f8813111
2026-05-28 01:04:37,063 - INFO - 📝 Document mis à jour : 4beca3d11678fa6da0b87aebe8ee03924af58f7934352d3ab421804ebab05b8c
2026-05-28 01:04:37,063 - INFO - 📝 Document mis à jour : 63915e71a5491d158cbf98c70aca746584d694289a03cbbd2f60e7e672dfedf6
2026-05-28 01:04:37,063 - INFO - 📝 Document mis à jour : 29579b01e212086dd7ea3d212783f63e2ac3903c8a58760a70a5b5fa96fce2b0
2026-05-28 01:04:37,063 - INFO - 📝 Document mis à jour : 1ec884490603c51f51bbe5f458a6611873e0863fd48adc7ea1fb9bd0f3da11d0
2026-05-28 01:04:37,063 - INFO - 📝 Document mis à jour : b1a2668cda17e90201d93ada126e8f35eead61b9f00f3143edf5b9be97dddb4d
2026-05-28 01:04:37,063 - INFO - 📝 Document mis à jour : c95c37c24f05650dca594199264b3030070efe26b7bb1809cb7cf1cf2ae3da40
2026-05-28 01:04:37,063 - INFO - 📝 Document mis à jour : 76fa4163bbb1221b22d32bd72125043ef1e1539955aa420a42fd95e321abb84b
2026-05-28 01:04:37,063 - INFO - 📝 Document mis à jour : a9d30133d5c98064a9e45929e2510b62838405f12697edc7bcd21990165b07d7
2026-05-28 01:04:37,063 - INFO - 📝 Document mis à jour : 0bcc11978789ab574853571b55991eef6834d843def27adf64e323d91459e833
2026-05-28 01:04:37,063 - INFO - 📝 Document mis à jour : 60ef7f7936a4c930eda61aafb23a674c1c0c8cc54cfa0937fcb8b76d8b41fbdb
2026-05-28 01:04:37,063 - INFO - 📝 Document mis à jour : bfdef3ae1667bbc77d9ffcdd33ea914123f46601a2db24b1ac73ded388a310a0
2026-05-28 01:04:37,063 - INFO - 📝 Document mis à jour : 37b2d4f2a4984c7f610c104e956e83c2aabd98a888c8b7d3e76bd01547a52f92
2026-05-28 01:04:37,063 - INFO - 📝 Document mis à jour : c0686900ab80a978b9e6e296c749fed66a74cdcc78e557f7c45eeb0f7ff7fad7
2026-05-28 01:04:37,063 - INFO - 📝 Document mis à jour : ee1236477c0fb49d2af9e84984b3215e52f58bd4db7211ff60646b5fa875b464
2026-05-28 01:04:37,063 - INFO - 📝 Document mis à jour : 322e646818802423fe7e1134ec0d4b928315b0e707f28ea5a4e2320c40dc69b7
2026-05-28 01:04:37,063 - INFO - 📝 Document mis à jour : 0a50bf9dad4c1602d9905051ddedaacef9de8347c09e4598085e75f94d031be8
2026-05-28 01:04:37,063 - INFO - 📝 Document mis à jour : 7e2eb7480adf32f744ee2bd854cbca5873e836fccf8a5843c72f2c9de6ce5509
2026-05-28 01:04:37,063 - INFO - 📝 Document mis à jour : c526799c54d6edf8371078d4936826afb543bf976127c0b27a0ddd458b6b6dc8
2026-05-28 01:04:37,063 - INFO - 📝 Document mis à jour : 473ed669f0082f19b08082ff37b9d452a3d8b7c1d9c75eba0905191a327a8c98
2026-05-28 01:04:37,063 - INFO - 📝 Document mis à jour : 072bd1ee61d8cc3d2dcfbdca16c168f1311664c6b14c308eb2a02ebbbd2122af
2026-05-28 01:04:37,063 - INFO - 📝 Document mis à jour : cfb0e23750eaad3e4da0f951241f5501fc17dfe257ba3cb8bd90d573d0a02de5
2026-05-28 01:04:37,063 - INFO - 📝 Document mis à jour : 75108e6fe2fc331adcfef145df319527a12c24ebda68808eb3869e144c24bcf5
2026-05-28 01:04:37,063 - INFO - 📝 Document mis à jour : db85b200ca8182eedcdcbf1a65e6819d6473e58b4dfa899544684b4cb1c28091
2026-05-28 01:04:37,063 - INFO - 📝 Document mis à jour : da3a85a8e2de095af4e68de044a6015e90ab30f57646cf3b4178326d9e03247e
2026-05-28 01:04:37,063 - INFO - 📝 Document mis à jour : 0428af47f23c163d4370e5350ce72b764b5f510732280e3633515db85c1d14ce
2026-05-28 01:04:37,063 - INFO - 📝 Document mis à jour : d84c26e33af45365fbc35ca3e6f51b2b08689cb44c545ce0e8311d24db2f2b7d
2026-05-28 01:04:37,063 - INFO - 📝 Document mis à jour : cc484f6c329c51e8555b0f04697b2f27d9748f688a6a0cfe89cebc9ef988dd60
2026-05-28 01:04:37,063 - INFO - 📝 Document mis à jour : 5b3464d2cfe70b2d73b5d4234608a2028bc97807e6abebdac9001369fc461dda
2026-05-28 01:04:37,063 - INFO - 📝 Document mis à jour : 2af5d73bd8ebf199bd73cb6dfcd81928bd35df2311740f7a3ef35e8bde40a2ab
2026-05-28 01:04:37,063 - INFO - 📝 Document mis à jour : 61fe81909126afd2ce77c4e603869036cfdaa1b723fe506cb2938a513925261c
2026-05-28 01:04:37,064 - INFO - 📝 Document mis à jour : df2f5e231f7e1a45eb0e9d0a72fb3b1f89312195829ac5cdefe3b8caecd0be4a
2026-05-28 01:04:37,064 - INFO - 📝 Document mis à jour : 8394956bef720bf683cf86dfd994fde05434f307a399688873b6783c22ae0553
2026-05-28 01:04:37,064 - INFO - 📝 Document mis à jour : 1d253c28fd31c8e7ca8729b5eb81e10c3783a311d4f70a0d44e40b54591c7a82
2026-05-28 01:04:37,064 - INFO - 📝 Document mis à jour : b4f2f2663813d00fba42c7b55077ce728bd5f7141b7a95ee353b47a9f95b0f07
2026-05-28 01:04:37,064 - INFO - 📝 Document mis à jour : b14c0be4f7a6372d08b55a81e7ff86e9aad6bbaaa7fe8cfa6f8851169fc86509
2026-05-28 01:04:37,064 - INFO - 📝 Document mis à jour : 2733ef6f7029a18243b41081a1849f86e1dae73f9e689a7d38a491b770cf25af
2026-05-28 01:04:37,064 - INFO - 📝 Document mis à jour : a2df473a14fab3daceebda9c3833116b1a9593dc0bfa85799845b74f538fb2c1
2026-05-28 01:04:37,064 - INFO - 📝 Document mis à jour : 26318955bc0ea0df0cfb5b231a112ebaf4a159242d21404a91420a5bd59c2302
2026-05-28 01:04:37,064 - INFO - 📝 Document mis à jour : 480f888e41bf7c4ac5d6339bf9c405bce95d075e815ffba4cccf2ed32fb958fa
2026-05-28 01:04:37,064 - INFO - 📝 Document mis à jour : fa5c0ad1267769464eaf15fb8499d8657010a7fa0eb9e2c6a3a43e17b176c508
2026-05-28 01:04:37,064 - INFO - 📝 Document mis à jour : 3d7d23f6aab8b2ca11391734017ef950116688d48930618b5a6525b2828947c2
2026-05-28 01:04:37,064 - INFO - 📝 Document mis à jour : 496c1db33dbb60f8202b3f9e96906f14cafac378773ad88df62729543d355806
2026-05-28 01:04:37,064 - INFO - 📝 Document mis à jour : 8006b4337bfba91bb6b2dc326898522ed56ff1616c171f5a487a95782d9cb043
2026-05-28 01:04:37,064 - INFO - 📝 Document mis à jour : b0f32af700fb398bdea37b8c768114426d4cce3f4d353e2359400a2a292a5753
2026-05-28 01:04:37,064 - INFO - 📝 Document mis à jour : 5a2482d39882e29b4305dbef906f1940ba8a73b0755bcf554a430c862bae09e7
2026-05-28 01:04:37,064 - INFO - 📝 Document mis à jour : 627cb30e38a819bea6fd459a68d2039ec2f875eeb7ddce1ec3e82c0c45cb4e7a
2026-05-28 01:04:37,064 - INFO - 📝 Document mis à jour : a5f7148ff80f1d218ad4f5af9deec8df93391ae1fdebb240b89fe19b2b499241
2026-05-28 01:04:37,064 - INFO - 📝 Document mis à jour : 8a4ca25d77b10737e825586a823af2d7820d4044c12a013b0bb2e6c0ef716f70
2026-05-28 01:04:37,064 - INFO - 📝 Document mis à jour : a28d0486a59a3ce9c4644698fd8c69a448dcad6b3886120119d20e7b3f95d296
2026-05-28 01:04:37,064 - INFO - 📝 Document mis à jour : b99cdb91c6aa0aacd4cc88d33af532a8032fa670b23a4baabc7dc4ec2e4bb3a3
2026-05-28 01:04:37,064 - INFO - 📝 Document mis à jour : c30f3c6d93505b826f3ae2a6de6a2cd1fc96c2ad364938f23e814d8ad4ffc393
2026-05-28 01:04:37,064 - INFO - 📝 Document mis à jour : a7467eb99a86e0475c6d89f74af535675f4987afbf88e34704ceb774734ff4a2
2026-05-28 01:04:37,064 - INFO - 📝 Document mis à jour : 3fffdfe3900263bedee0154ba9661843b345acdea757eb36623192a50daee5aa
2026-05-28 01:04:37,064 - INFO - 📝 Document mis à jour : 240fd6662af95a63172b3c6cb29c68cf44568866b7f6278a13af68b624c8bdc5
2026-05-28 01:04:37,064 - INFO - 📝 Document mis à jour : ac1a197e14ccd9804d63c9bbe1c261cf2a55e2a98e78da982481f88f061d9636
2026-05-28 01:04:37,064 - INFO - 📝 Document mis à jour : 44eccc6f64c8136f81c9733030251af1a7cffccc5f3a4a2f55e0ee08a4cbf3ef
2026-05-28 01:04:37,064 - INFO - 📝 Document mis à jour : a6df4af73e4a7f440e2cc595e1ab7a3c5a435316d097371e5ff4ef17863a1166
2026-05-28 01:04:37,064 - INFO - 📝 Document mis à jour : 8322dab5c7423f44ad38560a7c0edcd2dd2bc8a64be39f042d3994b2395221b5
2026-05-28 01:04:37,064 - INFO - 📝 Document mis à jour : 4ab6ba1377c1ed429230200c4512d01be9d2b5284ba6e0bc2848b597fa282560
2026-05-28 01:04:37,064 - INFO - 📝 Document mis à jour : 81ce46990fcd4b2972491fe93dbb69173817c1c1c7f476b71ddf234e2df7c085
2026-05-28 01:04:37,064 - INFO - 📝 Document mis à jour : 48102edcc2e4450d81d6bb6d842bfb9ae63b68f0633ecd049da5c38e7231ebec
2026-05-28 01:04:37,064 - INFO - 📝 Document mis à jour : e3e1435a15041b0e9b0a8d6df6e51ba9bbdb8145ac6f8110a37a194279573fd1
2026-05-28 01:04:37,064 - INFO - 📝 Document mis à jour : c0b1ee47f6e2388eb8536e5e83a347cb7d0f6e072d06ff6d33a87320400f6fec
2026-05-28 01:04:37,064 - INFO - 📝 Document mis à jour : 7dee6bcbac52a3929c5d2777ac95d18d0ed89af9ed4ab4a7785f0416c2e12065
2026-05-28 01:04:37,064 - INFO - 📝 Document mis à jour : 7d14f6be23b423976f16066f69bda3359540be89646c86498bc927503350c3e1
2026-05-28 01:04:37,064 - INFO - 📝 Document mis à jour : 3abf9f6dd5db79c8dcd2185f4fb80081e0405cc88a37ffbbafa366fe009dd2a4
2026-05-28 01:04:37,064 - INFO - 📝 Document mis à jour : b8668acce28adf190045b3a170046f2c26097d9a3d83eac209dcac64fc3e1d6e
2026-05-28 01:04:37,064 - INFO - 📝 Document mis à jour : 9280a574a24233ab0414707ddde940dd99924de359a10d3679aed3dca42bcfb3
2026-05-28 01:04:37,064 - INFO - 📝 Document mis à jour : cb165260e2d8a7611b57d8b10f6d0a4d16045467b38d3e887a018810f15b3870
2026-05-28 01:04:37,064 - INFO - 📝 Document mis à jour : cdaf2b2617e0de8c0a355a852f26807aeeeb041944bd199eef4e3da6f135159e
2026-05-28 01:04:37,064 - INFO - 📝 Document mis à jour : a0ee27b7b37560aa794fedb383e05142cb935d8ba879a0a4d296aa4ba30f84aa
2026-05-28 01:04:37,064 - INFO - 📝 Document mis à jour : 1322d554dfb36265a694a93de06026c4c22a7b116f6721bf0c648c474684a5c2
2026-05-28 01:04:37,064 - INFO - 📝 Document mis à jour : dca11b9b3124f2fd2c636e11a059c3404af23b0188e715f7e1b043c34fdca520
2026-05-28 01:04:37,064 - INFO - 📝 Document mis à jour : fe85b0bb3f280447b78c9ad7887b595632a62a3c04948b13df03b12befe19734
2026-05-28 01:04:37,064 - INFO - 📝 Document mis à jour : 2f07f0e98cb96d7ce6cd04757ccb027a19a51fcf0df2ebfb679eb9ae6fcb3f19
2026-05-28 01:04:37,064 - INFO - 📝 Document mis à jour : 74f5522e32d3198d731b0067b159691f9e2f31a3e512dfe4f1316311d65f626c
2026-05-28 01:04:37,064 - INFO - 📝 Document mis à jour : c51b2fcf54572c1d23eb6eab1e5af8c7ae205e5f6604cd3335edcbdb95561b25
2026-05-28 01:04:37,064 - INFO - 📝 Document mis à jour : f65c54320237f44a37560dc6ccd0f1440918e151c33cdbb64f60afca47ad4daa
2026-05-28 01:04:37,064 - INFO - 📝 Document mis à jour : 25093617a8cc0ec30500484cd7c90b1c2c43842c9832375563316db8c3544391
2026-05-28 01:04:37,065 - INFO - 📝 Document mis à jour : 5589252c5a15cd3651a0da4a17c68a289b5bb1d6f7494f729b23039f4f60435c
2026-05-28 01:04:37,065 - INFO - 📝 Document mis à jour : f1e87890356d0f39de727447b202860d2c512bd45605ced572ec063c6fb4e4ec
2026-05-28 01:04:37,065 - INFO - 📝 Document mis à jour : a8f5a8b89dc0944f621c2b21ead7d7f9414b6ab701a462edd81c4bcf7620248e
2026-05-28 01:04:37,065 - INFO - 📝 Document mis à jour : c411dd5be8374dc2c663a1af1995abd53451530eeb678f58fd4111153ad16880
2026-05-28 01:04:37,065 - INFO - 📝 Document mis à jour : 778d5a443d28de551d05231ef38435e0b4939b3052291e137cea46c9c771e974
2026-05-28 01:04:37,065 - INFO - 📝 Document mis à jour : b8148c5933121a4db163cc4412c8fd0cc3ac333e87a94d2d1789334bed0e0755
2026-05-28 01:04:37,065 - INFO - 📝 Document mis à jour : f45efeacd3d38595b9d1f8e5c97164ad0c8f4c93be14ff24919b58f2cd9d0ad6
2026-05-28 01:04:37,065 - INFO - 📝 Document mis à jour : fe33d3cdd61f2db73edd4361d98b63a10b848846bfc469539fd21878434a3042
2026-05-28 01:04:37,065 - INFO - 📝 Document mis à jour : b9af9485ec6601977acaa3c0a86ebad807dd062292e4b9f337cf29d57f23efee
2026-05-28 01:04:37,065 - INFO - 📝 Document mis à jour : a1978e309a0cd6c853e7cb77197e7232f7d55c4020b2322b0c6fc20bface7a84
2026-05-28 01:04:37,065 - INFO - 📝 Document mis à jour : cad771aa730b8720dfab3c0ba0be669a3f2cf8a553e3a752e33cf598539de04f
2026-05-28 01:04:37,065 - INFO - 📝 Document mis à jour : 778352eaf0906169a12786b3a865e203691f9129aa80c82b6cdef546c664d9f1
2026-05-28 01:04:37,065 - INFO - 📝 Document mis à jour : 6865c7cd4d497f5acf3c6ba73db32019ef3c36618b94ffad2fe2519c7594a3ce
2026-05-28 01:04:37,065 - INFO - 📝 Document mis à jour : ce2925d9bfda2ff310ff220c601ae4042fefacfea1467de9f19d29229459f7c7
2026-05-28 01:04:37,065 - INFO - 📝 Document mis à jour : 43a4860e9f196b19b579575b01d04995622ca18a850e2096fdd0fbc7637ba4b5
2026-05-28 01:04:37,065 - INFO - 📝 Document mis à jour : af1fc9f56370d86761890d6234521777b396b57fb333c136cc95170bf4d22f02
2026-05-28 01:04:37,065 - INFO - 📝 Document mis à jour : 8efa544d52fbe61695079c25f57ed13cd19db1258310a47e44881878946dcfa8
2026-05-28 01:04:37,065 - INFO - 📝 Document mis à jour : 4db7f9e1f4e2491737c031ecf717224687647ec75dd968a3f5c6281e4af0cb96
2026-05-28 01:04:37,065 - INFO - 📝 Document mis à jour : 25a4b91dec9a6a2c31d429094c3a7b7561eb151546d24bfe6bbedde850b1fd3b
2026-05-28 01:04:37,065 - INFO - 📝 Document mis à jour : f3806f2681a5a234a8509901b9e8195ed698a2e373860bc881a82a37737fca41
2026-05-28 01:04:37,065 - INFO - 📝 Document mis à jour : d64de7e221cd06aa45153424c7c8ba63b7ad5ad0794a71dc9220f810c7a21a50
2026-05-28 01:04:37,065 - INFO - 📝 Document mis à jour : aee948ba5c1bb684456489c590b9a77be9b867fa3779e4f2dd4b6058e2974ff9
2026-05-28 01:04:37,065 - INFO - 📝 Document mis à jour : cc0d5a6844532076b8a4fe347cb83d77f2f5918e0968b96a0785bca003a19bf0
2026-05-28 01:04:37,065 - INFO - 📝 Document mis à jour : cf6478129d88289ab647f4aed2aead8230e7a95d425344b398200cc93e309be7
2026-05-28 01:04:37,065 - INFO - 📝 Document mis à jour : 96437c7e1bb9532ff4f1067b94fc18549da2471e42ab2ea1549320e0177ec90d
2026-05-28 01:04:37,065 - INFO - 📝 Document mis à jour : 8f981342b74802cb7e1cef5953d54df6d33ca4c83d636e11ec1fade5017b2e5c
2026-05-28 01:04:37,065 - INFO - 📝 Document mis à jour : e9ca14229180221735b34929eeb4de2181c8714c49943f387187abcd17bba476
2026-05-28 01:04:37,065 - INFO - 📝 Document mis à jour : d372a65e6081dc5094e0baadd897a9cb5538b1e1ae4c7336c81e63bf371d15c3
2026-05-28 01:04:37,065 - INFO - 📝 Document mis à jour : e7d7bc6478c891c3025d52464ddecdecf66cbb5fc0b437b8e7faf65808d8ea0e
2026-05-28 01:04:37,065 - INFO - 📝 Document mis à jour : 9983c348d0d1bf180705143a54631209500f4a7785e3e73193654256dab0fe89
2026-05-28 01:04:37,065 - INFO - 📝 Document mis à jour : 56488d57c7641bd1c97f17b6a1cb06e1190abbcde0b783fd4c57cc7ad5ddf204
2026-05-28 01:04:37,065 - INFO - 📝 Document mis à jour : c4217939bc3e5db2258705eecc7cf34e3b2277d133055565c6016c9d064c6e07
2026-05-28 01:04:37,065 - INFO - 📝 Document mis à jour : b2fb2aac8fae501995136e0d119b750e358633df83783bf5f33f272d4cbee87f
2026-05-28 01:04:37,065 - INFO - 📝 Document mis à jour : c00121eaff582005179ef8ac3fc139109641cd024a5e2d15943c7e546b322b80
2026-05-28 01:04:37,065 - INFO - 📝 Document mis à jour : 150e20986fcba1611e2d33eecda782b2cf1bec03d03d30d0d460d2c77eb183c6
2026-05-28 01:04:37,065 - INFO - 📝 Document mis à jour : b9efb0dbe1462f2e889174c0bffb8ce250142ffc5edcd611ee1f8a5954e77bd7
2026-05-28 01:04:37,065 - INFO - 📝 Document mis à jour : f17bd582a528ba69c7b5d397b8df5f84de4f0074933e78d055ff3f13a9511cb6
2026-05-28 01:04:37,065 - INFO - 📝 Document mis à jour : f2d1ecd183953a9057f94c340ec5e2a51a34e399bf59283f4b5af8a88820b9db
2026-05-28 01:04:37,065 - INFO - 📝 Document mis à jour : 260ef40d3afc547123652d17c0961b611b9dd783df0abe48997a232ebf5fbe9c
2026-05-28 01:04:37,065 - INFO - 📝 Document mis à jour : 8a9bdc135f3bd2e568249811892b5b8cb2102d7cdf4bded6438b08b1e31dbe38
2026-05-28 01:04:37,065 - INFO - 📝 Document mis à jour : 0a09a5687c23ae7f335f3031917dcf7822d05083e7f3353f869d25e85e68f6c1
2026-05-28 01:04:37,065 - INFO - 📝 Document mis à jour : 7dca62edb502514735c5d85673f78ad313b065dd1660e3917caa105658d02705
2026-05-28 01:04:37,065 - INFO - 📝 Document mis à jour : cf597e690cc984819a11db5b869bd7d13c3389efa73174c5ae17af046ba2395c
2026-05-28 01:04:37,065 - INFO - 📝 Document mis à jour : 8931214c7407e92e68074ec452c6e9c6fd696050abeaa1ec408577131af9eeb1
2026-05-28 01:04:37,065 - INFO - 📝 Document mis à jour : dc031182f5d9605ede6551f9786047e951c19aa01b5b1b863e793aa4ac38cdc8
2026-05-28 01:04:37,065 - INFO - 📝 Document mis à jour : 1758d1734ca775b6483bd3e929695ce51454f0fc60a05efb66b0fb698f8ed864
2026-05-28 01:04:37,065 - INFO - 📝 Document mis à jour : ed04d495fa96cbe2274be3404a2dfe7fc84848a1ce6f2f5a1fbec1361dffb09b
2026-05-28 01:04:37,065 - INFO - 📝 Document mis à jour : 7330ce7f6ff20000e92ff7e2b3a8e8f962f51eefe888a9556f6a721cf54530a3
2026-05-28 01:04:37,065 - INFO - 📝 Document mis à jour : 8de28031a74e53d0c2b9fac6b8a90967222040fa3a99cf09610c73295b8ade05
2026-05-28 01:04:37,065 - INFO - 📝 Document mis à jour : 61915b683cd6d543f3a6ff47e0cd8efa1fecea0d672a94448e8f03e0faae8921
2026-05-28 01:04:37,066 - INFO - 📝 Document mis à jour : d77ff6f414c3efc727d81e642d6dbf1d1e05629ebf9567d2285e43b52308f3b6
2026-05-28 01:04:37,066 - INFO - 📝 Document mis à jour : f27a6f91ac9e389f4979cb5750bd909e1908844424d1cb922e4adf60ebc12f70
2026-05-28 01:04:37,066 - INFO - 📝 Document mis à jour : 3b5653646d5da435088018854b2b5036ea0f77b2ac9e3ce89466484e8c548aee
2026-05-28 01:04:37,066 - INFO - 📝 Document mis à jour : fd7b8bd383168ab389f2e59008a9475a09430a592310063acf5ee2c03bb78dae
2026-05-28 01:04:37,066 - INFO - 📝 Document mis à jour : af8fc0a083dfba17e2b7f6744678caa706fb8cc9a7f7a1f056d1f40e28fc8106
2026-05-28 01:04:37,066 - INFO - 📝 Document mis à jour : 1e04029337b839e9712687a70397a9a04e5fbc394b55dc424478ad2f8f351363
2026-05-28 01:04:37,066 - INFO - 📝 Document mis à jour : a7c5daba4c03da2cc823b893c8270b5e79330a3b833a3e47e87f7e1bb5223c2d
2026-05-28 01:04:37,066 - INFO - 📝 Document mis à jour : e77e4e1cc17515a50472b13f49fa247222c4845dd6f6c9c3fe846c38501e8358
2026-05-28 01:04:37,066 - INFO - 📝 Document mis à jour : 4f449c3668c9ccec22677464f4ed8f1d649980f39942ac1fd9b90c4df3b5cb20
2026-05-28 01:04:37,066 - INFO - 📝 Document mis à jour : b3b26d1bf9352aa3e3d7336583378a5a6b91527999bcc9d5d1fa54d2ae284553
2026-05-28 01:04:37,066 - INFO - 📝 Document mis à jour : b8ecd42319b03f6fe248cbf1a109815c3429ec57974c68d303daa896ed9de999
2026-05-28 01:04:37,066 - INFO - 📝 Document mis à jour : c87ff6b6e57b6685f64664cec998b7be7ab78c4f6f3052db991d978f75452839
2026-05-28 01:04:37,066 - INFO - 📝 Document mis à jour : d6e83a25e87a8c2efd57663c3e40e712d850a7477e091532ab3c8d7212db8571
2026-05-28 01:04:37,066 - INFO - 📝 Document mis à jour : 24f8727450be8781bd374a0a922859737b84daa23cbb8b8ff433c6e6c2c8cc82
2026-05-28 01:04:37,066 - INFO - 📝 Document mis à jour : 59719ac3f88ece890c3075a555bcc4a40e0e3b29959eca0572e7e49cd3c04113
2026-05-28 01:04:37,066 - INFO - 📝 Document mis à jour : 28eacb2a86668662c745e0c95e3f69c0f56543a925f0248423f275a96a644c02
2026-05-28 01:04:37,066 - INFO - 📝 Document mis à jour : 81891341fa4d900c7423b148e8b9028e7ba9c4b3bc23db73a7e65cd21af49622
2026-05-28 01:04:37,066 - INFO - 📝 Document mis à jour : 6ed8878016a3a7fc209d4ef08b41ec77254196a038ea1183911fbbbc88a67566
2026-05-28 01:04:37,066 - INFO - 📝 Document mis à jour : 28e7a10df597bb8c62620df391dabb53405240384ec389cbfebff04b5c1ba1bd
2026-05-28 01:04:37,066 - INFO - 📝 Document mis à jour : 2e4c927d38edeec63dac1b139a8c5857cbe7a9b15adaec7d4b68b6a306c889c3
2026-05-28 01:04:37,066 - INFO - 📝 Document mis à jour : 39946e34eb751d2e32601d24d812c60d3948d473776c6c8fd591afc684017433
2026-05-28 01:04:37,066 - INFO - 📝 Document mis à jour : c95636c0f8e6cd205383209e5ec4e9791d65a3b03a65f12521aed27c5f07fb74
2026-05-28 01:04:37,066 - INFO - 📝 Document mis à jour : 93e655a273445493a49fcbcfdc42a1135e3f7be52304a158b2b08a58e0661910
2026-05-28 01:04:37,066 - INFO - 📝 Document mis à jour : e4800f0bdb70f2dc46bd248ff9511c2bac48aba254493605ca626e1e65f53feb
2026-05-28 01:04:37,066 - INFO - 📝 Document mis à jour : f5c17920a3fa0b5ac9b0babd3660e701618db26e4ca4b54375869ecd0418de26
2026-05-28 01:04:37,066 - INFO - 📝 Document mis à jour : 0903fe2797969848e6b6d62bc39a66a6b0bbdd5fb2391e27bc5e7aa7139fcb9d
2026-05-28 01:04:37,066 - INFO - 📝 Document mis à jour : 1c72748a76231734a1d69497575adee791dd625a926f7ccb2ed7eb044d11bd5d
2026-05-28 01:04:37,066 - INFO - 📝 Document mis à jour : 6ee01433f46b6a0d13654439f705cfc9a7f0d6981ee47166812d370f262c0bf8
2026-05-28 01:04:37,066 - INFO - 📝 Document mis à jour : 47fd88300dcc9303235587b492cbcfc93ee56b7d82e7a3dd4c127e0ba6086259
2026-05-28 01:04:37,066 - INFO - 📝 Document mis à jour : d696dce8f312584e1613f9d501a791f22d75f089662ebad980bd7bab871515f0
2026-05-28 01:04:37,066 - INFO - 📝 Document mis à jour : a09db22a464f21f70abac966dc869af997659cc5e3d653599152b1cc096d93b7
2026-05-28 01:04:37,066 - INFO - 📝 Document mis à jour : 12e5d668f79c49dd7f7664846b80c19c31296589c92a3bea916eb05ae2d49869
2026-05-28 01:04:37,066 - INFO - 📝 Document mis à jour : 6c6260fd0dde618238a80a1aff09186c4544ffa5e5052dfc89ef5eecdfea7d72
2026-05-28 01:04:37,066 - INFO - 📝 Document mis à jour : bc0687809005082cf714da5d5cc62a583b972d9264407a09e51a078e2805080d
2026-05-28 01:04:37,066 - INFO - 📝 Document mis à jour : 354c65a5194d7f884eb0ebf3487f130c52dacfd3ab4cf2a4b3f6f406e634a021
2026-05-28 01:04:37,066 - INFO - 📝 Document mis à jour : 1f3721bafed1eb3bf702afc6663fb6cae61084395e71becfd2ffe51985b1eeb2
2026-05-28 01:04:37,066 - INFO - 📝 Document mis à jour : e7f0b9ead94ce3a40d873e526f2860b2beffe4af4324ba54cb54fb75872d7c8e
2026-05-28 01:04:37,066 - INFO - 📝 Document mis à jour : dd9063def0cadd50fa53cc0de709a1b7baa5522f8955d05f3ebf4f5ff3caae6b
2026-05-28 01:04:37,066 - INFO - 📝 Document mis à jour : 72fad4fdfd22a303e70a7fbbc296cd5504032f7cbbfe5a607e01471885a73722
2026-05-28 01:04:37,066 - INFO - 📝 Document mis à jour : 8fe24019535ea280ba566e5cd6fe6f861527e7d1f1ecc0e8bb540bb9e464f3b9
2026-05-28 01:04:37,066 - INFO - 📝 Document mis à jour : 66e962be0305dc4d8011be65140de19f113051fe1dee27fbaa0f40b4407c0b5c
2026-05-28 01:04:37,066 - INFO - 📝 Document mis à jour : f74d447df5c483b8d4a24a58e135dad498215bf826d680ead00cbd40873674e9
2026-05-28 01:04:37,066 - INFO - 📝 Document mis à jour : 61623ab5cec891a4e17019b401a0d2b8e891fd645067df631f359210a8df5376
2026-05-28 01:04:37,066 - INFO - 📝 Document mis à jour : eab4a508fb27769df7d96ca5998d09b9a487b551c5b78133e8d318abfe5c1b87
2026-05-28 01:04:37,066 - INFO - 📝 Document mis à jour : a7d2fa85b4d729a0eced50024cc385776d895f26386ac97c6263c1710d8c9dc9
2026-05-28 01:04:37,066 - INFO - 📝 Document mis à jour : 5b9c5232b026b7b96f3234201016da987986dddc6a5980cd8d79952d6815d24c
2026-05-28 01:04:37,066 - INFO - 📝 Document mis à jour : 479b0d169b64fbb76eafa12863e1ea1e466464a57dac802f0ddc4d4c30fb87e4
2026-05-28 01:04:37,066 - INFO - 📝 Document mis à jour : 9b896d96256f0a9a7c464dff4e4986d7eca6b500ea2af7514f22f843d1d9f384
2026-05-28 01:04:37,066 - INFO - 📝 Document mis à jour : e83d5ddc3f4ca4cea74cd237f7b80e63a9d7efa38beafd50b3b4819ec1bca74f
2026-05-28 01:04:37,067 - INFO - 📝 Document mis à jour : 7fb1a1cfe988f9fcd58b9f77c54b62d3c9caacad2c4083f0539ec83b99607f5b
2026-05-28 01:04:37,067 - INFO - 📝 Document mis à jour : e8e97335455ed4ea5d598b8151d23854a3d6db3b5b38db230627fa1f804d4f8c
2026-05-28 01:04:37,067 - INFO - 📝 Document mis à jour : b02c8e7ec79e4f8f2f3bfecad83e7a4bc390e1cee443cd5741699e2f180de9cb
2026-05-28 01:04:37,067 - INFO - 📝 Document mis à jour : 4d2343394771ba5d545b25b6c197cc4731423e49df5ff1424a2d5511ca1de585
2026-05-28 01:04:37,067 - INFO - 📝 Document mis à jour : 9fc311b73687e78e5b705442a1276e9de36d8deccf00767b0cd19f13959fa031
2026-05-28 01:04:37,067 - INFO - 📝 Document mis à jour : fe6682081e45066510ef0beafb3f03b0334dc5b150546e52b62880cd705e1c89
2026-05-28 01:04:37,067 - INFO - 📝 Document mis à jour : af590f6abddd16dc3c3c4a237eb05c42068dced67cddd6dc1237ff8a2023c970
2026-05-28 01:04:37,067 - INFO - 📝 Document mis à jour : 2956ad571ad155bc7fcc39057de9fd668e76d6cfd055276d8a05621d60e8842c
2026-05-28 01:04:37,067 - INFO - 📝 Document mis à jour : f4c6998f8490c1554cae400b6ed858bad938874641d82b44ee3776ada665155f
2026-05-28 01:04:37,067 - INFO - 📝 Document mis à jour : 05bf76924ec67becc4bfead0588e78ec780341969546c7d7c5073c0250fc92ef
2026-05-28 01:04:37,067 - INFO - 📝 Document mis à jour : eaa7c0c27d7764f4ba431c2f56b050cf6a2d9030c369fad2eef9e53b17312eed
2026-05-28 01:04:37,067 - INFO - 📝 Document mis à jour : 165d15da52df4aa10e7a2a7281e247028c3942fc66d5c4f1ba16a69b9f24c44a
2026-05-28 01:04:37,067 - INFO - 📝 Document mis à jour : 61d7e6bea1ba5f8f719e106782be83584e0b70da1d5034075e44860c5167cf17
2026-05-28 01:04:37,067 - INFO - 📝 Document mis à jour : 805352208f803a1d1359165481f5fb5879a435f2b8c3d4455e708bd9e7edc8a6
2026-05-28 01:04:37,067 - INFO - 📝 Document mis à jour : 6d6fc830d3069b44a5a20a146f5b02f7c63355dea8c74924c3fa497f60031dfe
2026-05-28 01:04:37,067 - INFO - 📝 Document mis à jour : 4870f0771bced36488da7b7aaa3a05bafc88520ca44ca5a0c9d409c11a889741
2026-05-28 01:04:37,067 - INFO - 📝 Document mis à jour : c3856c45a4996ff4b39571fff795edb1b0740d03f78596ad3bf2cd1a73a27417
2026-05-28 01:04:37,067 - INFO - 📝 Document mis à jour : 7e7a1410923946e1af9e42c047bd39d7f78862bee6a9a1edb48ef9a06d1e22db
2026-05-28 01:04:37,067 - INFO - 📝 Document mis à jour : 0703bf930341f56117ad5b003fb2f31ceba4c37b77eb19bb5775e65cb0e99095
2026-05-28 01:04:37,067 - INFO - 📝 Document mis à jour : 915611260cf73a7f2b8f86d4aaaf5ae37d48d73b047ea939b02f1a1ad64b9404
2026-05-28 01:04:37,067 - INFO - 📝 Document mis à jour : 178f5418d79c0fae7961a9912fdddccf4502b564bbde75a3b37775d442ee3248
2026-05-28 01:04:37,067 - INFO - 📝 Document mis à jour : bf6ffb8265fe4a2cceb9feeb70e038572f9c7e7ce545bca8dad4bb106fe2545d
2026-05-28 01:04:37,067 - INFO - 📝 Document mis à jour : f0b4244a8f894b65875841b667b781c0ca568ca9de45fd8a0992eb54a23c2a21
2026-05-28 01:04:37,067 - INFO - 📝 Document mis à jour : f4c734421f9c42ad2526798c4446b8a61bdcb6a4e636e488127707bf6ac1c392
2026-05-28 01:04:37,067 - INFO - 📝 Document mis à jour : 744667be59606e2615989c25c5339ce0696ccd1d6f455fbd70fb52b9a62656cc
2026-05-28 01:04:37,067 - INFO - 📝 Document mis à jour : 075c401d40fddaa68ea974e451a0144910a05a7f1feffc6e695abe5631620039
2026-05-28 01:04:37,067 - INFO - 📝 Document mis à jour : 781c577fb34c34d4ae28372097105e87804fb112103dfe192f7c4f04c8375109
2026-05-28 01:04:37,067 - INFO - 📝 Document mis à jour : ae1f33ea2c9b26410c6e27a9e90eb189bf8101a77454ad57c2161a1e1a5cecb6
2026-05-28 01:04:37,067 - INFO - 📝 Document mis à jour : 6c574b91a507ff5b012dc1098274de2bfdd486fcb5329f1e6c7eb23e660e597e
2026-05-28 01:04:37,067 - INFO - 📝 Document mis à jour : cb6703cdaac34e878a29e6861843c0e856cb4136a85055309d6d169b07c56993
2026-05-28 01:04:37,067 - INFO - 📝 Document mis à jour : 820d04dde354f698d8fbe886f950e16219701d1e3053c45d4ffb698aba9e5e7f
2026-05-28 01:04:37,067 - INFO - 📝 Document mis à jour : 533a7d22136e47addc0eff21bb9251bcfd6b4e85c25ce689713a68f34fa972e8
2026-05-28 01:04:37,067 - INFO - 📝 Document mis à jour : 7f93f5d12141ceba5b9be3df29269bcd97d6158420e951554a7d55d807ddd02b
2026-05-28 01:04:37,067 - INFO - 📝 Document mis à jour : 54ded22c16e690c6435eed0bbd1d268c61fe59805d1e375af8a322ebe74274e1
2026-05-28 01:04:37,067 - INFO - 📝 Document mis à jour : 42520c80929896432ebe25de5fbf0084937c23d440e4f9d6cfd70d20f808f6d9
2026-05-28 01:04:37,067 - INFO - 📝 Document mis à jour : de4216bdba24ef0c5fc82a3d31a57de449e9d2d5025d4c19d87310d54d65d46e
2026-05-28 01:04:37,067 - INFO - 📝 Document mis à jour : 1d56adf7088700fe72a29d3b5dd17259c2323957faac099f2e399457aa7ee089
2026-05-28 01:04:37,067 - INFO - 📝 Document mis à jour : f5a2808c627067c4665e424aefe14427c586cf98c8cd29fde36e7003319bd0e1
2026-05-28 01:04:37,067 - INFO - 📝 Document mis à jour : bbe776bab2f22a586e4d7e340f60426a1f3b93c4291fc02bc5de96e2f62a9742
2026-05-28 01:04:37,067 - INFO - 📝 Document mis à jour : 35440907f1b1c9ca86d3498aa9bd6f5c94292a8e599851ceba95435a4cbc2ff0
2026-05-28 01:04:37,067 - INFO - 📝 Document mis à jour : dce0794172d27bf6e9c8931315108811b9b12f3142d2146f985d50c82889f5ae
2026-05-28 01:04:37,067 - INFO - 📝 Document mis à jour : be628643c45743ede24c9bcc5ab2f5352bba58e860044aeb24212b93b6320c91
2026-05-28 01:04:37,067 - INFO - 📝 Document mis à jour : 89d87c2db242ec879fc17fffef3cc2658818dc571479e530379be69d3a8d62a6
2026-05-28 01:04:37,067 - INFO - 📝 Document mis à jour : a06f7309f33ffbeb2e081df4cda2819fc75d41f8e313dbeb4f9ad76be7c1b35e
2026-05-28 01:04:37,067 - INFO - 📝 Document mis à jour : 10979a94ad015817cabcbb3ee9a245f838424a69fa6e8ab3ab17c7febb8540e9
2026-05-28 01:04:37,067 - INFO - 📝 Document mis à jour : db799878b5b05bddec8d904a82f55e78113fcd186b440810513ef1f89fce3177
2026-05-28 01:04:37,067 - INFO - 📝 Document mis à jour : 2885c2f37ba1f16b0a28f36ddcda624995c3f76bf6de8522e860be78c18f1cca
2026-05-28 01:04:37,067 - INFO - 📝 Document mis à jour : 08f159e9fb424e80a1708d02a03a40b36d30227b2408226e631e9936f420f93b
2026-05-28 01:04:37,067 - INFO - 📝 Document mis à jour : b09b654821b6a998f07eb363cefbfc4d619366e5dc83f5906610cad7f9d27f07
2026-05-28 01:04:37,068 - INFO - 📝 Document mis à jour : 14a0a321f43188c691a3f0a44da33eab2218fb958f1509713d800c8bdacdf980
2026-05-28 01:04:37,068 - INFO - 📝 Document mis à jour : 17e58f165ed7384bb676ebab1fa690bf0b253210715ebc6d095baebce4c10b7c
2026-05-28 01:04:37,068 - INFO - 📝 Document mis à jour : a9b018fe728661f843f0595c1211687a37b4902ef3a48bec5f19b59141d82710
2026-05-28 01:04:37,068 - INFO - 📝 Document mis à jour : 479a065bdde47b57a32a4c98e7f5c8fb5523df497f75da96b895615377396b05
2026-05-28 01:04:37,068 - INFO - 📝 Document mis à jour : 540137aa75ab723fc0e5a8dbdf610f0cd652c26999706689c6e077519d43d2a5
2026-05-28 01:04:37,068 - INFO - 📝 Document mis à jour : 95c2828b9f3f7a08ee8bccc4e1dbd5e961f19dec722b0f224584ad6838a8f972
2026-05-28 01:04:37,068 - INFO - 📝 Document mis à jour : e5f9a0785c15e56776dfa40ac5bdc68c13ff7340233f194d7f36cd2eddaa2816
2026-05-28 01:04:37,068 - INFO - 📝 Document mis à jour : 9a335ba4a7afbb19ad26f8d782953c6728609136ab1fb9ef4b1d6368dad0b30c
2026-05-28 01:04:37,068 - INFO - 📝 Document mis à jour : 18b8177314ec43432ae0fddd7d3787001c9570bce5985159fd1116d998b9d040
2026-05-28 01:04:37,068 - INFO - 📝 Document mis à jour : fbf09a7ac952992e231735fbcffc6aff2b49e6aa82e73f292b5c63058dcb0e9e
2026-05-28 01:04:37,068 - INFO - 📝 Document mis à jour : fb0166079e37d0fd4560cdbd8b47565970df89f33312799e6f7e9c5002eac226
2026-05-28 01:04:37,068 - INFO - 📝 Document mis à jour : 9a791a033ebd33f7cbf2eee2c84022d7fffb6527e158f10d1da2e123b57f337f
2026-05-28 01:04:37,068 - INFO - 📝 Document mis à jour : fc71d350d7fe497102f2e060de77b2139319ad97fdd61da758cec68248fda18e
2026-05-28 01:04:37,068 - INFO - 📝 Document mis à jour : f32d5cf507cd275e998cbcebb30f4706b4eb12875d8986c32d2f2c7bf63c9e35
2026-05-28 01:04:37,068 - INFO - 📝 Document mis à jour : 897e57f38356825da0a0ed2659029846db9c5289992f8e76f6acb7ffb836d1ff
2026-05-28 01:04:37,068 - INFO - 📝 Document mis à jour : 77c7812b87c97dd155693c3764fd65ab8a41e7123f9b6d2f6f18b84753534dca
2026-05-28 01:04:37,068 - INFO - 📝 Document mis à jour : 07dc3b72f8e68feb3730e1b2c8712eda0ca681bff127feec8388c782873990d5
2026-05-28 01:04:37,068 - INFO - 📝 Document mis à jour : 04c489ecea2c24e144da178c079f6084e30a96c4b7eef1be575265e60d1b0887
2026-05-28 01:04:37,068 - INFO - 📝 Document mis à jour : 5e84a4a8f0b0e8320183b7601f00c8942f0af5eac1c2a2a6817ea7d1f65b8f20
2026-05-28 01:04:37,068 - INFO - 📝 Document mis à jour : 129474533e11d8648d8fa97454607cc0d28ca70b394b5ce9eae23f9fa117629c
2026-05-28 01:04:37,068 - INFO - 📝 Document mis à jour : 6bd9c5361c2a76ec15ccc926f4c3699d1e8f47da87d43b713115e5f66abfabdf
2026-05-28 01:04:37,068 - INFO - 📝 Document mis à jour : 10d8d04ffb8ea06dd8a8051cd85ac415b66c21f7b24e0255aa7470d9713530fc
2026-05-28 01:04:37,068 - INFO - 📝 Document mis à jour : e3b648fd3ea19e9b9248d33d5f78cab1e81871feb0ff98522c7a095a2edf08fb
2026-05-28 01:04:37,068 - INFO - 📝 Document mis à jour : eeffa779db6895ca4c64dbd49b8d9ad0fa3d162e990a0051804f7fd99c3ceaeb
2026-05-28 01:04:37,068 - INFO - 📝 Document mis à jour : 4c15e1db8de1d3bf3e78b7fa45fcc196576a1a0206851a5580df92c333e160c7
2026-05-28 01:04:37,068 - INFO - 📝 Document mis à jour : 06cf92f12167321bb2d44df6ab0e060f03f7d1594dd61609d1db67c350e5e1bc
2026-05-28 01:04:37,068 - INFO - 📝 Document mis à jour : 7e257eee7855108dd367975f9276a6ba57c29783456a495c75accf6e89369123
2026-05-28 01:04:37,068 - INFO - 📝 Document mis à jour : 488cb5409e42f82276ff50d9a19dccee7ff73d808082f29737676e7c7044bff2
2026-05-28 01:04:37,068 - INFO - 📝 Document mis à jour : a854bfca408a7ba44f2fd7799d5c94febaebc372567a4f896bce85eea17c4050
2026-05-28 01:04:37,068 - INFO - 📝 Document mis à jour : a85993debad571e3164159ce7c2e015272354e1aaa68f5bd0a545c6b7798e14a
2026-05-28 01:04:37,068 - INFO - 📝 Document mis à jour : 1e0cd737504ffcf40be6bc2b21fc951f31afacabead0a97159acec09bb74a2cb
2026-05-28 01:04:37,068 - INFO - 📝 Document mis à jour : 5b2d0ae6c35c3205c406512fa73f33b7ad439cce90d6810c08f59cbbd1e43eb6
2026-05-28 01:04:37,068 - INFO - 📝 Document mis à jour : a9adcc4875fe63bc7c1cbb336af20ab248b319f171bd0349c261ac6ee47b40da
2026-05-28 01:04:37,068 - INFO - 📝 Document mis à jour : 4184e44b946c0df0e47d55e19c1c2dc367549675c06d47f1eec792b0c8268ceb
2026-05-28 01:04:37,068 - INFO - 📝 Document mis à jour : ae1d63dbbef41bb780c955ae8bd05705f1c82f9ff4b8a6e2b0deea16775f7ae8
2026-05-28 01:04:37,068 - INFO - 📝 Document mis à jour : 2757fd1b018dd4ab30bedc85bd75b923e881d592e77f66a5152a84964eef152a
2026-05-28 01:04:37,068 - INFO - 📝 Document mis à jour : 3475c5ab3f6d373f4291177b832af490e8f2c6d58ba040e299596a27e9d319f0
2026-05-28 01:04:37,068 - INFO - 📝 Document mis à jour : d03adbe0e71f74cde53c2a7d8392e78bc752afb2ac86ac35bb8b6bd65c85407d
2026-05-28 01:04:37,068 - INFO - 📝 Document mis à jour : 33ec71bedcab748c7c8378942f59f4fac7da546c3ca756c49038918540bed9ce
2026-05-28 01:04:37,068 - INFO - 📝 Document mis à jour : 07230f65dc992614a5db7a4ddfd5b32b0d9a58ee60bfebbd639b4d50604e7a3c
2026-05-28 01:04:37,068 - INFO - 📝 Document mis à jour : 887e8848e90c9dcdcaa08ace274ebb2f32b8d4188d5ec4eb16b395c32af1fb1a
2026-05-28 01:04:37,068 - INFO - 📝 Document mis à jour : 53dfe841032826da03122479a561786fe4c9e41ce34d83ffef6d0d3cbff289d8
2026-05-28 01:04:37,068 - INFO - 📝 Document mis à jour : 43459bdbca6462253c8d76faa52329d6bf22ad64e753e28e1dee16fe26cfd659
2026-05-28 01:04:37,068 - INFO - 📝 Document mis à jour : c24143f17eba34c56ec2ab5df3e644e779f13fde508c03dece7c2c349aebabfd
2026-05-28 01:04:37,068 - INFO - 📝 Document mis à jour : 615def5d6e1608cfde85e37970ce4e382623b7f41e086bf96663ce8feb12c7a1
2026-05-28 01:04:37,068 - INFO - 📝 Document mis à jour : a8322d14ffd9d6782eaf6444144f9a17ec36127c38d0c33ac00d16a4ec1ae6a0
2026-05-28 01:04:37,068 - INFO - 📝 Document mis à jour : 34a2d4de86ad0a4846b701885dde4dc1db405f90fa6af9d3f3579abda2ce1784
2026-05-28 01:04:37,068 - INFO - 📝 Document mis à jour : 94da0006b49beeb0058a2d0c4d4124d5599f597195d008ce990f154d9bb60fef
2026-05-28 01:04:37,068 - INFO - 📝 Document mis à jour : 0b85ed25e16fba4fba0d7c961eee03e4b1d95379ed7703e2cb92362e5ecc4c57
2026-05-28 01:04:37,068 - INFO - 📝 Document mis à jour : 853bccbc6f62ba46686f83b47b2b229a2c5c56803d440b40a801d4c2a07af9d2
2026-05-28 01:04:37,069 - INFO - 📝 Document mis à jour : 0c403691eb1650ca4b5981f527a4828d491552573904c015ab6da37f32d69b87
2026-05-28 01:04:37,069 - INFO - 📝 Document mis à jour : 3cbe4a353db41b8b6d81afe4b6ca05131ab161cd50a19d12ef2b54568fc197bf
2026-05-28 01:04:37,069 - INFO - 📝 Document mis à jour : ef72a50e5fd4815f957bce873b069f3b41d9dcd2345c54dcca363e3db5b4ddeb
2026-05-28 01:04:37,069 - INFO - 📝 Document mis à jour : 6f4ee479b043757af05638e2e5c64f03f532ac638f8b75bac3e8a421db5613a6
2026-05-28 01:04:37,069 - INFO - 📝 Document mis à jour : 89e91017475e3d2b2ca9aa38cee766508a7ec87dbfb8145fa213a7584c020fe5
2026-05-28 01:04:37,069 - INFO - 📝 Document mis à jour : 6321debf1e345cbb2a7596ccf50d5152f58d588bb0b6878efb5fc8bcdb6a015f
2026-05-28 01:04:37,069 - INFO - 📝 Document mis à jour : e245c945282615357f66e2d545789159ff1e6e1c3aaa9d7cd03b7b95ed601e74
2026-05-28 01:04:37,069 - INFO - 📝 Document mis à jour : 39589499304bfdac239d961a53ca90e3da3272c846a9fcb73b75736f01cb577d
2026-05-28 01:04:37,069 - INFO - 📝 Document mis à jour : 71536eab00c1a02c1a4765358ab2938a23ec719b7ce1f80e23df8d540ba8fe69
2026-05-28 01:04:37,069 - INFO - 📝 Document mis à jour : ee3c76b9f333b292acba718ed67e64de6f05f3fa9b9c82b923259d97239aa719
2026-05-28 01:04:37,069 - INFO - 📝 Document mis à jour : 32f491a6dc6e1486eeb19fd0731797ab40b6c54ca3c50a0bce7d21094cd01fdb
2026-05-28 01:04:37,069 - INFO - 📝 Document mis à jour : 25262d69aa6c4a454d8b43253ee9440e1d47cfdbef67a97fe688b76b6792dedb
2026-05-28 01:04:37,069 - INFO - 📝 Document mis à jour : 87a48862d3e446c3d7ee87426ff5ffb65922c32933ac97cb9a2f12bcb37bc24e
2026-05-28 01:04:37,069 - INFO - 📝 Document mis à jour : 6ac6107fb47d861bbb7a49ddb7e49299eb09119f63dd8d62132fc473bb1af71f
2026-05-28 01:04:37,069 - INFO - 📝 Document mis à jour : 82e3cf33eaa7b73b86bd1a2bf4c6ce1f438061689311d20147fdc3b020810934
2026-05-28 01:04:37,069 - INFO - 📝 Document mis à jour : 823a999f9cfb01a501e33eb31a6ec9b531ec4979c0dc8a2ff31db8420a44abc7
2026-05-28 01:04:37,069 - INFO - 📝 Document mis à jour : a06d2e238e7844774e4d4849c84894067a9b108b0f423d999b9989d79fbe4f3b
2026-05-28 01:04:37,069 - INFO - 📝 Document mis à jour : ac2cb5058ea02fde54a6ab9b1061b4f387c49ed93bf54c7dd3d19c3e11747cee
2026-05-28 01:04:37,069 - INFO - 📝 Document mis à jour : f32e3a1c801bf2275008d0f05ed04cf74f96a1b3998751596dc8a178af6cebeb
2026-05-28 01:04:37,069 - INFO - 📝 Document mis à jour : 16eab632e1f005caba412f7137ac323907c5cd5d74526bccb3764239f78d33a5
2026-05-28 01:04:37,069 - INFO - 📝 Document mis à jour : 1fcf88595696217917c93e3fcdd8409962c70a82411e142b35254828b92883ed
2026-05-28 01:04:37,069 - INFO - 📝 Document mis à jour : 9a4d83c54583d7367c011d33f8b6016412fa6a5ba7a164ad79696359e96b1499
2026-05-28 01:04:37,069 - INFO - 📝 Document mis à jour : 5a89be601f17245e38de24d979fbd1f83810559eb6c34ed0df1c64b836e0911e
2026-05-28 01:04:37,069 - INFO - 📝 Document mis à jour : bd7bf68875038ac3a49813af3a3bae64e7694cbc7edc5bd8b03fc29d65c457c0
2026-05-28 01:04:37,069 - INFO - 📝 Document mis à jour : dd1e511112bd39fb42efa85c1d45235e49ccbae8f507214e910d4c34d73cba0a
2026-05-28 01:04:37,069 - INFO - 📝 Document mis à jour : 70d8fb93ef2b86789cc9c5b872cfb84544753a4fe260bea0f5a931a77aaa2fe7
2026-05-28 01:04:37,069 - INFO - 📝 Document mis à jour : 8383ede34363aa64bc6f9df4c590c0c5dd4bb2c68859d94b749c438e18a7be25
2026-05-28 01:04:37,069 - INFO - 📝 Document mis à jour : 4cecfac6bfac5009130050531aecc97f555d7f05f1ccf13ce9a9d589b52aef7e
2026-05-28 01:04:37,069 - INFO - 📝 Document mis à jour : b631a2e56cf493e04952c04db2025dfc9abacaf47e1474ed09f7156d9d2f17bf
2026-05-28 01:04:37,069 - INFO - 📝 Document mis à jour : 203be154bf3aac7f5ad9ed5f09f04639d8d628329531de3c6b5185d8d359d977
2026-05-28 01:04:37,069 - INFO - 📝 Document mis à jour : e637612794dafb30bd06d194f1cd6f82f769897276a2476e9647b6d70b82a44f
2026-05-28 01:04:37,069 - INFO - 📝 Document mis à jour : 72216350bf02ab5771b12654012f0c1c2a2e821baf0e7d271d1a59692eb11986
2026-05-28 01:04:37,069 - INFO - 📝 Document mis à jour : aadf20e4b06d773aaa6bd8ed220a20551ea2cf47f416e62a03b517bc7b4d8562
2026-05-28 01:04:37,069 - INFO - 📝 Document mis à jour : 1a72b3fdadfc0f67887ea6ff9b64b892f643c30fc1d62685166962e27ad9706b
2026-05-28 01:04:37,069 - INFO - 📝 Document mis à jour : 134ef0dd7a2acd1082d9371eda6843890bc9b5aa39126245b707a27bdb377e67
2026-05-28 01:04:37,069 - INFO - 📝 Document mis à jour : 8b7f44c44110e2b931e3ca8b496d8f113e38227b444d5e9d86d85f4ed69071c9
2026-05-28 01:04:37,069 - INFO - 📝 Document mis à jour : 7948e3ab32fe3326eabe5ef5a870e0e60a706c0f4122ce85ee22157f0e7a3f05
2026-05-28 01:04:37,069 - INFO - 📝 Document mis à jour : f0941828ec92dcc76be4d11d8695620f69d99e8165a07485797fbf0c0457ada4
2026-05-28 01:04:37,069 - INFO - 📝 Document mis à jour : 3fc8b78eddfb42ae3630c5e4940bd34439551eb2cb14f431021a5846093f0b59
2026-05-28 01:04:37,069 - INFO - 📝 Document mis à jour : cbd23387cb541ae4afd8a75240e82063cb784098a80e5404ea75dc17cd6aaf99
2026-05-28 01:04:37,069 - INFO - 📝 Document mis à jour : c9b5ca1be2fadd979d890a190f82a349cb0a22ff2472394d2b7922a6b894c458
2026-05-28 01:04:37,069 - INFO - 📝 Document mis à jour : 92be207f523c5b5479397ccae7512e54df4d40d892d52b6f7be77e4991a1a96b
2026-05-28 01:04:37,069 - INFO - 📝 Document mis à jour : e0bf4cb077e64cca463a4ce99fa5e47c1e8f6951eb300252a897af8cecd8dc70
2026-05-28 01:04:37,069 - INFO - 📝 Document mis à jour : f847d97ade97cdce8de4442b03ac9ffb3420a7018c460b966e2f3e7a3d3afa70
2026-05-28 01:04:37,069 - INFO - 📝 Document mis à jour : 20247ba6610c5e03fa8ef55166eee28eb729714ff2df1e9a358f7b82154a4084
2026-05-28 01:04:37,069 - INFO - 📝 Document mis à jour : b95fedc35d038971c380d5703c2c2380086dfaaae8b421d94f85113b9975cfa6
2026-05-28 01:04:37,069 - INFO - 📝 Document mis à jour : 160de7c722f3eb979093f7d43029619c15a18410b0a97333145551c4b2e6d7a5
2026-05-28 01:04:37,069 - INFO - 📝 Document mis à jour : 11e6e46de06a86bde90e2a2250b70364627281d63c9db3164f48f0b095967c94
2026-05-28 01:04:37,070 - INFO - 📝 Document mis à jour : 5b248f8e41cb8c22e80c1a53522097cc180803d35bf397c452a6485c655c61ef
2026-05-28 01:04:37,070 - INFO - 📝 Document mis à jour : 34f8a9a22252049929d0970bb9981572e3fe7ea47e887dc42c7c5bfb078e4042
2026-05-28 01:04:37,070 - INFO - 📝 Document mis à jour : 4efd6b395333e740192db9231cf94021cb7763c8720c24d97a7c4672fd9c7c21
2026-05-28 01:04:37,070 - INFO - 📝 Document mis à jour : 74b9ce894faf932b685d798cf9da860e7b4814948661148333d835f7d3fe874b
2026-05-28 01:04:37,070 - INFO - 📝 Document mis à jour : 496e318e8943f9c999798fab14abe052a95d15322ba1a476bf80090d8aadcb0b
2026-05-28 01:04:37,070 - INFO - 📝 Document mis à jour : 7554fd6e04f86b1ea5cd7bfbdeeb1e6235cbbafba41ccafaf1f9fe87f759143d
2026-05-28 01:04:37,070 - INFO - 📝 Document mis à jour : a761f85fe49decd5c95f1d58d78779a25aad886db8d3e2195c706bc32c7fe0a8
2026-05-28 01:04:37,070 - INFO - 📝 Document mis à jour : ccdbf81b34a5ccef42841e5131c5672ead3f7dd211fb36d0c0fe8813a178005f
2026-05-28 01:04:37,070 - INFO - 📝 Document mis à jour : 719026e32d23c683bac8711052bbfbb517da1ab61f5992fb5587d91501a957be
2026-05-28 01:04:37,070 - INFO - 📝 Document mis à jour : 4bba6fa9902e77fc6466ec87df1723ffab8e3cd6ec6c22f689ec367c3aeef2cc
2026-05-28 01:04:37,070 - INFO - 📝 Document mis à jour : 1d8c131e0c0d4bd67fe5c23819d7136f073345b3e04a6c515359b1515afa7012
2026-05-28 01:04:37,070 - INFO - 📝 Document mis à jour : afb49722d2e87453ec3b6afdd792a66aba0546a54a05898294e5387398d95c23
2026-05-28 01:04:37,070 - INFO - 📝 Document mis à jour : dda6f258eb4286ada55c1aca8ae91ac27f79966a44d2a7d2e7bab8c9f8571220
2026-05-28 01:04:37,070 - INFO - 📝 Document mis à jour : 72a7b969eb081430f9c894ff0e7d6ba181bf92ecf32ff480c1b3746e09177289
2026-05-28 01:04:37,070 - INFO - 📝 Document mis à jour : 86fb8767170ea6a39e38b61fc4d622f83be456748010fc52af2eb866cf23b9fc
2026-05-28 01:04:37,070 - INFO - 📝 Document mis à jour : 5760838237ad9d8b038ed5ffdec5bcd1a5dfc36cb0c822fe1738780b48c8ebfe
2026-05-28 01:04:37,070 - INFO - 📝 Document mis à jour : 9a3e43fe3da112a19ab9c7022199499eea7ae57647d0e1fc4e155f681ece1296
2026-05-28 01:04:37,070 - INFO - 📝 Document mis à jour : 9201f7a5d9989e0abef17a04238841abe55c51a23900c3ac4539c30848b6baf4
2026-05-28 01:04:37,070 - INFO - 📝 Document mis à jour : 797842b2887ecb2a077545035fcf8696870b6866228a16e7c7e7cc8f0bc47d08
2026-05-28 01:04:37,070 - INFO - 📝 Document mis à jour : d3f1c0b95198ec2f1d7a8dc00b8397688c92c14751bb2bfe1e58810b9e7abbf5
2026-05-28 01:04:37,070 - INFO - 📝 Document mis à jour : a7f7878990069bb0b03246c84a75f603dfe7f8098af6a2dfd744cb8c1766bfae
2026-05-28 01:04:37,070 - INFO - 📝 Document mis à jour : 06ea07b72170a1749511a728f8cd3defd65c9c0b350c03ad10e579b8bd23a897
2026-05-28 01:04:37,070 - INFO - 📝 Document mis à jour : 8d4a07ab058a4e3e2e9c8e60c65cf26b20fe650a8e0568edab39c37fce7532df
2026-05-28 01:04:37,070 - INFO - 📝 Document mis à jour : 8cf2b8cf15577e7e6df0e3c2a4306d5052bf61add22690be84a7ff7b2fdcfb3b
2026-05-28 01:04:37,070 - INFO - 📝 Document mis à jour : c406d34f18c3a594f168c2a37a75c7d75033b82d84156cfeff1e41621ed58a59
2026-05-28 01:04:37,070 - INFO - 📝 Document mis à jour : 5c913ce80af29b8cea5571bf6e121bf2240496769f64926c356806b648508dfd
2026-05-28 01:04:37,070 - INFO - 📝 Document mis à jour : 24e8dc4e01d43305e70ce85bfce6e44d1e4e13038181c624ccc0b3d3b1ef8e11
2026-05-28 01:04:37,070 - INFO - 📝 Document mis à jour : e75ead2f70a9d5e4be1d5eae8d55c777cc6b679dbc50230f4bce93d5f478bc0e
2026-05-28 01:04:37,070 - INFO - 📝 Document mis à jour : 57a54b13037ddd16686eec905afc9cea3f5d428c1fe6e5c203a9591fa920e43d
2026-05-28 01:04:37,070 - INFO - 📝 Document mis à jour : 358b7f09861a3272536029637aff1c1685f4398c70000a75f2b786fe113b8311
2026-05-28 01:04:37,070 - INFO - 📝 Document mis à jour : a137386db83241a2781897b7ce2f9c21f86127c8cd212dd3c3e5f1954782afa3
2026-05-28 01:04:37,070 - INFO - 📝 Document mis à jour : 1358ae7615dc52b53955081d73a57b02cd6d78b38d9b54ac2de643878072d8af
2026-05-28 01:04:37,070 - INFO - 📝 Document mis à jour : c5aabd9d71d041b36c5768f4f41988def93452805cdcbe9abb0c613fd3b50ce4
2026-05-28 01:04:37,070 - INFO - 📝 Document mis à jour : a82fc730cba2881378985a20dfaa695d325cd43a8520590f639677c70a58dae8
2026-05-28 01:04:37,070 - INFO - 📝 Document mis à jour : c8d193626740c75554e0dcb63c5bc28d5fa5e81204f330c47525a8aa26e1cc46
2026-05-28 01:04:37,070 - INFO - 📝 Document mis à jour : e77a5e430da0452be05cd580bd60741277c87dcf32330af3cf1bbbeaa4228e65
2026-05-28 01:04:37,070 - INFO - 📝 Document mis à jour : 0f359e6d041132937b76fbf75fb3f41279e80ae0ce5d5ddbf59b3d91494afb34
2026-05-28 01:04:37,070 - INFO - 📝 Document mis à jour : 5b368652fd987c09570415d72a32aa93bd57dc0cf7a6d142d04e314a89d0f0c1
2026-05-28 01:04:37,070 - INFO - 📝 Document mis à jour : fe695c98c130141061b1ea68bbf546d35658a05fc9066f1ad1124f7fb83a6277
2026-05-28 01:04:37,070 - INFO - 📝 Document mis à jour : 79db3c38ed40b5de16fa3cd3543c864030b9cf8c406d6a791d17df525bb487a7
2026-05-28 01:04:37,070 - INFO - 📝 Document mis à jour : 862641daa19be50c55d6b73408cab3a0c6269b60ae48970ca2737d0ca6ebf2c3
2026-05-28 01:04:37,070 - INFO - 📝 Document mis à jour : 8afdb22bd5df094e92368e9b14d88d4ff30b0ef32ec77287d2e4b79fa1af9463
2026-05-28 01:04:37,070 - INFO - 📝 Document mis à jour : 4ba60869b31c2850c4b9c5d4bc6f72d1913fb0210acd5fd78526ad47645d90d7
2026-05-28 01:04:37,070 - INFO - 📝 Document mis à jour : 92cebb2479f4e92c6746c4adc1bd068fa3e5b21f155558966cbfb00feacd9bf9
2026-05-28 01:04:37,070 - INFO - 📝 Document mis à jour : 7c68c7e9a5a79b5d02d47d599e53062f48707224a9479a295035a48e8b17c2ad
2026-05-28 01:04:37,070 - INFO - 📝 Document mis à jour : e06fa9a63ca73618178842d38c1c419666fb5a0db6e9d03eeba91b6cc8e02696
2026-05-28 01:04:37,070 - INFO - 📝 Document mis à jour : eb931bdf77d5a9d2bbd27849ad9652fe33fa6444d4e8cf1ab0a61442038c178a
2026-05-28 01:04:37,070 - INFO - 📝 Document mis à jour : 457609f289be54d343eec6e05c03e5e90e489c8cfbe44a5428f049482b2f0884
2026-05-28 01:04:37,070 - INFO - 📝 Document mis à jour : d532769b459709f1ce54306d2cba609c5f662e299defbafd43a7d9a7a9de5dee
2026-05-28 01:04:37,071 - INFO - 📝 Document mis à jour : 1513a193b362fd0ffa6500cff3bb1eb8104d358f03ed2e43f4da351e54a90c57
2026-05-28 01:04:37,071 - INFO - 📝 Document mis à jour : 65fc974fae7dfea7d3fa84d92786de6ad62e4c9b8edbbd33043c90265a437a32
2026-05-28 01:04:37,071 - INFO - 📝 Document mis à jour : 4d415247425eb6d9ac540ad45b2562661e69e95123e02f09980fd2c0b46845a4
2026-05-28 01:04:37,071 - INFO - 📝 Document mis à jour : c62cf608fc38518b0d7c84fc7faf7ae912af1895d5f10e211dc60e4aa98e997d
2026-05-28 01:04:37,071 - INFO - 📝 Document mis à jour : e6fe2460a9426fb4d0d4e1cadb54c923df4187510c375c3df7723bd6e7511866
2026-05-28 01:04:37,071 - INFO - 📝 Document mis à jour : b938a739ccdb1073a7e3a46318dcc429f7abdee2c940b35263e54fb94a5a8df1
2026-05-28 01:04:37,071 - INFO - 📝 Document mis à jour : 12af7990290dbfffb6627f8f52a19ba68ae7d5737da2ca6261501de61c1c39be
2026-05-28 01:04:37,071 - INFO - 📝 Document mis à jour : 38e5409b32fce01aae76fb793cef65853e7e7e3dee11c16721cec8379194988b
2026-05-28 01:04:37,071 - INFO - 📝 Document mis à jour : cbaba6882936c5812669054b9e5d83cbfbeb213e751d3ba649b252bb31db356c
2026-05-28 01:04:37,071 - INFO - 📝 Document mis à jour : 889e864ff601d730febfd0ccd2f430d063033ff6ca48bf2f9f6e633231983ab4
2026-05-28 01:04:37,071 - INFO - 📝 Document mis à jour : 1460176bd739777e272c5763cb8d7e96534329aa769c4c428e0c545ac1aeef6b
2026-05-28 01:04:37,071 - INFO - 📝 Document mis à jour : 7cd7a7f66f151c698521aad949cfbc4aed019b52356727a4f51c7a79bb6102a2
2026-05-28 01:04:37,071 - INFO - 📝 Document mis à jour : 9cf48af9d27de6bf7ce69d8a922ab18b0eafd4b097277ca1ece4dd100f691560
2026-05-28 01:04:37,071 - INFO - 📝 Document mis à jour : 988da0e63c217e39dcb4748e44a61a02b674ff9362d86e1c83603d4e6db4cb59
2026-05-28 01:04:37,071 - INFO - 📝 Document mis à jour : 4c9d9168a0f0eea30dbe08870b6b011271c06a11e1fbff60206a6c77b663f574
2026-05-28 01:04:37,071 - INFO - 📝 Document mis à jour : 510ee0fec07e24c173cc8db98e4a73a0bc89f5ae4b92678a9410ebd9cfa0d2f2
2026-05-28 01:04:37,071 - INFO - 📝 Document mis à jour : 6a140a14c8d091715d75843cb449cb27a7c01b17967e2256da348a3864e1cfaf
2026-05-28 01:04:37,071 - INFO - 📝 Document mis à jour : 1ac615369f8993dedec8a4962c06c47da25f31a741f0773544bcc75c3c128810
2026-05-28 01:04:37,071 - INFO - 📝 Document mis à jour : 64bfa1e7f4143d6beb36e56ef94ba60d2c14f00e47a5fadbdc8a08ef8ac483e7
2026-05-28 01:04:37,071 - INFO - 📝 Document mis à jour : 6566e5c54e0ad6a1540060adeb6ec8d6a021779e09eb7bf36ce5f6fe5c59d20d
2026-05-28 01:04:37,071 - INFO - 📝 Document mis à jour : 141541c53bb189feb1de51ead7cb36d9f14e0aa322250b15066df49cd7a1a915
2026-05-28 01:04:37,071 - INFO - 📝 Document mis à jour : 5bde5cd4827b7db8947d86bcf9604f2b30ab4d6a37b061a63a8ea8c399997aa8
2026-05-28 01:04:37,071 - INFO - 📝 Document mis à jour : 3d8450344afc30640afd16b690078d9d3892bfb280bc7699547c20950f914e5b
2026-05-28 01:04:37,071 - INFO - 📝 Document mis à jour : ea9ac6de7d26ff43327c7d379608daa8e8fc1503e718293c6c7efee5f6853f83
2026-05-28 01:04:37,071 - INFO - 📝 Document mis à jour : eddd92840db7ae3e00ccc29c0b152ffcb91d63a2fa354db5734224fcdc415b32
2026-05-28 01:04:37,071 - INFO - 📝 Document mis à jour : f8ad908f1c2aac1e0b8ce3e3e9b869fba5407ac9d2afa7d97996446d00f41f85
2026-05-28 01:04:37,071 - INFO - 📝 Document mis à jour : f9025f240c55b4e3a143c6d4720e455d11e570d6cdf667a8897ca2fd693b59d1
2026-05-28 01:04:37,071 - INFO - 📝 Document mis à jour : 824ca479998ae2579f786ae01147c943a09b2404123d0eb78b0b457919fe74f3
2026-05-28 01:04:37,071 - INFO - 📝 Document mis à jour : 30e1e8f68610846a826211bda9f4ffcf9d2675592d40896058249422e4dbfc2d
2026-05-28 01:04:37,071 - INFO - 📝 Document mis à jour : 49c36ec4130fb80d82153179c05bdc086e7bfa88b27690ddaeefa468165e1296
2026-05-28 01:04:37,071 - INFO - 📝 Document mis à jour : 8972d9c0da9cd7dcdafa864b27948f79ed8f47adfd903cacf980c6bbe67249cf
2026-05-28 01:04:37,071 - INFO - 📝 Document mis à jour : 15e34138049c724861646e6caeeb49edabfff1398109e11eb89bab99eae8808d
2026-05-28 01:04:37,071 - INFO - 📝 Document mis à jour : a03c323367160a0cddbb2135def7d8aa81504f0d98200b370e60723d0c4ef601
2026-05-28 01:04:37,071 - INFO - 📝 Document mis à jour : 7a22cc123cf6f189111e307ed705487f1dda87ae711ba3c2a6692976b2ff1caf
2026-05-28 01:04:37,071 - INFO - 📝 Document mis à jour : cbb27141e396f7fe4deb28636c9b26a343ddac6bf744da1fdf30e1e0d119d4f9
2026-05-28 01:04:37,071 - INFO - 📝 Document mis à jour : 3f1906e8c30a8038a87c2622e72ead568679e837b4141cd8e29f432d52f85294
2026-05-28 01:04:37,071 - INFO - 📝 Document mis à jour : cea66e8a6fc7d74ab7d83d86ddabc167abd19432296aa5fb07489dbb48cf0281
2026-05-28 01:04:37,071 - INFO - 📝 Document mis à jour : d0073e36a3f5d42fdd1638b85407e2bb7f2dc926e0302eda517171027e05957b
2026-05-28 01:04:37,071 - INFO - 📝 Document mis à jour : 7d0917d81758300503d7371dc83aaaa95c033e763a3424eba20253172b00fcaf
2026-05-28 01:04:37,071 - INFO - 📝 Document mis à jour : 50a69e09d53c67c5d5f9eb1cc7c2763a555392873ba5eb29c5b2740c9c15b733
2026-05-28 01:04:37,071 - INFO - 📝 Document mis à jour : 60e2cac0ff248d3b103a2be04758f90a76574eecacabb8b515e442a3c865b36f
2026-05-28 01:04:37,071 - INFO - 📝 Document mis à jour : a58ca6b1814d0b336474d95dae809447ba3cdebef168f5669391bb27ccf4e658
2026-05-28 01:04:37,071 - INFO - 📝 Document mis à jour : 917b2a7fba50a62b12b43613bb31d04c767d117a1c11f2debb1da2b8c97d1001
2026-05-28 01:04:37,071 - INFO - 📝 Document mis à jour : e545a98e02cce5918cab6aaa2db0940de15b1d0c21f1315ddf69533af917d75a
2026-05-28 01:04:37,071 - INFO - 📝 Document mis à jour : 7b7d63caaf79a96626d0cdcfa4a81b1a40fb2b6e2acb71bbde8958c1814a3c42
2026-05-28 01:04:37,071 - INFO - 📝 Document mis à jour : 4f32e8fdc298066b0f1cfb8e9963535ca0ee893c74a547b156dde993808084e4
2026-05-28 01:04:37,071 - INFO - 📝 Document mis à jour : 915313bc389386f4fb56bee593dea9b3465230493f99ca07c87a21f688ec9c8d
2026-05-28 01:04:37,071 - INFO - 📝 Document mis à jour : 5b624400d3f279ad9f5b3c9bd6e7153f756c6fb0290f620a0a8282ce9109adf6
2026-05-28 01:04:37,072 - INFO - 📝 Document mis à jour : 60f82db1722ec912579aa710ba5a738ae561edc5bb52e7fd06f64ab605bca029
2026-05-28 01:04:37,072 - INFO - 📝 Document mis à jour : 158699007b90494a8c9152ce776d36ed0e2beaf841c8679922ff72ef5392353c
2026-05-28 01:04:37,072 - INFO - 📝 Document mis à jour : de1b481ebfacbefdbaa38ccd3b2e9088451f7ce4170c870a820477dd27a87844
2026-05-28 01:04:37,072 - INFO - 📝 Document mis à jour : bc7a3c51c349be824dbf358da07165b2a36c82a82f639d1b5dd62f699e2aaf92
2026-05-28 01:04:37,072 - INFO - 📝 Document mis à jour : 9c2d6a89e9c30daeba5872c7c12f919f2cd12e8f73ad5295f6f419f9e0a30710
2026-05-28 01:04:37,072 - INFO - 📝 Document mis à jour : 78993db8bd0e90416156c05c24e86f086dc73b88c331b8a52126802f09f6d600
2026-05-28 01:04:37,072 - INFO - 📝 Document mis à jour : 8aaaddabc30ba759f1505edaf2f6a2925bb5ff925393184253d5a48154f173c4
2026-05-28 01:04:37,072 - INFO - 📝 Document mis à jour : 8f61a6f3ba6c96fb8f468a5df14527efa3ff0cfe9dae67692ad4557befdd1202
2026-05-28 01:04:37,072 - INFO - 📝 Document mis à jour : 0621cee11b6b4970a0bb85314d205b2278fdf2ef35d32d4982b126aa35940da6
2026-05-28 01:04:37,072 - INFO - 📝 Document mis à jour : 5f3d0d7575c20a13ecfd943ebd5309e7ea75eacbae196b004569c064e9b12530
2026-05-28 01:04:37,072 - INFO - 📝 Document mis à jour : 15272032308f9d589e63359539b94aee85d05aa7c66dc2691f5af1fe7c14907b
2026-05-28 01:04:37,072 - INFO - 📝 Document mis à jour : a5c4a9866f3ff233828161cdaf27b3e74588e8669ef31d3828b0d08f5582690f
2026-05-28 01:04:37,072 - INFO - 📝 Document mis à jour : a510eb0536ca69c6bcfaff5b40838da6f0a009f955105dbf238b33292bada218
2026-05-28 01:04:37,072 - INFO - 📝 Document mis à jour : 98a54ceed7cfbdcf8366d1f98f79c51f235d6aa234d88994cd9ce66fa41563ce
2026-05-28 01:04:37,072 - INFO - 📝 Document mis à jour : 566f15118731ca7b722337fbea0d8f67e44edf695e719960714c190bab5520a2
2026-05-28 01:04:37,072 - INFO - 📝 Document mis à jour : 9424fa641e1175aae4893b7bc650f329614775debc7bf7d6f930ae8a9999420b
2026-05-28 01:04:37,072 - INFO - 📝 Document mis à jour : eadf7a031e62686e3560f23b0546c425fbf2a3c83b19349edd0a929a8724d9d6
2026-05-28 01:04:37,072 - INFO - 📝 Document mis à jour : 26649943f6be3f11a35d5fddc8ec23c33b99c977c6c3dd0a4c437864166d1220
2026-05-28 01:04:37,072 - INFO - 📝 Document mis à jour : 200549f5bc8363860fe1344ab136558f04be79483e80a96ec7a814bd383cbbcb
2026-05-28 01:04:37,072 - INFO - 📝 Document mis à jour : a35c689c19b2867ac315033b8068307cde7373c6b898dbe090588e35904e3eec
2026-05-28 01:04:37,072 - INFO - 📝 Document mis à jour : e417e0d52c2ec550d6b7416d73b7cb09af3543a7477a99ae7c8e817d2efc7348
2026-05-28 01:04:37,072 - INFO - 📝 Document mis à jour : 38212f48b82e708de310747aa4e72bbdc2b28b7770a5870e473ce840862fd21e
2026-05-28 01:04:37,072 - INFO - 📝 Document mis à jour : 879720ee3f91b7104a68fd931bdcd091fd9e605354b45ee96e7079478e4e6be7
2026-05-28 01:04:37,072 - INFO - 📝 Document mis à jour : b67d242b9c401b29cd35f39b6134a9696cc6099be2e98cf3da01cccc5bcd910e
2026-05-28 01:04:37,072 - INFO - 📝 Document mis à jour : a5fb1df8d249527b79abe3b7fb791d2334c5c322f81244ee39a866b1c2dac982
2026-05-28 01:04:37,072 - INFO - 📝 Document mis à jour : 17adcda62ba101201d5f4abcb1393cfb126a0c24fc3f965609c0caf8c52ffc16
2026-05-28 01:04:37,072 - INFO - 📝 Document mis à jour : d90b15dbd838eb0c4daa7142c4693f6410e29c538efd97dfef3a20651012bfe8
2026-05-28 01:04:37,072 - INFO - 📝 Document mis à jour : abfabe272ab4aa52581c99dbfe1d9bad321856da135786cbf442d651d2b78320
2026-05-28 01:04:37,072 - INFO - 📝 Document mis à jour : 53140d2480cd76c8c8c9fadb8d911394eb3d033553648719c79354d427b7f17f
2026-05-28 01:04:37,072 - INFO - 📝 Document mis à jour : a5261a731f701bb8d6db93e52f13bfefe67f7c89d6c50af899fdd7bcba292fe4
2026-05-28 01:04:37,072 - INFO - 📝 Document mis à jour : 95950575f20c2b50a4ccd68979520389009e5b4e474f1f046551132a79ec2b22
2026-05-28 01:04:37,072 - INFO - 📝 Document mis à jour : 691cb1f20112f7542044a37daac6534f9cd8ff3a1ebe32c710f928a319ac7715
2026-05-28 01:04:37,072 - INFO - 📝 Document mis à jour : ee18ac22c141284ad514f9637fbbd89e348ad847397f424f7a29f9dba26fb036
2026-05-28 01:04:37,072 - INFO - 📝 Document mis à jour : 7520dbe539042792e7b6ff3f9482b46b17918016f4764954a78f14371f7921ca
2026-05-28 01:04:37,072 - INFO - 📝 Document mis à jour : d599b54fd05e6a5f453d5f1bf033c238324d9f201775dd99fcae4cc3539300da
2026-05-28 01:04:37,072 - INFO - 📝 Document mis à jour : 0dfcdeda86ca78d422fc202a7661e8d220cf18bcf9ca1c1cef9918bf97707f01
2026-05-28 01:04:37,072 - INFO - 📝 Document mis à jour : ff8cf6e57230a8007acb6dc590761214089c38f26d161d2d8357bd8cd6316dca
2026-05-28 01:04:37,072 - INFO - 📝 Document mis à jour : 9260dfff375b640f04f4ecbb46dd005bf677a29b2a2faadbdb23d648cdfb2511
2026-05-28 01:04:37,072 - INFO - 📝 Document mis à jour : 2bf1dd02bbaa1d65def4241044ab633a7696f998bd2adc5f01036f0b10f1deeb
2026-05-28 01:04:37,072 - INFO - 📝 Document mis à jour : 7bce4e0bd94c5056742cc3f1d555472c93402f7e2b2933c9d18962f58391e72f
2026-05-28 01:04:37,072 - INFO - 📝 Document mis à jour : f9aa9f655ebab789e38e7521971290356088184980bd92416ffcfb5df9e03e44
2026-05-28 01:04:37,072 - INFO - 📝 Document mis à jour : 38cb690f64c5bac7bb6b921439605e8a295a8ff960af61c7ae8a69de85557a61
2026-05-28 01:04:37,072 - INFO - 📝 Document mis à jour : f5429f605fef18fbffb54efb720ac5a65d75570ee34ad868eebbfab43094824f
2026-05-28 01:04:37,072 - INFO - 📝 Document mis à jour : c3bd035ed5481ab4beb7e2b10e09bc3fb14fae3e54afd197fa5fd6f7b19256e4
2026-05-28 01:04:37,072 - INFO - 📝 Document mis à jour : 732dfbcd425e55990ceef143988cd8e5108aaa5525696dbafb1bc71d3a2e8a37
2026-05-28 01:04:37,072 - INFO - 📝 Document mis à jour : 36c142e493dc680f01f8aab924675dfefddaa7038b8b662be0af7b5d0c7d6475
2026-05-28 01:04:37,072 - INFO - 📝 Document mis à jour : ae4237ffab7587513c60dbbfa8fa98b9218c75f448803c9034071a37c12596ce
2026-05-28 01:04:37,072 - INFO - 📝 Document mis à jour : ef02f3d7a4f578724ec417de52305e51ef6a1099316d266c55467bb671c2a89d
2026-05-28 01:04:37,072 - INFO - 📝 Document mis à jour : 6e5de640e6b38b9b5ed970035bdca225fabeca6df2ae0d0b6b8cbe78ba1cb1f8
2026-05-28 01:04:37,073 - INFO - 📝 Document mis à jour : 6b84a18fd9629bb0ed832a26c6247af9c42c71ad750e468ad4d2ce70cbbab48f
2026-05-28 01:04:37,073 - INFO - 📝 Document mis à jour : 97137376c583fe29b9c9e852cbbc4f5c11e1cec06b44d817ae828c196c265078
2026-05-28 01:04:37,073 - INFO - 📝 Document mis à jour : 43e245c12050807245bdee6144b945ff494f035931a5c417dd34db79fdeb15c7
2026-05-28 01:04:37,073 - INFO - 📝 Document mis à jour : a52f340b25fd2cda9e4c330178c334ee50a22be2908c35404bee5f28fe58a491
2026-05-28 01:04:37,073 - INFO - 📝 Document mis à jour : 0daeabd34e76467b07edeba69f1feedda34a6f1273434ce1e45c00d9d5154ca9
2026-05-28 01:04:37,073 - INFO - 📝 Document mis à jour : 9341381e6db6c0ad1e13281d5da6eff03bf93a8ef74812133733a73a49fb0332
2026-05-28 01:04:37,073 - INFO - 📝 Document mis à jour : 23de19d0447c0066eded30db5784d4f30e0eebf7241794cb14b2f99335e8cb30
2026-05-28 01:04:37,073 - INFO - 📝 Document mis à jour : a187563d3c400a01e0ff7ffb4ef98326ea12e0e3bbff5f27febb74a674ab4781
2026-05-28 01:04:37,073 - INFO - 📝 Document mis à jour : b2d1e1e80bcee7b750632ed716245621d3185a6075bb8a22c7fc10208612b5b7
2026-05-28 01:04:37,073 - INFO - 📝 Document mis à jour : 6d9847c18d3e69948859468719862c02148a45eb9f2cb496824c33babbd95101
2026-05-28 01:04:37,073 - INFO - 📝 Document mis à jour : 7c4b52da082dca03dccc868f15c17c1a571433554d3b3e0e5d805a9893aa479d
2026-05-28 01:04:37,073 - INFO - 📝 Document mis à jour : 14952ae93c17cc39e332f7bff8ee0c06312e8a60d1ea771d7dc88ec24d668895
2026-05-28 01:04:37,073 - INFO - 📝 Document mis à jour : d85d88f411cf2aec95d42942ad9b28f02e07a438c390a6b10a84fb996c7ad4a1
2026-05-28 01:04:37,073 - INFO - 📝 Document mis à jour : bf446cb441a94099a1399d2d58ac333b4cbc39392219b02a8c55a4dfaa2f53ba
2026-05-28 01:04:37,073 - INFO - 📝 Document mis à jour : 28ca2cacc97b2a08d418c5aebe9b06430fceb0e0cb521b62bc8d98bad5631874
2026-05-28 01:04:37,073 - INFO - 📝 Document mis à jour : 278acebb7c0dac43ddf42581a4759a1c666ac253fe021e3b85243804058278d3
2026-05-28 01:04:37,073 - INFO - 📝 Document mis à jour : b7efe7ca3243d3d4c96b58dc9075e91715e8bcec9920d1935063dbb07398e87d
2026-05-28 01:04:37,073 - INFO - 📝 Document mis à jour : 2812f4c1767f6ef44e3ef99875b9fa86637c67ed3d8335729cf8d5f49de0de16
2026-05-28 01:04:37,073 - INFO - 📝 Document mis à jour : d6170010a838db31f07ed86b540c8a60d397873644552aa6d1b4928622ee92e4
2026-05-28 01:04:37,073 - INFO - 📝 Document mis à jour : f57bd09c110c0419c4a9dc8a30e48ca0c7b4255fe1cdb146f000cf4c373c06b2
2026-05-28 01:04:37,073 - INFO - 📝 Document mis à jour : 98aedea45537149173a1961b2dc2ec368d2030e40d8c65af2e74fa6d0764c25f
2026-05-28 01:04:37,073 - INFO - 📝 Document mis à jour : cb41e1598d45e320c88844188675527e6cbc52055d2ad6d52ed971adcdd92eca
2026-05-28 01:04:37,073 - INFO - 📝 Document mis à jour : 8fb9ff63cc2d4ac16382a36cbdb638b5504cf66b9a05383dd7438579e003bf24
2026-05-28 01:04:37,073 - INFO - 📝 Document mis à jour : 46d5fcac6291b73e3a2e1925648eea544d23b2c20c1baf00e757f6f2042666e3
2026-05-28 01:04:37,073 - INFO - 📝 Document mis à jour : f46a88329a2e582ab9c20bcaf7edea89a59abcaa808242efb60d99981314ed2d
2026-05-28 01:04:37,073 - INFO - 📝 Document mis à jour : 93c55e9cc2d6bb5da0a74fca617cd90dfe20deeba3fbb55e7dab5dc7fce180d0
2026-05-28 01:04:37,073 - INFO - 📝 Document mis à jour : 2c38b8f50c968cdb185066e9cfd6c8614de77fb6d7a30d8c7d64bffbf4624222
2026-05-28 01:04:37,073 - INFO - 📝 Document mis à jour : 3c6685aba88f92042aa298dceabf94805fb5122b1e32004ade57fab1429cc549
2026-05-28 01:04:37,073 - INFO - 📝 Document mis à jour : bfdbe6c25f2f262381fbf74a15b9781b787ae1b8075589d3d55529107b686979
2026-05-28 01:04:37,073 - INFO - 📝 Document mis à jour : 3ad4359a0cb222a0c29bc1d9c2ba95089206b9509ad8e74951d246cbe79c70b5
2026-05-28 01:04:37,073 - INFO - 📝 Document mis à jour : 68c2a6c53f14100a13c6e8f5c79f84043e8ee47ce3b8838266a7867669294721
2026-05-28 01:04:37,073 - INFO - 📝 Document mis à jour : bc20feb84138d1ddc18251dea98e9922973e82f5ee8bd0ca41e47af9c683a675
2026-05-28 01:04:37,073 - INFO - 📝 Document mis à jour : 36bed06f9b1daeb024549f6c583943d99d5f1412e6c44a8c7177915d08aa14d1
2026-05-28 01:04:37,073 - INFO - 📝 Document mis à jour : 5366b8c4b9411110eab17bfcc6e7c3c370621896e64e5274d7187399219f36cf
2026-05-28 01:04:37,073 - INFO - 📝 Document mis à jour : 7279a42cd38fb1653d3b3ed792393d98f93edc2c44d9315383e3dff15c0ba7b5
2026-05-28 01:04:37,073 - INFO - 📝 Document mis à jour : 983bd9b8b1b4e7e40a324554545bbd5a848f3067572e6d0761c19b59b49437e9
2026-05-28 01:04:37,073 - INFO - 📝 Document mis à jour : c692334d3e09e1ee6b00cc20c6ec7671163afa01a4586baa2b01494a5e0631f0
2026-05-28 01:04:37,073 - INFO - 📝 Document mis à jour : 22d84fea8269dabd96e641771da9b3410da190cf8d5393f4e8e18b4ae739c14d
2026-05-28 01:04:37,073 - INFO - 📝 Document mis à jour : 98919e9e7ac0c9d730ebbdf1d3afeac0e5cfce884dae08a4ee37726fad74fd02
2026-05-28 01:04:37,073 - INFO - 📝 Document mis à jour : c88f849bfb2570cdb2df27f4bc0702a907f6aa41e154d88c7576e18dcc0ca588
2026-05-28 01:04:37,073 - INFO - 📝 Document mis à jour : 5185bddd969e3cf8cc0481eee887982143f659282fb0727eb222c1ff585302d9
2026-05-28 01:04:37,073 - INFO - 📝 Document mis à jour : d8896b68a1fff4c3737ac13f9ec4a90e5bc6e97ee73a08113ef3d31ae220b9f9
2026-05-28 01:04:37,073 - INFO - 📝 Document mis à jour : 1e646149000607972cf2c76af3348e1440b14c1d2415e82ffdec271e919e23c7
2026-05-28 01:04:37,073 - INFO - 📝 Document mis à jour : 6bcbb2190e1adc2ba3ef22fbbae5179c2bc89a42bae4a2f483c88cb14dafaa12
2026-05-28 01:04:37,073 - INFO - 📝 Document mis à jour : 96e0b40f61eebf0ca5176a8c9994c38060212b8ab9c281b43aa087d1c30c1a87
2026-05-28 01:04:37,073 - INFO - 📝 Document mis à jour : fdc6ca461e56b4d6a20989eaab77cd023ff6dfa0aae26753190e571083f2319d
2026-05-28 01:04:37,073 - INFO - 📝 Document mis à jour : 41d9c2ae8c937a18e1f2b7b3f2e2d4e7cf4ac7c83bb4d0df155c13070ea23566
2026-05-28 01:04:37,073 - INFO - 📝 Document mis à jour : ed3e4fe37500f31500109f2e4ae450ee3a124e7a8b6abb269a54d7b9e60720cf
2026-05-28 01:04:37,073 - INFO - 📝 Document mis à jour : 1dd916495163aa6028df4c71a8dc77d4e3016faefb323ab66fbebe56f0bb18ed
2026-05-28 01:04:37,074 - INFO - 📝 Document mis à jour : 7c492b24ebe742dcf4d81cd95b5deb1077b30dbb6a506e1f457d67b9fa18611c
2026-05-28 01:04:37,074 - INFO - 📝 Document mis à jour : 6b12da1777acdfcbd0fa6d2e70f8b19e4b75cc6548cf17bde96f3ac246775aa8
2026-05-28 01:04:37,074 - INFO - 📝 Document mis à jour : 2a0d4a633d4049b3b60035849ed97e273211d7eac8574270f0b8ced625922f3d
2026-05-28 01:04:37,074 - INFO - 📝 Document mis à jour : 3413a73c3daf1d9a5321c8b3ddd4eaa5803d28a31eff21c2061b962761f7bf1d
2026-05-28 01:04:37,074 - INFO - 📝 Document mis à jour : e458459657f35733871abfb1a411f63e11e93fc70dfe94817bfe0b45f13e8334
2026-05-28 01:04:37,074 - INFO - 📝 Document mis à jour : b32adba30f86740ce6943e1ebee742e1634865a9d2dae1afabd098234a3087b7
2026-05-28 01:04:37,074 - INFO - 📝 Document mis à jour : f9d70c10affaf7a82d621fc5ccdd66b8539b1452459d294f703665f1df18a5c0
2026-05-28 01:04:37,074 - INFO - 📝 Document mis à jour : 05fadc21c22bb937fc938baa7ded4840cb52ba139d75ff74a5ae0ccaf17395da
2026-05-28 01:04:37,074 - INFO - 📝 Document mis à jour : 05351d88c53621780a62153e45e0837ebfe8b33882f12bd82233cc9c70c8b2f9
2026-05-28 01:04:37,074 - INFO - 📝 Document mis à jour : f52030df556d71da6798748723b8ee8195e27c6682686c46950a6863aa24bd03
2026-05-28 01:04:37,074 - INFO - 📝 Document mis à jour : ddf6aa5d857b5c2e93e43d8d82a86073112be68de0362805aa2f7673a5be3aeb
2026-05-28 01:04:37,074 - INFO - 📝 Document mis à jour : 15ce6cfdd266d3a75c7d472088f043f972d8a8e2e69a2c8b87c79c5fa2fe84c8
2026-05-28 01:04:37,074 - INFO - 📝 Document mis à jour : 8f5e2e8a195b68947b9049f9ff54ec5db1a34bff77fc46a0510ad8a3c37ee77c
2026-05-28 01:04:37,074 - INFO - 📝 Document mis à jour : 8b5d18b60188b6a7cf1aecaac67aa696d9d0f1dbc4849ab93d87aeeeb6ee3b87
2026-05-28 01:04:37,074 - INFO - 📝 Document mis à jour : 670e910afc30db2d5c4e701cb6622da465d2f88ec7690cef36f71a4364e19702
2026-05-28 01:04:37,074 - INFO - 📝 Document mis à jour : f444106c1bdf2719cc7f76516452fd412ddcc06050417eeaec44f0eac67f2736
2026-05-28 01:04:37,074 - INFO - 📝 Document mis à jour : ad9834872b2c33a79b1e6a5da84d9ffe8a36912604db11dfbe0e2ef275d8f15a
2026-05-28 01:04:37,074 - INFO - 📝 Document mis à jour : 48404392efdebe2c8eddf9b1b1c5b7c03e3958f19b72b1a3a0ed60743617de1e
2026-05-28 01:04:37,074 - INFO - 📝 Document mis à jour : 1ae9771ef41b9b075903298bcafeafeded07396c50ff918f22fcff3d024f7139
2026-05-28 01:04:37,074 - INFO - 📝 Document mis à jour : 4748a0c1b12e3d03e8314468cd2f7816c0261ba8e9683c3e0d187541e9246ace
2026-05-28 01:04:37,074 - INFO - 📝 Document mis à jour : 2febd8519bb5377f033a5c60f581f1d921491d20a90cb11dc681b7cbc1b0640c
2026-05-28 01:04:37,074 - INFO - 📝 Document mis à jour : 469a7731ffa3632647fb4142ac97e9ae412f22f60ce46af3b9c35d60626c7cbf
2026-05-28 01:04:37,074 - INFO - 📝 Document mis à jour : e664224d5ea38b5ef7d138791367a66929c95af5f5ac7e2c0284a02207e4dc7f
2026-05-28 01:04:37,074 - INFO - 📝 Document mis à jour : d23ea1092f273f2cedbbcf069e976aff79d96318d6baa22a1400066c13021656
2026-05-28 01:04:37,074 - INFO - 📝 Document mis à jour : aa2c0f9e7213cf5119d70100f7747df3b569bd983a248a3194922edfe9704056
2026-05-28 01:04:37,074 - INFO - 📝 Document mis à jour : 1343419eb6f6fb044238070785ab0049f30d377fc185aeaab16e07c4bf6fd708
2026-05-28 01:04:37,074 - INFO - 📝 Document mis à jour : 4cb390d438094327bcf11fcaaf7d47b24d8fbe06ff54a517a77838e3eeb76990
2026-05-28 01:04:37,074 - INFO - 📝 Document mis à jour : 728b16a21d4f9766d4f408bf9ad09ad25ae5509fd10dc1496c574341fa8400a8
2026-05-28 01:04:37,074 - INFO - 📝 Document mis à jour : 1d10e21649d60136090371479b4ab1e4b62748fa698287b137a52931c1cb3cd0
2026-05-28 01:04:37,074 - INFO - 📝 Document mis à jour : 21efd727ddf9c30405281a2b1b05b3c465a48ebda14f9cf94ccb7eaa1f379fd8
2026-05-28 01:04:37,074 - INFO - 📝 Document mis à jour : e1e7708a4439c93a9fd3cdaa7b7d5bad3ce397c330aa25c907658b41c10e745d
2026-05-28 01:04:37,074 - INFO - 📝 Document mis à jour : 5a2710669248acc709edb607deefbdf009178375d8867699907132a837ba4012
2026-05-28 01:04:37,074 - INFO - 📝 Document mis à jour : f4158b65f493232d8ec7030a8c73be378b6f50cdf3a7a167b92e89f906fc226a
2026-05-28 01:04:37,074 - INFO - 📝 Document mis à jour : d0198dee9d13a606ec91babed8fc44634bb07fde0e3380ee21e0a6d4d93b8253
2026-05-28 01:04:37,074 - INFO - 📝 Document mis à jour : 8bf8d883706eaf8c21ebeeb9a8dbec351d5704cfd1934f180c85d68f26546233
2026-05-28 01:04:37,074 - INFO - 📝 Document mis à jour : c4bfe1a38cc1819dd4b61c13f1f10af8bcbb6176008d9f162d3d9716472cff96
2026-05-28 01:04:37,074 - INFO - 📝 Document mis à jour : 9ff734271902bf2c2dd950fed8c28d3fb9a92913930ee25fff6279ae93c84c2d
2026-05-28 01:04:37,074 - INFO - 📝 Document mis à jour : e354d91fcfd4c66485c862fc2c245eaf80c0a1102b1dc837356c5c003c6b84b3
2026-05-28 01:04:37,074 - INFO - 📝 Document mis à jour : b655249cdb17a896c1dc4c00928ccd4cdea1e8662c3245ed1565ccdc7a94aba1
2026-05-28 01:04:37,074 - INFO - 📝 Document mis à jour : 8e03ff14c74316e0a27b6b0cc0550903b373b32c16791b390c6bdc26da05c427
2026-05-28 01:04:37,074 - INFO - 📝 Document mis à jour : ebfbacdb03e77e21c66043e50951fc1c51fc0611767d1768a7015db508063c06
2026-05-28 01:04:37,074 - INFO - 📝 Document mis à jour : 60798dadd9b722b5f43de1c98c59f6dac22a74e21c2b807fb532e8950eb0c9a8
2026-05-28 01:04:37,074 - INFO - 📝 Document mis à jour : 3d5c8b32ddbdbbe05b76ee3d0edb9874ad39eda1ab8abbd33f3c4b452e54bf8a
2026-05-28 01:04:37,074 - INFO - 📝 Document mis à jour : b406d9553c308c7f56fee6947de70c7ad0f86018a015c420c1874a6371c89a74
2026-05-28 01:04:37,074 - INFO - 📝 Document mis à jour : 5dcdd9397b11dc6767734cbe4cb877b660e5f606f1e7882a10f7ec83d2dcad55
2026-05-28 01:04:37,074 - INFO - 📝 Document mis à jour : e4023cd7299808f52780e1ce684c9a55906a2ba7c1d0975f76a7e2a0a46bafdf
2026-05-28 01:04:37,074 - INFO - 📝 Document mis à jour : b0e3b886e5f8853f805973ace6e33cb4b3aa2d9d937f68cd59b8c475e7788c9a
2026-05-28 01:04:37,074 - INFO - 📝 Document mis à jour : 6bdc4ed405cf0997d7af1de75c886ff9780623eb3649fc75377555b25686c6c0
2026-05-28 01:04:37,074 - INFO - 📝 Document mis à jour : a40177c6d84c8c62dd2321ce1af77f0720b6524d5117d259cefbf0bbcb71275f
2026-05-28 01:04:37,075 - INFO - 📝 Document mis à jour : 5cde028361fca27a343f7d4d49eee8333fb542838821e77bd695eb9503708d08
2026-05-28 01:04:37,075 - INFO - 📝 Document mis à jour : 6288268d342e3f048062574630c6bc2a7281a71d4773e3a0266b728ec467ae62
2026-05-28 01:04:37,075 - INFO - 📝 Document mis à jour : c9524e22a07fb86c8ac5ec4f67de7b9de7d9131c5a2f57834298dde30ac3aa30
2026-05-28 01:04:37,075 - INFO - 📝 Document mis à jour : 924e5307277a3539c5d683a81792a681773d0481e061779714202b8328e38dde
2026-05-28 01:04:37,075 - INFO - 📝 Document mis à jour : 06903d61efe62d7fdcaa9686c4b1e412b825c401ca39e17cf12ae329092d9f6f
2026-05-28 01:04:37,075 - INFO - 📝 Document mis à jour : e39ba12d087d5461cd8719c4be4f0637186070773079f7a10d0e718fd7901e4b
2026-05-28 01:04:37,075 - INFO - 📝 Document mis à jour : 4a36689ad56a815c8b78d29986f9a979adc5139b5f73cb6b4cb4285736825454
2026-05-28 01:04:37,075 - INFO - 📝 Document mis à jour : 2051465571e07991fd3a34794d638b5311a55852917b083c5fca94996e6fd7b4
2026-05-28 01:04:37,075 - INFO - 📝 Document mis à jour : 4184e642587a8b50123a1723e9d92fba7a1088719955de412e0d9d049c2595f5
2026-05-28 01:04:37,075 - INFO - 📝 Document mis à jour : ff6cad27cc5ba9d9537fd42f2c8a7dcc4277da7f6511f4e3badc81957452daee
2026-05-28 01:04:37,075 - INFO - 📝 Document mis à jour : 76fe4338c1d1112653cff53b4a797e14a250fe18ebdd54b67975684eb6589ffa
2026-05-28 01:04:37,075 - INFO - 📝 Document mis à jour : 23c0d294bef3bb516d5942fe8a9413c5747843e9a54e13d8ce94629fc92c8a96
2026-05-28 01:04:37,075 - INFO - 📝 Document mis à jour : f7d9fb77c72692c01f822f1205c6819a508bba73cbbf5fccaa027a674a0a0609
2026-05-28 01:04:37,075 - INFO - 📝 Document mis à jour : 9ca0c3a45169698b9b9e7e19d74d857410191e4a7fe1dfcd585cc0d1a8a708f5
2026-05-28 01:04:37,075 - INFO - 📝 Document mis à jour : 09241a2195ec4622f8f88b3f28c98d88a8f815bb114d2ff2324d28e56470bb98
2026-05-28 01:04:37,075 - INFO - 📝 Document mis à jour : 65eb0e07620eabcf766098096a84bf58d57c079b747578db873eb8c41f811b62
2026-05-28 01:04:37,075 - INFO - 📝 Document mis à jour : 3fe7170ab00d0f18e30accec43368af4b235551ac33ba0e58ad8120ac2505eb8
2026-05-28 01:04:37,075 - INFO - 📝 Document mis à jour : 83ad8acd4a9b01501215ac7a5f9181b668c292725ab910254e5ef59aeafdd119
2026-05-28 01:04:37,075 - INFO - 📝 Document mis à jour : a896effc48ca9ae88fdecc931a3f5cf7c772c0ba45d3d603a002d90fb900fd1b
2026-05-28 01:04:37,075 - INFO - 📝 Document mis à jour : b2954fac3d7d5f12f768bdcb906b7a36f026b35d81bb0b54c3ab038ab39e23e4
2026-05-28 01:04:37,075 - INFO - 📝 Document mis à jour : b8b146e9aa7c4788f5703dc93bd28c5094f94d4d4b010d3b85f62b21f653fe6e
2026-05-28 01:04:37,075 - INFO - 📝 Document mis à jour : dfc9e577dfc353ad78d506e6e3f3386c1365d5246d2d305498e93b0bb1ded03a
2026-05-28 01:04:37,075 - INFO - 📝 Document mis à jour : a35e7f395dfcad4a029cb430acdf45c0e2723c52f1629764e90e6bcae834b973
2026-05-28 01:04:37,075 - INFO - 📝 Document mis à jour : c22caf0ecc42c9f0c5c76e3abc51394590bef86ec757870bd35e9ff64e5e8985
2026-05-28 01:04:37,075 - INFO - 📝 Document mis à jour : 7ece0c4bdc58f498fb78be453a5e6ffdd8242537e07339c5b5370f787a8f128b
2026-05-28 01:04:37,075 - INFO - 📝 Document mis à jour : 1763eb6fae15cfc57ee37ccb8db2d60c2f0b7862b75f2b21fe2d032ac1f03e9b
2026-05-28 01:04:37,075 - INFO - 📝 Document mis à jour : 3681dd6469dc7b6c7a97f72b8b4dfe6167f51c69c5ce22e553927b8c18dc7d67
2026-05-28 01:04:37,075 - INFO - 📝 Document mis à jour : 73eb3b0dc8895af8685ced8a0c16e69c35acd71cb0a9df8d19bca089ee39f2d3
2026-05-28 01:04:37,075 - INFO - 📝 Document mis à jour : 539dcae6a2f8b762f747b0378cf9b0a139c2044257685304868d168b5d93ba42
2026-05-28 01:04:37,075 - INFO - 📝 Document mis à jour : 76ecd38a77451dc75f941ec9fa393b677b2a7b027151feae11b76ebbbfc7dff5
2026-05-28 01:04:37,075 - INFO - 📝 Document mis à jour : 80e108e45befbdf3a213271d84d44e87ca1391a5a21bae245117e97a3051ebff
2026-05-28 01:04:37,075 - INFO - 📝 Document mis à jour : 9e169cbff872a14c63e4f701a466962046126d1090a7970f21abfbc527dc3140
2026-05-28 01:04:37,075 - INFO - 📝 Document mis à jour : dd311e58087c23d3f6091c0c937fce64af444143f31dc7f9971d6f67c378c8a3
2026-05-28 01:04:37,075 - INFO - 📝 Document mis à jour : 10861f7e2fec2fea1843af87b5b9d0dfde33b706bd787f6c94d310d4ef3b3f2a
2026-05-28 01:04:37,075 - INFO - 📝 Document mis à jour : b79afd3d8147b0745058ca9a8d1d45a785b0a8bb7aca8acf77302e7644abb089
2026-05-28 01:04:37,075 - INFO - 📝 Document mis à jour : 6e61cd43a687ebbe1caa0e8993f6814068b7ee7a8281ca47c5fceb9f7694e2f5
2026-05-28 01:04:37,075 - INFO - 📝 Document mis à jour : 94a23dfed052262efe76b2ba5e9e7757a0269ff6c769323ea5589fdf753a2b62
2026-05-28 01:04:37,075 - INFO - 📝 Document mis à jour : 6f26ac9d32e8f3fc99cdc126baff03d6e841171726ef923ac0178e4592f6908c
2026-05-28 01:04:37,075 - INFO - 📝 Document mis à jour : 8a0e8d23987923190b58f65c6040010c6888595b0bdf27a3eee03566f52daaad
2026-05-28 01:04:37,075 - INFO - 📝 Document mis à jour : 5d9f6fcad71e7612d45730532feeb541c4369e110c242ac062e010f135100cc3
2026-05-28 01:04:37,075 - INFO - 📝 Document mis à jour : ea884e397c01fd1dc3bdba08a7074cf4e86ad45a8ce8787f69ecccdbbf1a7e6f
2026-05-28 01:04:37,075 - INFO - 📝 Document mis à jour : e3ecdf1e90d9ae10f3e859ea154e1281feb70501edb41f7ef7a117f7836eea8a
2026-05-28 01:04:37,075 - INFO - 📝 Document mis à jour : 6c62e6bd33d7e7a9cb14225c05ec66800890b5930105084abc5391ea62c4009c
2026-05-28 01:04:37,075 - INFO - 📝 Document mis à jour : 6943e770390036ec4a54e2dcaef89c2b7ef060afe2fe289b98ef784184644244
2026-05-28 01:04:37,075 - INFO - 📝 Document mis à jour : c5787868e67e6a823f43d02914089755d607a9bcd08f821aec91e9d39db21752
2026-05-28 01:04:37,075 - INFO - 📝 Document mis à jour : 4c5ce9b6d5d44875886838624243089ac52c619916662ec10b338a75e3338f0c
2026-05-28 01:04:37,075 - INFO - 📝 Document mis à jour : 2b7f9a7c0926f5cb7c0e855115be69385fc60198c69cfab8db5a4e4791188f01
2026-05-28 01:04:37,075 - INFO - 📝 Document mis à jour : 820ba53c5063c6ffda5b3c56869a183b072d10631475a29402b1b3b7c9b6a761
2026-05-28 01:04:37,075 - INFO - 📝 Document mis à jour : 1992825cdd0f59c5c955bd1a8d6e086d53313bde2e37e5f285c880a46c55769c
2026-05-28 01:04:37,076 - INFO - 📝 Document mis à jour : b4058e9d55028e69d0a52a417e0818655fbf9e6693464b504b32d6e7bac9068d
2026-05-28 01:04:37,076 - INFO - 📝 Document mis à jour : e174bf74e9d6433e3a24b417fe3ed9e2c394e73d76912024d1aa05f348042574
2026-05-28 01:04:37,076 - INFO - 📝 Document mis à jour : a5dd56ae8b91cee051ff09f382b3dcceaba029225b01910248e84be2a0757bb5
2026-05-28 01:04:37,076 - INFO - 📝 Document mis à jour : ff930f4e7d31afe2b5a47003acd138344225ab073a5d676d1bf392eb559f9bfd
2026-05-28 01:04:37,076 - INFO - 📝 Document mis à jour : 957b8688c7a145617a9b5df1d92569d2527a2d4d60973a35cc4c1b8815bed468
2026-05-28 01:04:37,076 - INFO - 📝 Document mis à jour : b609313c2c3577e93741f8cf2e4105eba57201d50bd4384081e2d3ae684bec15
2026-05-28 01:04:37,076 - INFO - 📝 Document mis à jour : 4fe45249ad86c8c58ad8fa294588abe4cdd4ebb7fdf45f4e7d0f532633cc9770
2026-05-28 01:04:37,076 - INFO - 📝 Document mis à jour : 41ca3c6bae0eb972c68a93be3229754d6ffd1b1a8cfa60dbc4080d85bc4ef6be
2026-05-28 01:04:37,076 - INFO - 📝 Document mis à jour : 179dadc8c3594d54c7e3359dda986b9cf0f3cb67611b61677e1acea2791c7186
2026-05-28 01:04:37,076 - INFO - 📝 Document mis à jour : a7f7eed183d72847b35c10ea595627fc11a670559c55bddecc26e868b9329f77
2026-05-28 01:04:37,076 - INFO - 📝 Document mis à jour : a96457f277ca9c13153d95a269311f440ab821ba9daf065f76aaa503aa2e7c54
2026-05-28 01:04:37,076 - INFO - 📝 Document mis à jour : cb235718d016935ee33a7f500cf81677c44daf7da67f1ab7edf93eccfa9612b1
2026-05-28 01:04:37,076 - INFO - 📝 Document mis à jour : 1ba0dc91b5cf4d78dc93744d736a16e3c889bffcaa7f1b9de84629694b03ed64
2026-05-28 01:04:37,076 - INFO - 📝 Document mis à jour : 25c176a98de2f7bbe86ce58679aa27ab8bf456913635dbe15334220fdfe0f3ba
2026-05-28 01:04:37,076 - INFO - 📝 Document mis à jour : d4db5af45f65d571522d82f6f084cab8ea356c1d9fd4872e028d65de816020cb
2026-05-28 01:04:37,076 - INFO - 📝 Document mis à jour : 5c5b8c8bf16f0d5199d9976666103b932c53c0a288a3f44cb78274c772108f5a
2026-05-28 01:04:37,076 - INFO - 📝 Document mis à jour : 08f5d10dbf0e8145d167052f6f4da1b3adff013ed3e32fd0a795a95cec568865
2026-05-28 01:04:37,076 - INFO - 📝 Document mis à jour : 041cc753ef54c4f5f1b019d855b505b2f0502805895f0de61175ed773335b724
2026-05-28 01:04:37,076 - INFO - 📝 Document mis à jour : 7ea92498e0afc9101d254a1e158e6243cab19ab20bca981cb9c71c0df6d02761
2026-05-28 01:04:37,076 - INFO - 📝 Document mis à jour : 19306470dd644f8310692d12737d10286d4ef6e53721e7fc4aa87580fa91e3b9
2026-05-28 01:04:37,076 - INFO - 📝 Document mis à jour : 99de7cc7e8101ef63f412d304f2f48e88cb6658f37dc42825747f03b1ceb4aec
2026-05-28 01:04:37,076 - INFO - 📝 Document mis à jour : 469ccca4b484ee03e885e402e58708364812c4325c4fd19cee88d332419552d3
2026-05-28 01:04:37,076 - INFO - 📝 Document mis à jour : 03a7af5b0315e4d3c6093c0756a01e4cb89062ff7b66d773da650f9d9ef1ef45
2026-05-28 01:04:37,076 - INFO - 📝 Document mis à jour : 62f4c08ff2dc997ad2a1e170a2ac66bd6766c85f5d2ecc6cccfbcd5b8aa731d9
2026-05-28 01:04:37,076 - INFO - 📝 Document mis à jour : d7db5943bf650d4ea3a2aa7460b0c4537e491be6693ef1c2b04f4dbe290ffe78
2026-05-28 01:04:37,076 - INFO - 📝 Document mis à jour : 8258e82c844b8b65a06b777e55e95647f6ecb9f132bb04bc2878c0ff5b5037f6
2026-05-28 01:04:37,076 - INFO - 📝 Document mis à jour : a44afce5ecb5d9e3a0c2f983ff05c3f690601ec26b056aa80604d57964246c9f
2026-05-28 01:04:37,076 - INFO - 📝 Document mis à jour : df0595030a09e49f2de29a7b5a65a433c71a75db5e40e1cc68adb389f1650fd4
2026-05-28 01:04:37,076 - INFO - 📝 Document mis à jour : 9c3e582298b9d958141d0c3f954a80f5d484e9a4a500c6e99f77254bf3b6ab4f
2026-05-28 01:04:37,076 - INFO - 📝 Document mis à jour : 0f76c4b6dd15ac7cf8f0cc04473b5af91dacd7b4465e59f0e7eedb287f07f4ad
2026-05-28 01:04:37,076 - INFO - 📝 Document mis à jour : 141970d725223d4d689a36106dd52569f26a53a32f1766e897edab6aeeb32f09
2026-05-28 01:04:37,076 - INFO - 📝 Document mis à jour : d85c7b805353ff8fbe2e418208050d2e52f2605375d462e4f0744e496f5408c1
2026-05-28 01:04:37,076 - INFO - 📝 Document mis à jour : b5fdbcdda7cbe99c40229c489d96112b88aeb8af1dcd344209431b6b1fc1e6b3
2026-05-28 01:04:37,076 - INFO - 📝 Document mis à jour : 126edd084e21e177a24024951e80e9fe150767b45ef126b6ca1d8321478e6252
2026-05-28 01:04:37,076 - INFO - 📝 Document mis à jour : 6b630b200ed8b85b4db7ff7ea3df2c8812813830362337227e82a75f21a05fd2
2026-05-28 01:04:37,076 - INFO - 📝 Document mis à jour : 7cd4bba7739908ddc703d6888fa446aba8286cad55f98b856c7328b39520ac5c
2026-05-28 01:04:37,076 - INFO - 📝 Document mis à jour : 59498aa178e7efac8f5cd1b23a2ccf7d4980204c23a289b0839a7bae8b5c4a2b
2026-05-28 01:04:37,076 - INFO - 📝 Document mis à jour : 2e6f6a0044077797b4f4c2ae85952f225812f1a4f4759dfa294ead00b54d0758
2026-05-28 01:04:37,076 - INFO - 📝 Document mis à jour : 24c264c21991ffd76cd7b5a4fabd15ff81a9c61e6a7f9a05ce6bd60df951167d
2026-05-28 01:04:37,076 - INFO - 📝 Document mis à jour : 3de117cec15643b7aac9963973c2d021dec63bb2b4e1c7cc2cdd515c2bfd649c
2026-05-28 01:04:37,076 - INFO - 📝 Document mis à jour : 63e8e9b4b42836f848f2ea9ee7daadc910dbbf622a0bc5086d984dc271de05e0
2026-05-28 01:04:37,076 - INFO - 📝 Document mis à jour : 24122baf9bb0c954677afb5ec4de44c84f6bcff56fceea188819176e16183710
2026-05-28 01:04:37,076 - INFO - 📝 Document mis à jour : ef487a200377d8da079c4eb8c0543a4e643d0cb011de195f1a55a00a1ff6ae49
2026-05-28 01:04:37,076 - INFO - 📝 Document mis à jour : dce838858fe972e81b01fe34f7e53acf03dba2c1fb5b0048d6efb1e4e8aaf821
2026-05-28 01:04:37,076 - INFO - 📝 Document mis à jour : b455a485a6e31b7f17d852bee1d2726c277867d93c4025fb701837d79e9b9fcb
2026-05-28 01:04:37,076 - INFO - 📝 Document mis à jour : d8a8bce28896ad4892c9add03e8a3f7151bdee44f923447f28df381fe6ad72fb
2026-05-28 01:04:37,076 - INFO - 📝 Document mis à jour : ca611dc1d0a17e94ef10ad2af262e2feb0c4bd0156afea6a2952c20016393817
2026-05-28 01:04:37,076 - INFO - 📝 Document mis à jour : e2110d7dafeede8cba419210ce980a9de28cfcae9c4715623bdb5226b74368df
2026-05-28 01:04:37,077 - INFO - 📝 Document mis à jour : 6853b9a712a328aeb7c9aa51867a159ebb4aa43506d5bfb2bacfa43737c1a858
2026-05-28 01:04:37,077 - INFO - 📝 Document mis à jour : 84d251e9bf4acc167281110d581bd51f2852e5b5b985c412381c7eba105c7e5b
2026-05-28 01:04:37,077 - INFO - 📝 Document mis à jour : b6f453cf4f5413d9e33a74fc168c0ae395a030a32cef3c97a8f628dfa0755d2e
2026-05-28 01:04:37,077 - INFO - 📝 Document mis à jour : 606f78fd938af1afb6e04ef91d9ef62f4d5952728516ead84a9d020d912d5e7e
2026-05-28 01:04:37,077 - INFO - 📝 Document mis à jour : 24c7861ec60712102a66ca887817bc9ad1bebeab0c105bcbb410cc785a35e75c
2026-05-28 01:04:37,077 - INFO - 📝 Document mis à jour : cb58aa7d2c4e6b92aa0ceabb472e873255dddb361e89be49294ec6867267a0ee
2026-05-28 01:04:37,077 - INFO - 📝 Document mis à jour : 2c9f2b0d810ac74e9b3925e6ce0aa761b5bbe84b33b9aac5e179f6c0dd2f855c
2026-05-28 01:04:37,077 - INFO - 📝 Document mis à jour : 40821cf312775807d34d6c271c84a03ea30959d2cd46bc17de0c451c4feea337
2026-05-28 01:04:37,077 - INFO - 📝 Document mis à jour : b9eebb6bcce9c49c3c4bfd78bc8f6e11d21663f6507ba52dad1e93b336e8e7ab
2026-05-28 01:04:37,077 - INFO - 📝 Document mis à jour : 9e0ffab543e0afb2fe124c499db5586210c837ad96cf8d99d3fab141240cc088
2026-05-28 01:04:37,077 - INFO - 📝 Document mis à jour : 453ff8ecc68a551b40b9d75eca55855f51cd6aba84f4c6649641ffcf78859fd1
2026-05-28 01:04:37,077 - INFO - 📝 Document mis à jour : f0facf226c2ae091a2216e5d3ed6ca30ef100c1a0a06a9bd8fbc4b65b9df9473
2026-05-28 01:04:37,077 - INFO - 📝 Document mis à jour : 4495f12f4d9a35200040ca7055b40852a032f3dbf02d660ce7a6cfb6af86037b
2026-05-28 01:04:37,077 - INFO - 📝 Document mis à jour : f8ff38351ce49d7a9d00ece69b83e44de3b865ab0e9c5f28bfebf9c80de65cc0
2026-05-28 01:04:37,077 - INFO - 📝 Document mis à jour : f6d4b1a6409568f830f92d59974a51e12292ca47dc9916123d48519a8d6cd6d7
2026-05-28 01:04:37,077 - INFO - 📝 Document mis à jour : f2a7786f46acfea09b016543ebc42dacad1981dc4fa2a86d7d1a0760e12e4871
2026-05-28 01:04:37,077 - INFO - 📝 Document mis à jour : c7222829da2dd22b3e3bf16dea862f8ee59754fb94a6f52d83232e65cbf5a45d
2026-05-28 01:04:37,077 - INFO - 📝 Document mis à jour : ddcc2cd13ed99157b6fbbeb6a07578b1270ddde3474154b5b7b80b150306dd25
2026-05-28 01:04:37,077 - INFO - 📝 Document mis à jour : a932bf1b5e57bf9be9304f9093c7002b7421c1eb8aac46415497179b38d19163
2026-05-28 01:04:37,077 - INFO - 📝 Document mis à jour : 33bed73c370b6ca8045b4e21e0126433c362454e1cbf2bb519f116842c43dd5f
2026-05-28 01:04:37,077 - INFO - 📝 Document mis à jour : 406c455b2c71e8338fa800cd6b09890864ab1c58efee028b43c402e50e6be7f3
2026-05-28 01:04:37,077 - INFO - 📝 Document mis à jour : 53b0b72ef715ca273056c0bd2b63bd1476f8a0d31552e0939844d0a6a58ef35a
2026-05-28 01:04:37,077 - INFO - 📝 Document mis à jour : c824df72e7d691571dde51ee92493255fd7d415708f52fa61ee020d34eb6d8cf
2026-05-28 01:04:37,077 - INFO - 📝 Document mis à jour : bd2cf464a5ca554dc2cd60d73e09ba8b509b94c5b509f5d622c4d316558dfe0b
2026-05-28 01:04:37,077 - INFO - 📝 Document mis à jour : b568d9ea0ead32c61ec608aa7bb36b9b8d00465ec381bbd18403ccc004d703f7
2026-05-28 01:04:37,077 - INFO - 📝 Document mis à jour : 86ccf56870fdfef5ec8f16f43543baac71fe664281a41fc6f2e5568fae4fb125
2026-05-28 01:04:37,077 - INFO - 📝 Document mis à jour : a5b91b2a486ea2339f1a895ee2697819d4579b26527f75e1b45bc1ecc23a0ba3
2026-05-28 01:04:37,077 - INFO - 📝 Document mis à jour : 176bed40a2d206e0cf8d43162176c50a24f694fbbe7bb162691f865f7a718698
2026-05-28 01:04:37,077 - INFO - 📝 Document mis à jour : 896896574d6eec87f849b0210d7ccca90153cea22f2a4eb50cff89255896f4d5
2026-05-28 01:04:37,077 - INFO - 📝 Document mis à jour : 10549d96afd098ec315a240e448a666f19b58dd7e8d1264922c8392f22b512ae
2026-05-28 01:04:37,077 - INFO - 📝 Document mis à jour : 34aaa69b753a7ceaec1100d0951231df9d9922bd242ceac9bc269d311f1eaf30
2026-05-28 01:04:37,077 - INFO - 📝 Document mis à jour : f526bdcb706ff04555c771725fd9f17206a37dffe148a0fd7ed16201f3c26664
2026-05-28 01:04:37,077 - INFO - 📝 Document mis à jour : bc10b6ac430d38ceba1d11ff90d50a67ceda5698646e47f0f17cb620beb67910
2026-05-28 01:04:37,077 - INFO - 📝 Document mis à jour : cff0503b9396b937de22f271b6da9bbb7be0c813bfe3c4afeeaa6a90eead0128
2026-05-28 01:04:37,077 - INFO - 📝 Document mis à jour : 224d46b39ed13a966d7567932c61b0143979110f1214ac8cffae4b4e42d59d6a
2026-05-28 01:04:37,077 - INFO - 📝 Document mis à jour : e3e2a0affae8420a48c4811f4e3f568d8d90c51ab12cfb42d510484f5bb98ffe
2026-05-28 01:04:37,077 - INFO - 📝 Document mis à jour : 1dff33ebb33d86ae126dd211649a778f3b02a0c8aff920993c6316dd386400d6
2026-05-28 01:04:37,077 - INFO - 📝 Document mis à jour : ac5f3a829dae3f85d49f894f8a7c0b5e4546cdd4951f7fe64a3578d74fad7ada
2026-05-28 01:04:37,077 - INFO - 📝 Document mis à jour : c3bde465d55c9c5d785a84d3563c30079c4d75030a307bbdb6d56b9aee3d8784
2026-05-28 01:04:37,077 - INFO - 📝 Document mis à jour : 93fb455ffffe99b6cc050a4bac6585bc979f9132e1288f770fd650329410d74e
2026-05-28 01:04:37,077 - INFO - 📝 Document mis à jour : 1221570419cb79e0d4446785dde18fdd47a9baebd8141cb319a5a88e3eef9b32
2026-05-28 01:04:37,077 - INFO - 📝 Document mis à jour : 5ed5f326c8e7825266f04c1ae98d39055d7b3ffbd532c055b8cad0768e8cb61d
2026-05-28 01:04:37,077 - INFO - 📝 Document mis à jour : f1abe6b29619788c3fb4b72e9fd6736d015eeab5081672de3947ddb5e89f2466
2026-05-28 01:04:37,077 - INFO - 📝 Document mis à jour : 8a3178d0647f7a96eddad51e2347307f7b2e8be34f499cca980473c5196e3590
2026-05-28 01:04:37,077 - INFO - 📝 Document mis à jour : 200b37224227d91a79a54db5e331ae8177e4c86b0cd20f4ce64863130f5071b5
2026-05-28 01:04:37,077 - INFO - 📝 Document mis à jour : 91c861551b02472369529614444d7dac4eb6c5b1a280e97ae6f8ed1a109cfd6f
2026-05-28 01:04:37,077 - INFO - 📝 Document mis à jour : 181f761f78293322f54f24e475dece9cd0535b087b7a098e462ebf4306519fdf
2026-05-28 01:04:37,077 - INFO - 📝 Document mis à jour : c06ac78241475596a3ccdf92fd11bc7c3b39ce52a46559d4ecf2dfe51d382d0e
2026-05-28 01:04:37,078 - INFO - 📝 Document mis à jour : 53b23a38738d679bf408dabd3173eafc2ccb28d9bd54cb57f76e2f38299a7903
2026-05-28 01:04:37,078 - INFO - 📝 Document mis à jour : 039d66870a64e950f0ad1d6c18f578a608970b77af467be277b42ca7d5873123
2026-05-28 01:04:37,078 - INFO - 📝 Document mis à jour : d7a581b96f0fd968a8e19460efaf69221ba91f88aa0bbb50caf576009eeaad51
2026-05-28 01:04:37,078 - INFO - 📝 Document mis à jour : 1359926c931f1af383209601f46bd95e534c778bf37fabaf2afd00f44e84656f
2026-05-28 01:04:37,078 - INFO - 📝 Document mis à jour : d4396efda991a1254ac5fd010774d898a3bfe65f4da77be04ac2c732ce095d72
2026-05-28 01:04:37,078 - INFO - 📝 Document mis à jour : 40b91fb5b45a9b8e973b88b8358b30bed2f07a9581b58abf78f83882037911b8
2026-05-28 01:04:37,078 - INFO - 📝 Document mis à jour : 1dc0dab27c1b3de8f80d0946d582b63440e8962e588d7a35d2a3547b7d70ac3f
2026-05-28 01:04:37,078 - INFO - 📝 Document mis à jour : feee2eed18e8f446ac53f8a5495d8f4304ba52ff72e37d253669690b1c72ded8
2026-05-28 01:04:37,078 - INFO - 📝 Document mis à jour : 22b7ed8550b81780edad00a87b3c84ba1c7704855cfaf648322d8562e138ee13
2026-05-28 01:04:37,078 - INFO - 📝 Document mis à jour : 1640e32be5541b8e8fd64c69fa2617686385f368b116d32620a23947ceeaff26
2026-05-28 01:04:37,078 - INFO - 📝 Document mis à jour : 3689b22238da99463eb5e4bf9e68eeca6523b41af96f5baf34009dc4ea2fbcdb
2026-05-28 01:04:37,078 - INFO - 📝 Document mis à jour : 36d53cc1dae90d291ce4851a28e8f3de27865784de7eaad137d7a3c9455a5563
2026-05-28 01:04:37,078 - INFO - 📝 Document mis à jour : dd2baa0c54cca50acd5e230c17cef7f83ec6600541f7118448ba9e96020b1561
2026-05-28 01:04:37,078 - INFO - 📝 Document mis à jour : dc12f2d7d5fcec6dfd98f3bf59acd3578222f6b68ca6107537438ee07b98ed98
2026-05-28 01:04:37,078 - INFO - 📝 Document mis à jour : 9177c6b393d6168e78414ea1451fb45406e85df996e73cfa2405ea16a6b26406
2026-05-28 01:04:37,078 - INFO - 📝 Document mis à jour : b5e3be806449411f6f13b49ca8ba1dbb974a2ecc13bbac3abe45ad7c4e12328a
2026-05-28 01:04:37,078 - INFO - 📝 Document mis à jour : 4685d6c68a3dbe747fe597158b098207e0f53b9276cdcbe45327be6576ccaf10
2026-05-28 01:04:37,078 - INFO - 📝 Document mis à jour : b2ca4d9cbe06332ba95369a9202828bff3d184684480218914491cf4fb8f5909
2026-05-28 01:04:37,078 - INFO - 📝 Document mis à jour : 37072f6dbad999885e86290ca6c174c91f81467cd9da42be8db36671b4945825
2026-05-28 01:04:37,078 - INFO - 📝 Document mis à jour : 7b2ee7d05bcaee5bd19559cf77266cd3e2da31f5117945e66bc6e4ebe2728795
2026-05-28 01:04:37,078 - INFO - 📝 Document mis à jour : 7b631221e0ff7b659a444bc905b134fa7ff2367f9a876cb219cca015215e14d7
2026-05-28 01:04:37,078 - INFO - 📝 Document mis à jour : 57b0f7b6d1d51f5fd53592e3510fd96908b46d9a934b676287a49b458959c49f
2026-05-28 01:04:37,078 - INFO - 📝 Document mis à jour : 302ff99531079abbbffdef96b50a71f0fca36881528d2ad5d978d25957e25ecc
2026-05-28 01:04:37,078 - INFO - 📝 Document mis à jour : d98a9970b5755383cae3ec21251983cf0386f3b0fb19b3ec6cd87044195650d3
2026-05-28 01:04:37,078 - INFO - 📝 Document mis à jour : d6292cd56114a494b29774f6140600565880752b176d9a8f7b2c38fa9aa174b1
2026-05-28 01:04:37,078 - INFO - 📝 Document mis à jour : 93d1083ce5d9a6e53996c2a6cf6309d2ddebc935c3a29eeab16dfb01b7c3f754
2026-05-28 01:04:37,078 - INFO - 📝 Document mis à jour : 30aa1fbff241f991ec40803fb40986e108b71dff28a21af8c6341c8488d4a847
2026-05-28 01:04:37,078 - INFO - 📝 Document mis à jour : 57e648b3352d525b480dc4d6cedb505c26a26b434a4a71acba018cbda29ac522
2026-05-28 01:04:37,078 - INFO - 📝 Document mis à jour : 1b386516cff0ce82b60d53c8d9aacaef464b35c804a27c402d3e79b950481fa1
2026-05-28 01:04:37,078 - INFO - 📝 Document mis à jour : 6b61da4ea71d25ebae194d3324279a740ca5282826f0b1b495405fc364fbce60
2026-05-28 01:04:37,078 - INFO - 📝 Document mis à jour : 4830005334f0f7b3999a91fff654974dcdcef8f6ddb4ec8d1fac436b96ea7a4e
2026-05-28 01:04:37,078 - INFO - 📝 Document mis à jour : 1fa8e5ac22931f6412b3b1f6bde337eb971af20ccb39e9febfe46c2294e04143
2026-05-28 01:04:37,078 - INFO - 📝 Document mis à jour : 544b24e1ecc42a115c3273cd6e9403a37320c178c7600c405cd51195c7689ba3
2026-05-28 01:04:37,078 - INFO - 📝 Document mis à jour : 6ab7891e515c161ec4153b24e3825e7033d6209dd3427892a7bff3b22b552357
2026-05-28 01:04:37,078 - INFO - 📝 Document mis à jour : 76636672c1ef6fab02c831c80dceebefbae9f19a759ff3e5cd3f221910e75934
2026-05-28 01:04:37,078 - INFO - 📝 Document mis à jour : 4d87d339d149655acffea31938898641d0c58a145989c444b9edb88f7e3fc03b
2026-05-28 01:04:37,078 - INFO - 📝 Document mis à jour : 7228b64292982a2702a32c0948d790568513cf33519aa77faef837983687c8be
2026-05-28 01:04:37,078 - INFO - 📝 Document mis à jour : 49db1c5f97c7d30a1617e9ef216c3d2785a57d3fad39bd63a9202a73ededc689
2026-05-28 01:04:37,078 - INFO - 📝 Document mis à jour : f50022d1c1f9a5af9dbaa1954b8255fb8939f197fc47c7cf49e8e6fe2b7d640b
2026-05-28 01:04:37,078 - INFO - 📝 Document mis à jour : d2fea5469c54354910b7365053e07fc21fc606feb91d6375e04cf5a642a166e9
2026-05-28 01:04:37,078 - INFO - 📝 Document mis à jour : 26df48f8b19532c443d5cae38b107bf3df042e9ea7d9163f7892bc92d0914955
2026-05-28 01:04:37,078 - INFO - 📝 Document mis à jour : 87be510b7017d6e7db4cb331d880d864c6739feda76a326f8cea2df79247e500
2026-05-28 01:04:37,078 - INFO - 📝 Document mis à jour : fed437f9ad9769f2f3acb9970f76c741d542e6ba76d71068fa236d52a5c45390
2026-05-28 01:04:37,078 - INFO - 📝 Document mis à jour : 88c7cd12e8bdfacc6b0ffed05ec6da44b94f98000a0cf223b79619e0db2dc263
2026-05-28 01:04:37,078 - INFO - 📝 Document mis à jour : 0f34613eaa1742e089f082f5f53fdf886a1c8cbbdffac92fccae490f5ae766aa
2026-05-28 01:04:37,078 - INFO - 📝 Document mis à jour : a1eb621bdc52aac791a1b5a522765319277c2e01bda14450ffb63112eceb48db
2026-05-28 01:04:37,078 - INFO - 📝 Document mis à jour : 4b5ecd1ff40725140c155e7f8c353b45a0ac72b17902af1ea4b5cfc9957d4415
2026-05-28 01:04:37,078 - INFO - 📝 Document mis à jour : b0fde4c677aee7b61f321db2e64c79bbdb678b8b9d7cab659b9bd012e8ddccc7
2026-05-28 01:04:37,078 - INFO - 📝 Document mis à jour : 26ddc7c7388dbddf45c96217345a889b65de9f87e687820bc79d1235481108b5
2026-05-28 01:04:37,079 - INFO - 📝 Document mis à jour : 7c82bb6361cd0b74f1e7fbe241120c987ca433ce395348d1e44da0fa076f96d3
2026-05-28 01:04:37,079 - INFO - 📝 Document mis à jour : 225e21c37d6fbe566683ff5b3f6eee9e2db088af2c6fe36ee4eeb3c5cb1e24d4
2026-05-28 01:04:37,079 - INFO - 📝 Document mis à jour : e3d11d68087eb1f5af43ba963065a1369b2c9442e51fdeb74f32678b91c22ebc
2026-05-28 01:04:37,079 - INFO - 📝 Document mis à jour : 1d4d44b2497de1e6042ed21f3774bd51d5bb046a67f455d1133845fb804d75a1
2026-05-28 01:04:37,079 - INFO - 📝 Document mis à jour : 38eb56720750996db5b7a06c8636f998732a7be8b3883eda770431bad2d33765
2026-05-28 01:04:37,079 - INFO - 📝 Document mis à jour : e802ce5ddfe6810c638a4ff90999136b8b76d9d145e163b2c8af5e8bd53fff58
2026-05-28 01:04:37,079 - INFO - 📝 Document mis à jour : c859a40495aed3f8e8303c2555a140fce36d2a097cbce4a523606ead2d1b51c4
2026-05-28 01:04:37,079 - INFO - 📝 Document mis à jour : bc1c752ad6921a1e76a029f9b3b7a8951b8f397dbf5b0e0d62c14fcbc44a16f4
2026-05-28 01:04:37,079 - INFO - 📝 Document mis à jour : 4e08d699d551d3ca8e2000524e1221fa11350b913618b4d5e357ea8fce66a061
2026-05-28 01:04:37,079 - INFO - 📝 Document mis à jour : 5f0f49d2fc21e5b601a60ba8fc7aa11b87f338946e2e27657e3bfc89e647972c
2026-05-28 01:04:37,079 - INFO - 📝 Document mis à jour : 5f3343f63c2c69916fb94b824bf5126e2a9f906c24b8640522a7abed56b9cf94
2026-05-28 01:04:37,079 - INFO - 📝 Document mis à jour : 995ebc224dbdeba646fdc0a48b558184ff28712a8f5859ecb335af25c5cfd20d
2026-05-28 01:04:37,079 - INFO - 📝 Document mis à jour : 4054b4d86cae131f04897af9e092639d68467aeb3d300a42aae78d9760210795
2026-05-28 01:04:37,079 - INFO - 📝 Document mis à jour : 3f6c69e59344580d9c0861e557acdcb9f96f1b3897e215a99e22c311cc9f1bca
2026-05-28 01:04:37,079 - INFO - 📝 Document mis à jour : d00071ebcbfda04dcee76bb28826876f474e65716b67b44b53be9125ba9cd9cb
2026-05-28 01:04:37,079 - INFO - 📝 Document mis à jour : 62dc4936b1d68032d34e4beedcd8bfc01415abee4c2f5982e66455bcd0196ee5
2026-05-28 01:04:37,079 - INFO - 📝 Document mis à jour : 8c597a751d90baf55dbf797bcb9dff5a13b7424fac08d11920f725a001f5f994
2026-05-28 01:04:37,079 - INFO - 📝 Document mis à jour : 65e9dc07d60a0511e84940b83f3371476183fe4a85846fa3c791a2454da2f630
2026-05-28 01:04:37,079 - INFO - 📝 Document mis à jour : efb570179fa400cde325a3c398f723bbb1bbd685712312b01bf5693d64decf02
2026-05-28 01:04:37,079 - INFO - 📝 Document mis à jour : 2635ff18bd12a9388c1c1de50d7026375e3055a2987730fc3d7aed894dcefd96
2026-05-28 01:04:37,079 - INFO - 📝 Document mis à jour : 2782d0a9d77afc8e16563989b81ae00fae5c3ed1bd3b7540447aaafe43c7533d
2026-05-28 01:04:37,079 - INFO - 📝 Document mis à jour : c78d974eba5b10f5edcbd6eb26f0b6c7342bb0a9ac218bbb6e7569954e10d907
2026-05-28 01:04:37,079 - INFO - 📝 Document mis à jour : 1858cef0f0e7f184162c95f87aa0a20356734e81d7dfb2811567cdca53ec164a
2026-05-28 01:04:37,079 - INFO - 📝 Document mis à jour : 5cb179ccb30ac4f1a32744c64494768882eed5fb13830539fe7f345fb7560df8
2026-05-28 01:04:37,079 - INFO - 📝 Document mis à jour : bd0f55564ffed48cb4941b72b5c92af4e70d1981d42af7a54c7ca84432f5cdd1
2026-05-28 01:04:37,079 - INFO - 📝 Document mis à jour : fedc9701f8945860bb96412245e5f17e64beec1729ce8873b39a3869620619ff
2026-05-28 01:04:37,079 - INFO - 📝 Document mis à jour : a707ed7c320a61b4f31ceb783c825f7a26a51afe3e88bda032429d7ba7a24f29
2026-05-28 01:04:37,079 - INFO - 📝 Document mis à jour : cdda6f7e6096db8b5369adc0a8514eb7832f3eb19becbcfc80297d71872c67e5
2026-05-28 01:04:37,079 - INFO - 📝 Document mis à jour : 9c070d73872cf18972bf3f19faaa50954275b84381f946730a14900c42973d07
2026-05-28 01:04:37,079 - INFO - 📝 Document mis à jour : 2834e112323728ba7e6afce7edd781b68184103e99805c12b70501aa9bacbb0f
2026-05-28 01:04:37,079 - INFO - 📝 Document mis à jour : 6fc242ffcf5b5dde75b490d7bcbf1eb717192d0a050a67788404fe07ffcfd8d0
2026-05-28 01:04:37,079 - INFO - 📝 Document mis à jour : f91fccc4e384d878d97f661be4083ea8727650f6d98d5d24cb90b8c428715c3a
2026-05-28 01:04:37,079 - INFO - 📝 Document mis à jour : 23caf630a4831ca754e3c5ab60223f5e681e3c267d7d237daae4286f9e95e511
2026-05-28 01:04:37,079 - INFO - 📝 Document mis à jour : 9aaf8e1cb117eeee8b7314949324d933110b461768a79781eb5e1cd45597cffa
2026-05-28 01:04:37,079 - INFO - 📝 Document mis à jour : 7fccd5ccdbe4723fdd8b0f0063eaabf7c0f01aa52dc828bb3e188b16e7cc214e
2026-05-28 01:04:37,079 - INFO - 📝 Document mis à jour : 7366584a8f4b89eaa73695dbca6de606dd7c72aa564f2862adafc26dc7878274
2026-05-28 01:04:37,079 - INFO - 📝 Document mis à jour : fb3ee0261378f2a88cc52243cb9b4201656489971b03db4ba7723052a62c2824
2026-05-28 01:04:37,079 - INFO - 📝 Document mis à jour : 31cee20223cca6a85875c857d03dc061c4e43665b953324a321912c4f6639387
2026-05-28 01:04:37,079 - INFO - 📝 Document mis à jour : ad82ebf40a8c0be22a50c3b8c051fd2e678b7a1621b462a3f8174af3dbf98056
2026-05-28 01:04:37,079 - INFO - 📝 Document mis à jour : c3268e8b5e9c7857608572e016e5b831565ed86faca0cd56a78c5ed78f5cfaf5
2026-05-28 01:04:37,079 - INFO - 📝 Document mis à jour : 9da86adfdbc374471592d9d1954f99793020387a1e8e27d94a65207e69fba3f8
2026-05-28 01:04:37,079 - INFO - 📝 Document mis à jour : 04733b54e10e5645f00163b16e9b49c1bd31898c50ff09e3d67128972da542d2
2026-05-28 01:04:37,079 - INFO - 📝 Document mis à jour : 91b682421cff57089db636225aa0b9857b1bc53ee1a1d25db414da6ef040ff85
2026-05-28 01:04:37,079 - INFO - 📝 Document mis à jour : 7eacdf2bb5264cdec8064c311552bc72f88b7e13af060d69d2a9e315deea8389
2026-05-28 01:04:37,079 - INFO - 📝 Document mis à jour : 51ee5db679a950b5ba82e48ad702d67aaf81e65d4cb6c9e36ae6a9ea0b71a651
2026-05-28 01:04:37,079 - INFO - 📝 Document mis à jour : 50bd5fd3bd457acf570558b321a7f8e990bd4ea330616aaf73349bbde4889cbc
2026-05-28 01:04:37,079 - INFO - 📝 Document mis à jour : 1667a45ca755ae51ab26c15787ec202aad8b69739b64876558f46efefe8d577a
2026-05-28 01:04:37,079 - INFO - 📝 Document mis à jour : 022fc3f81a688aeaf32cdcbf107b32fd71e07f5b3e03cbb8e3f94b82d2e48f71
2026-05-28 01:04:37,079 - INFO - 📝 Document mis à jour : c23b72d82ed0786aff024880fc4afeab5467e956c6e5db8106361d6791c2759a
2026-05-28 01:04:37,080 - INFO - 📝 Document mis à jour : 4b8663d10ccfc5f18140ef3a7aedff4af165d48f8e7bb6ec71ff9990566bdbee
2026-05-28 01:04:37,080 - INFO - 📝 Document mis à jour : aa31986baf67a86152a4c4bf19dc2db413b73bbcce25ff31630cef62bf7ddc7c
2026-05-28 01:04:37,080 - INFO - 📝 Document mis à jour : e1d0f99848c42f4de98fe701b43aef4eaa1c321eecad69e865b8b8e8f7204daf
2026-05-28 01:04:37,080 - INFO - 📝 Document mis à jour : 043289d618410d8ce7ed4dc42a47b1e096622accf2f909ba1c07a7b075043266
2026-05-28 01:04:37,080 - INFO - 📝 Document mis à jour : cab531add3a0b4f5c59349d01a14b82b5d5ace9169781e0d9fc690e59ddb7630
2026-05-28 01:04:37,080 - INFO - 📝 Document mis à jour : 92df4891b39a29e1b528382fad6336a1bf254106bfc96a91706d5246d40ed456
2026-05-28 01:04:37,080 - INFO - 📝 Document mis à jour : d0a9c9528582bce6add8c4b5affd5357bd857583aad6bb34ceb7290f61da6de7
2026-05-28 01:04:37,080 - INFO - 📝 Document mis à jour : 55a54494a7736baa9feebcb24ba2f6a34afbe260bd8ae65c5d58d84f83765d94
2026-05-28 01:04:37,080 - INFO - 📝 Document mis à jour : 7022eb00c2553032cea70272091c9ed9c777845d22a6a8fa71a5869cf2fa8af8
2026-05-28 01:04:37,080 - INFO - 📝 Document mis à jour : d03896c9267e0615f50468d8604771fae2465489ecaf86f8f50c0277965e7dd1
2026-05-28 01:04:37,080 - INFO - 📝 Document mis à jour : bcc2c50b40283186873f5962479b9dece814d49f16397b50fbdaf02bc9fefc21
2026-05-28 01:04:37,080 - INFO - 📝 Document mis à jour : a0f796d2c0af418843961b334611f0c01b8df66bd6e3313f018faa9ccd7f0d2d
2026-05-28 01:04:37,080 - INFO - 📝 Document mis à jour : 2b27cfc8bd1ba4430e9f629ff9dc2ad3ed22d811ed805c9e59608294eaba48ff
2026-05-28 01:04:37,080 - INFO - 📝 Document mis à jour : 166e31a748f8cd2d5192d874947c78b4d3f6dc28ff833023fcc5c387ecdf78ce
2026-05-28 01:04:37,080 - INFO - 📝 Document mis à jour : 902a0eb64ad05e6a4c684cb1d11720c437da45de5670319d9e39c8decab5eeb6
2026-05-28 01:04:37,080 - INFO - 📝 Document mis à jour : 63da5a05d91dd528f818cfdd9ed09abab14e0627f7c5fa3dd820f97226d22c61
2026-05-28 01:04:37,080 - INFO - 📝 Document mis à jour : cf6b6055f17060f1d5295ed862a960060e9a03e3181caacca1916f64a54d13c5
2026-05-28 01:04:37,080 - INFO - 📝 Document mis à jour : 30b40c48f56365876b8452515cd6f018d742b181c3495ec457351aef1a0b596f
2026-05-28 01:04:37,080 - INFO - 📝 Document mis à jour : 3c518658580856b92c22f101bac4ec58288dcee5bedad6fa86ab5ccff25e3298
2026-05-28 01:04:37,080 - INFO - 📝 Document mis à jour : 442882c406d582de6ee072f84aa2dcc4836e95b5eae9417440dd8923b2a69076
2026-05-28 01:04:37,080 - INFO - 📝 Document mis à jour : 5553d24adbc526513c5f1ce3abc94e00aaeb4b4834b67ed0a4a95876fc0bc0a2
2026-05-28 01:04:37,080 - INFO - 📝 Document mis à jour : 36cf0400814caa12ff4833fad036dbef0a5b227ac2e6c130c7f8fe4898b91243
2026-05-28 01:04:37,080 - INFO - 📝 Document mis à jour : dc652c8a6018faf0a67d7150091d13d396c87c03390d6c60b3e434a2980a1bd2
2026-05-28 01:04:37,080 - INFO - 📝 Document mis à jour : 7b4900c45a633d86beb892103ba75372e5d13039464e4c207607b9c66adce695
2026-05-28 01:04:37,080 - INFO - 📝 Document mis à jour : 95b9f4cbcb84246149149f730a6b4bf73a363c2651ec560ef369a32ec1c81b36
2026-05-28 01:04:37,080 - INFO - 📝 Document mis à jour : 453d58e3c6a510fe5e05700f007d73073a0381e3153906151628e786f538ad80
2026-05-28 01:04:37,080 - INFO - 📝 Document mis à jour : a68390b8971af844eb153a92e52973ff29a8cf3a3077e7ca40c7ca51246e2db1
2026-05-28 01:04:37,080 - INFO - 📝 Document mis à jour : 4d7a855f65bb66fe3ace39fe1d20f2fd339058fe88328a775e28863818414c8b
2026-05-28 01:04:37,080 - INFO - 📝 Document mis à jour : d5e8a8e2e74e0f12b0c1b18fc1ff4f667b50e2f6db2d333a71bb55a19b3397b8
2026-05-28 01:04:37,080 - INFO - 📝 Document mis à jour : 350b9abfd9ec2c52ad3a3804a39c1e4f5a007a8f2378c4846cdcaa3b68c12139
2026-05-28 01:04:37,080 - INFO - 📝 Document mis à jour : 75cf80b543174b51e6794b40d85ac92a1926efe669d9743745de3b1004a10a04
2026-05-28 01:04:37,080 - INFO - 📝 Document mis à jour : 2925e6833ca33bf963f6e1d62f45931292197856e2a3ed61be900edde91dd1a6
2026-05-28 01:04:37,080 - INFO - 📝 Document mis à jour : 1efb6b02efb9e9a6cdd9eacbf77d595e4bb622d13d363f3103284cd383ac583f
2026-05-28 01:04:37,080 - INFO - 📝 Document mis à jour : d8231af33d671a5a38cfe052ff3c1a0880457136a94f26d1d1368a21f5d482e5
2026-05-28 01:04:37,080 - INFO - 📝 Document mis à jour : 5728900df38a1a074f08b8659c3b3f2461e12d311b8f155c53e347bcc0e9913b
2026-05-28 01:04:37,080 - INFO - 📝 Document mis à jour : 5ec153c9632521d83d7ae011812e2c48e4bee8c5f6e85c1d33461215549fdbe7
2026-05-28 01:04:37,080 - INFO - 📝 Document mis à jour : e079e2d616d56cfa65efa4033116e1697a5c4bd3758e0f3fbccf6f79740ec8b5
2026-05-28 01:04:37,080 - INFO - 📝 Document mis à jour : 4982c4357ba8a855a45c6563a73f49582ec4bf2e786b168e80714ad78458f4c8
2026-05-28 01:04:37,080 - INFO - 📝 Document mis à jour : dedab40ea4445e9c469b97ee0866244d5f3a512c2d1183600ef4fea666485bee
2026-05-28 01:04:37,080 - INFO - 📝 Document mis à jour : faa3cb67fce84d3abb6d586a0f2264de2e870cae423d3e0a2e76537bd96cd6db
2026-05-28 01:04:37,080 - INFO - 📝 Document mis à jour : 89bf47b70153e1b451c0ba5f0055e040c8f2ed00ad6f1ab6ca00e17305a7d677
2026-05-28 01:04:37,080 - INFO - 📝 Document mis à jour : 99405b2dacf91f92512fa5e5a3a9dadd53db32c45af9c5f48f385d5cc0c2b972
2026-05-28 01:04:37,080 - INFO - 📝 Document mis à jour : 096824838e9f7f15e630db6fc84d15241acd49f50c8574a4c71965240c2ad0b3
2026-05-28 01:04:37,080 - INFO - 📝 Document mis à jour : 36087c17ce0bedf14e00af13046b864c1ae1c00f876107ff2d75c71e70bd11a0
2026-05-28 01:04:37,080 - INFO - 📝 Document mis à jour : c694c64fd8e092a4626b9ae81a58abb964355693667623498f4d10f701286156
2026-05-28 01:04:37,080 - INFO - 📝 Document mis à jour : 7562aceae7e37700f39b7ea69e619870c188ff70ed9a5386440bb264820f331b
2026-05-28 01:04:37,080 - INFO - 📝 Document mis à jour : fe579680d7491e5e04730b779c215eb576574bedb453c2c360a4a18bd8ca979d
2026-05-28 01:04:37,080 - INFO - 📝 Document mis à jour : cf0890c5f8e4ba081b72a1c7694feb30738f68de56653d087ef15f94f2f742e5
2026-05-28 01:04:37,080 - INFO - 📝 Document mis à jour : 5c742c1755a9b3205a2a7e31bab25ba88e57b81a67fefc012e855f1f8931cc5e
2026-05-28 01:04:37,081 - INFO - 📝 Document mis à jour : c3426c2b68de3f114dc17352f0b5666d287f5fb46933d0035ee88cd3f2ce9db6
2026-05-28 01:04:37,081 - INFO - 📝 Document mis à jour : fc17dbb5a06f28b4d0d61711476acaf61a9da0f0f5785675b01f568db755572f
2026-05-28 01:04:37,081 - INFO - 📝 Document mis à jour : 2010fc041dcf7a2ce5e56e640a5e38130513260fffb2809a450a4937d26759b2
2026-05-28 01:04:37,081 - INFO - 📝 Document mis à jour : f424adf6bab788b22e862af23a3f621b25eea5aac23d038e6f84a6973544564b
2026-05-28 01:04:37,081 - INFO - 📝 Document mis à jour : 16a3018653da268a2b3d56dbccfccf153c959a217d74b8848f4af7b907faa2b8
2026-05-28 01:04:37,081 - INFO - 📝 Document mis à jour : 904d704f52ebbb1893a55757c5f175a1bf2d87dee3e9184e5b9ac7acf4329923
2026-05-28 01:04:37,081 - INFO - 📝 Document mis à jour : 4fe9d377a5cab69493446a3d5041eff1252893160b0a988911c0d4ef96af50ac
2026-05-28 01:04:37,081 - INFO - 📝 Document mis à jour : 3d791ad1e0fb4913efbe914bebf5051353be675240960f6c75d790211428e6b2
2026-05-28 01:04:37,081 - INFO - 📝 Document mis à jour : 305f0951a5f243d2322336eb997968d721071cd2619b34e3650c4af9e3b4527e
2026-05-28 01:04:37,081 - INFO - 📝 Document mis à jour : fed9c8bd95e1f68918b5bf1ee208478b1830c875c801dddcee15ef3647559239
2026-05-28 01:04:37,081 - INFO - 📝 Document mis à jour : 1bc7c08ff3aabfc342ef884e8d907638b7fbefce5b16514b7de3badcc3bc8303
2026-05-28 01:04:37,081 - INFO - 📝 Document mis à jour : 53058b3468b87eaad7921f689599c745bfd5f3a0b97f80b0126ecb9415e3db78
2026-05-28 01:04:37,081 - INFO - 📝 Document mis à jour : 3d3753f86328d18e44f67a7496903ce3623de7a3a404635232905834ee4780c0
2026-05-28 01:04:37,081 - INFO - 📝 Document mis à jour : ac15bf9845e8a7902d28b71d9139bd68226bff935dca3d9f3b2e8056aed9d7d8
2026-05-28 01:04:37,081 - INFO - 📝 Document mis à jour : c149a9adb2e529c0d63e192643977131b04d4798ce93e10cc720ac37a0d68632
2026-05-28 01:04:37,081 - INFO - 📝 Document mis à jour : cce474573fc23bd5f5800152c681ffda1f7ea7b9a7955f7b0555cc19ce6dcecc
2026-05-28 01:04:37,081 - INFO - 📝 Document mis à jour : 8e0b323b8292da2a59476cd01893f694d9ac063a596f5783555cc2a1ad3586d0
2026-05-28 01:04:37,081 - INFO - 📝 Document mis à jour : 7c0e53766d1679e5eee682632334049bcc9630ede4a73427bca3a0060f5b5320
2026-05-28 01:04:37,081 - INFO - 📝 Document mis à jour : 3fad40cbb7369eecee98f30b6ec2135287e2ee3b9f67e4164bea9d3e39d028c1
2026-05-28 01:04:37,081 - INFO - 📝 Document mis à jour : 698f9c3263b78d1132e4651333f2ae643a14d8e2210ea7455ba113512f4fb8d4
2026-05-28 01:04:37,081 - INFO - 📝 Document mis à jour : c29a855a42d23cec5d473648484c3c7e967cbc0992cf8fb1974a444d6147c7c2
2026-05-28 01:04:37,081 - INFO - 📝 Document mis à jour : fed679ccfcba641e6a0189b47c8fb2266763d6095fab7ae9f95312f23b626f7c
2026-05-28 01:04:37,081 - INFO - 📝 Document mis à jour : 372a8bd9654157c47de865e24bb18fc808e4c77646d266cbc8770c6d2c596264
2026-05-28 01:04:37,081 - INFO - 📝 Document mis à jour : 71c13696cdbc965c9fe500f3772e7cb70feac0e6e71777ee5eae2951be0d6807
2026-05-28 01:04:37,081 - INFO - 📝 Document mis à jour : cb4bbaf7ff98afdabfb074dc84cf9e0da52d89d01258aad4a3ecbf62ed8a3a87
2026-05-28 01:04:37,081 - INFO - 📝 Document mis à jour : b021e0d14f1383d640696987740d271d6575ae8df29c802739def21f5ae979db
2026-05-28 01:04:37,081 - INFO - 📝 Document mis à jour : bf240c48172ee03f357ea408cf0e47ca169813df8f55ea66cf0e1775d9c8166c
2026-05-28 01:04:37,081 - INFO - 📝 Document mis à jour : 4fa98eed37e04ad91b7dbb5409426c6d3731608e7e354a6359698009fce62645
2026-05-28 01:04:37,081 - INFO - 📝 Document mis à jour : 2f6094f19d979d16306c92a6786db3a8e19b44a851dab5ca6c42a5afbc050793
2026-05-28 01:04:37,081 - INFO - 📝 Document mis à jour : 6388fba7b4f9967e2661c5429ab4c372b309689597f66bc38c98e6d2bf68ada4
2026-05-28 01:04:37,081 - INFO - 📝 Document mis à jour : 0d4e5c89d565e4331d1906e89e732e137b52b8a1495fe25ed678c6c37ca40c9e
2026-05-28 01:04:37,081 - INFO - 📝 Document mis à jour : 1bd95146cbaad0a1ff6fecadc60d7f0e4f93397edab9267a79b39d4007cea954
2026-05-28 01:04:37,081 - INFO - 📝 Document mis à jour : 474d7034a5d5476689a8f5679373da00070ff2b43ad6a9932b435671a9a7d11e
2026-05-28 01:04:37,081 - INFO - 📝 Document mis à jour : 2f697f594735b668c8fe5adb99f7c3fbc8273dc7cf6421436c5e3f8abd9f584d
2026-05-28 01:04:37,081 - INFO - 📝 Document mis à jour : 7f4b885cc0ed72c71952f48693e563a7d67ef09bb5bfb71384626dd6f709e944
2026-05-28 01:04:37,081 - INFO - 📝 Document mis à jour : fe5ebcc6ba7fd85b8ca0d8940f8ba9f91db503a70ca83cdd8c88f748f86f2431
2026-05-28 01:04:37,081 - INFO - 📝 Document mis à jour : 1bcedb01ce450763f07411bd4119eaafe041fc176497fbbeee1eb0a97cdf54b6
2026-05-28 01:04:37,081 - INFO - 📝 Document mis à jour : 5a7450a540b376a403a0b8b395434c081962761326c3032333bb05c47deed590
2026-05-28 01:04:37,081 - INFO - 📝 Document mis à jour : ef2deb148d561e6e370787f25f1929b311232685b028e917fdf28a6d591d84b6
2026-05-28 01:04:37,081 - INFO - 📝 Document mis à jour : dc19068188d15419db6f7f697e12a3351a5e89c0d7b08d104b3a04e43fb272f7
2026-05-28 01:04:37,081 - INFO - 📝 Document mis à jour : d21192bbe337e5d39f4aaf15aad78ad3580d96d27d63276cdad35f3f47f777e1
2026-05-28 01:04:37,081 - INFO - 📝 Document mis à jour : 33220097cbcc23c48f6b7b9ca438c390ce56358af3e684afc258ff1af1c2440a
2026-05-28 01:04:37,081 - INFO - 📝 Document mis à jour : 300065e9cc545c1d0853f5722e12c26a65b023a3eeff8a6a2db8a3216d3855e4
2026-05-28 01:04:37,081 - INFO - 📝 Document mis à jour : bd27ba39d42cf8f3e705d0646a2a54a30ab2207b2d65adc34f101f4216ac42f4
2026-05-28 01:04:37,081 - INFO - 📝 Document mis à jour : eae349d31e4bd1132b19b7454706d169a072768722ff48816758a280c1fb2752
2026-05-28 01:04:37,081 - INFO - 📝 Document mis à jour : 70a95c4ff8035386dfb094c6be322b988a5f8b6fd341bbeceb9ee1afb00d4c0b
2026-05-28 01:04:37,081 - INFO - 📝 Document mis à jour : 050156cae6629352d35561102867cf2ee91642a332772d650cffb98e75f77f25
2026-05-28 01:04:37,081 - INFO - 📝 Document mis à jour : 41fd3307d70c6809b98d0b69bc39cdca76952f5e3535e4bbf974be57eecde9c7
2026-05-28 01:04:37,081 - INFO - 📝 Document mis à jour : 1b3542b6a0898d5adce5147657f54aaf35a8a8d3bdf310749109f82371747c03
2026-05-28 01:04:37,081 - INFO - 📝 Document mis à jour : 910f4181c021e27cc238c840ab60a4e3b8e8430d8afbcf4df268b3ccad311821
2026-05-28 01:04:37,082 - INFO - 📝 Document mis à jour : 98661a3b8ab0799382cca3a1ed19f74ab18f14929144b10e9a85905222aba81e
2026-05-28 01:04:37,082 - INFO - 📝 Document mis à jour : d776f65a6e5e1ba44eb8c7da9635453a97890fab031823abaf8be6948fd15afa
2026-05-28 01:04:37,082 - INFO - 📝 Document mis à jour : 8ef77f5f4def587e60c9dd960e668799790029d06b7b1d5b421e251cd3b73c5a
2026-05-28 01:04:37,082 - INFO - 📝 Document mis à jour : 50775b95458ec92a9cbeacf21e08715c9f01b2e837d79ae8167c2573bf01ba96
2026-05-28 01:04:37,082 - INFO - 📝 Document mis à jour : 17852e86c8d54db38396374cb326cdd7b009e3c80f33b6fa74b68585eafbab5e
2026-05-28 01:04:37,082 - INFO - 📝 Document mis à jour : 5dd26c8ad6bea5b0f9c6c4610387889adbbd82519be9161d60f19ee0c3d3c681
2026-05-28 01:04:37,082 - INFO - 📝 Document mis à jour : 1f694c231728a6020827ab4b73adce7844e8e7302ed169fbf3f27860458f9b86
2026-05-28 01:04:37,082 - INFO - 📝 Document mis à jour : 38cb8184b122dbc4350f693c6e5991c1dfc42110d1f64236cd8729c0f75a4292
2026-05-28 01:04:37,082 - INFO - 📝 Document mis à jour : 673b0f3cd2ee0a2f221247a59a7a060dc5ef31a76727c408ee00212ff4ba73b6
2026-05-28 01:04:37,082 - INFO - 📝 Document mis à jour : 2b96dee2374a5bfb817b71d422bcacb4d58b9fad7600b33e266f122ad4ef6479
2026-05-28 01:04:37,082 - INFO - 📝 Document mis à jour : 0204894cd146c234e616b6f31d28023cf5528bc2f1a2009a128a3694679cefdb
2026-05-28 01:04:37,082 - INFO - 📝 Document mis à jour : f125e9626ceb24fd433c9537fbe3bc0bc4cc167d8a0e457bfec193bfef4790ed
2026-05-28 01:04:37,082 - INFO - 📝 Document mis à jour : 1e9a2f6b7348066c44dff7fd24d838043d47a93f3a4780808516e022029c63ed
2026-05-28 01:04:37,082 - INFO - 📝 Document mis à jour : b3b878d3e82801a67fbfaad85de57e6509eca90f429a9100411102b8cdee94c2
2026-05-28 01:04:37,082 - INFO - 📝 Document mis à jour : 730d726c317eeea32dceebf80ddf217718b7410424e9fcc0994e23ee8926a5db
2026-05-28 01:04:37,082 - INFO - 📝 Document mis à jour : 3acc7456c443caf1773bb71e37251a99cb74a04da9ab36ac70f9bc93fc1a241a
2026-05-28 01:04:37,082 - INFO - 📝 Document mis à jour : 7b2c9e3a871f1bcc373c133fd0c406448814e01fea6227008430a39a8a612b08
2026-05-28 01:04:37,082 - INFO - 📝 Document mis à jour : d931642ba02a0d834c922e43270e7cab5fb9f5fb9395cdf173e7b729624925f9
2026-05-28 01:04:37,082 - INFO - 📝 Document mis à jour : d2d44631ed935af099c639435e154cb1c32faf4d7c613b85ceef7af282b45252
2026-05-28 01:04:37,082 - INFO - 📝 Document mis à jour : c9ebed44b8aefbcf953b90b4d2171b3bfa1984e1b3b7ec92a821a588377ef0c1
2026-05-28 01:04:37,082 - INFO - 📝 Document mis à jour : 2e068008cf8d75ede916a90504b878c1d5297553c2267e6cb65ae0356a51dfdf
2026-05-28 01:04:37,082 - INFO - 📝 Document mis à jour : 064edea6e8078cb9f3efed7e1feeeec560cfc5a92ea38ac317e7e67b3444847d
2026-05-28 01:04:37,082 - INFO - 📝 Document mis à jour : 91fe5cf40ca8b585c5e03e27859b4f982497407a1d3bc3b4509913ff0922e2f1
2026-05-28 01:04:37,082 - INFO - 📝 Document mis à jour : 880bbbb4905ad272a63ba546b7121ca9740f4bbe546a97dd9de55be08adf4511
2026-05-28 01:04:37,082 - INFO - 📝 Document mis à jour : 0c644cbea1f55542905c9f2fc0c184d38363698f86d919ac42b601bf29aa0dac
2026-05-28 01:04:37,082 - INFO - 📝 Document mis à jour : 2d6aff8f523edbe7dbbafc149910b100a2d895803134de6070e7680ce93b90f4
2026-05-28 01:04:37,082 - INFO - 📝 Document mis à jour : 46cc96484bba197a642d92e82467f02fe9f20de43b37999f9adbc816af1eaa28
2026-05-28 01:04:37,082 - INFO - 📝 Document mis à jour : 880423aab03d8d3555e6616be40e652d6d6da38b2a90a1a9196d9106f8ae0602
2026-05-28 01:04:37,082 - INFO - 📝 Document mis à jour : dc9b55c9d8fc953bb1d00ed3b2daaeafa4d544d4eb641f2325074f91bb067d68
2026-05-28 01:04:37,082 - INFO - 📝 Document mis à jour : cd11a6bb175749e14b201726966ae9d9a8bd084a330f129a718ac7ca995bf2e6
2026-05-28 01:04:37,082 - INFO - 📝 Document mis à jour : 57bfdb415f39fee6ed21506efe2cb672cfc937ae1b715be0ae33a10dac997e26
2026-05-28 01:04:37,082 - INFO - 📝 Document mis à jour : 53427e00d4013978c7c6f341a7875b08e0015fcf3373105299941d5e08055417
2026-05-28 01:04:37,082 - INFO - 📝 Document mis à jour : 9cca98189be627706d0a4a9ef8c3c6e15bd79ba3386cebc1876b075af8f1f8ed
2026-05-28 01:04:37,082 - INFO - 📝 Document mis à jour : b4fc6d58a4ed947cdcb02f548be4b693622835829dc4fc5363d5024f7064c5d0
2026-05-28 01:04:37,082 - INFO - 📝 Document mis à jour : c9cb8f5b64ea7f85196aa4a899f075461d513cae34249a66fb2cb14ad3d1d060
2026-05-28 01:04:37,082 - INFO - 📝 Document mis à jour : baf70632804860a5ef50326b439b31294c75d9b9856d4d85b227415a13871492
2026-05-28 01:04:37,082 - INFO - 📝 Document mis à jour : 7fed35fca9988c0868490858e2d9a01fdcc543426d01c401d4376c759160defe
2026-05-28 01:04:37,082 - INFO - 📝 Document mis à jour : 4f81c43be4441a40a50ac8417ba323977e66ddeb9a8d33def1311fb41ab01d9a
2026-05-28 01:04:37,082 - INFO - 📝 Document mis à jour : f95d903b5dd73f73b48ff790ebc7b7eb79fd9da34d36e70081574bd0bbfd5d69
2026-05-28 01:04:37,082 - INFO - 📝 Document mis à jour : 4e98d101fbbe31168669d84745a5dd64b508134719e95b04b11d0ead0002ed44
2026-05-28 01:04:37,082 - INFO - 📝 Document mis à jour : 1ed56606d3902da066987cb2c3248b4f47a6c5b1da972b3a5de355123eff1c15
2026-05-28 01:04:37,082 - INFO - 📝 Document mis à jour : 2c3235cccef3e88d4f35f05a36026e5f9d36d5a32afdc543c87000cceee4df02
2026-05-28 01:04:37,082 - INFO - 📝 Document mis à jour : 838bb61e08de4cfd90e806d41628c104e2c91661b83cda50de79a71fa246cc78
2026-05-28 01:04:37,082 - INFO - 📝 Document mis à jour : df6e22a26b46d6a7fbeb5d51b0c1ff7d96abf4408da62580575d1915bdbbf4f7
2026-05-28 01:04:37,082 - INFO - 📝 Document mis à jour : db8e24414aba9742da3cd688c6965504532799f417ea59722e9771aeb9920f68
2026-05-28 01:04:37,082 - INFO - 📝 Document mis à jour : 84a4b8c2aab044520761655cff913a7ca5036de71937413016e6315ce2b5f710
2026-05-28 01:04:37,082 - INFO - 📝 Document mis à jour : c21cfffc9f913502671e40974066331169d434ddcecfb950788b872995e3646f
2026-05-28 01:04:37,082 - INFO - 📝 Document mis à jour : b4189d7d860956c380b8788e6bfe1f7b1706e481d985b2057f66f578e70365c8
2026-05-28 01:04:37,082 - INFO - 📝 Document mis à jour : 5c6c3294542c7c433579dc995b5ebbaf68f549ca7b4b2c259838d0878292afaa
2026-05-28 01:04:37,082 - INFO - 📝 Document mis à jour : 5dae514448d4c250f4f2c6873f70f64b34a5cd24371adc969dafd5e776bf6685
2026-05-28 01:04:37,082 - INFO - 📝 Document mis à jour : 081e3e0219ffff93444941eaee3fd41489ab8a1ce61ab5f9d08ec19f930420d2
2026-05-28 01:04:37,083 - INFO - 📝 Document mis à jour : 4378abc1d750fd34c50c007eed72a42e2de33f88548f2e9026af0ece6813f5d4
2026-05-28 01:04:37,083 - INFO - 📝 Document mis à jour : 4144bec243a85835bd6414f5fc719c97587347f8a3e9c7c0a8b275c3f39becb9
2026-05-28 01:04:37,083 - INFO - 📝 Document mis à jour : fa9fd368412eaf252709df07292179b1c9b419ed67bb94283ef3417a2ca6e4c1
2026-05-28 01:04:37,083 - INFO - 📝 Document mis à jour : 70132d304cf5ec266a42388e7546770355d29441c148fc98f7ed388148d24e92
2026-05-28 01:04:37,083 - INFO - 📝 Document mis à jour : ff0fcc2193c16dc6ce009c49f1cfef85d0e310146b92dcde6b97a4d9a76416a1
2026-05-28 01:04:37,083 - INFO - 📝 Document mis à jour : 4e8f57eaa125d4c9334b8a93f66fb7b01bae4727799e6be34b8f03fd485a5830
2026-05-28 01:04:37,083 - INFO - 📝 Document mis à jour : 7ef64988d406c8bb7f4796b17e6b6a1ba26528c7f0e37bfbbfb62ae9bb271211
2026-05-28 01:04:37,083 - INFO - 📝 Document mis à jour : 3230c6af71f3d43f461050ce806ec587df618a11bf6b56b7e498d288b1e298d6
2026-05-28 01:04:37,083 - INFO - 📝 Document mis à jour : 46e54845bdc1ba22411f8af30f85ea79be935fa0617fd41d921eb8ce297da7eb
2026-05-28 01:04:37,083 - INFO - 📝 Document mis à jour : 2173a766b5a252b81fb41d4a33307336131525a877ceab73907a41f7c2faa613
2026-05-28 01:04:37,083 - INFO - 📝 Document mis à jour : bbd575c18a78db840e700014b9a134b1b18a184a813c0edac33f76c4b5ccb837
2026-05-28 01:04:37,083 - INFO - 📝 Document mis à jour : 8e6e8b99f876b81069fc682e96e4925baee9e9865095c1721edcd626dc7fac47
2026-05-28 01:04:37,083 - INFO - 📝 Document mis à jour : cf4eb086af48e52a1304118cb7190bb5160a7939caaf7b61a77db212a406a558
2026-05-28 01:04:37,083 - INFO - 📝 Document mis à jour : 72d423b070448a5088def357ae367c3504e953d266693403a47397a8c2658658
2026-05-28 01:04:37,083 - INFO - 📝 Document mis à jour : ad29f6eb57f9d7efb0369693f424ce6fe26b9fca70a01412cc95d461c24a9dd6
2026-05-28 01:04:37,083 - INFO - 📝 Document mis à jour : c93b5734dc3af0732c8d104079dde4aaf02a4010e13f156e77baa2202ecf5d00
2026-05-28 01:04:37,083 - INFO - 📝 Document mis à jour : a45b8518cd8d4195cd26fde251c9718fbab37165160739cac8df4f48a9c7db93
2026-05-28 01:04:37,083 - INFO - 📝 Document mis à jour : e57e0c5ddeee09806fa1a45ac3d79108735449b6645531c4977988e3b82685ba
2026-05-28 01:04:37,083 - INFO - 📝 Document mis à jour : a8eee0e400dfdb09e04bd0075aef1b1f652b95e1f9539fed56c7715c77016b47
2026-05-28 01:04:37,083 - INFO - 📝 Document mis à jour : 5deb90cad59d14498a39fcfb7659473fa7447cb94025a4bb9c109b9d781c4f13
2026-05-28 01:04:37,083 - INFO - 📝 Document mis à jour : d893a5c32bb796a3f15f4b5ca0aaec0af5cb7516912274979961a95ffdbdafd8
2026-05-28 01:04:37,083 - INFO - 📝 Document mis à jour : 152f9e32397296238d885b4522a0019e5bdddaddd7f5804a4f722b7aa7c0789d
2026-05-28 01:04:37,083 - INFO - 📝 Document mis à jour : 16fab70ead5ce82cd75d327634d70b27e9c3f48f83dad28214093f9d29d79206
2026-05-28 01:04:37,083 - INFO - 📝 Document mis à jour : a1dfe32c35b2b6b2e556da227eadf65548e98f418632921868ba233be3b0d2d0
2026-05-28 01:04:37,083 - INFO - 📝 Document mis à jour : 219fb94fbc254cad6d725e7f991f3ad8083eb1a20c13c0eedb0cc71f36325de4
2026-05-28 01:04:37,083 - INFO - 📝 Document mis à jour : bae070aecca6938475a607d9f1d4adc1d1890386a449bb9ea49d0042a3dbbfa3
2026-05-28 01:04:37,083 - INFO - 📝 Document mis à jour : 914c99288db6368d497172af6674b93dde1d2257380b12d16677f932c0f1fa86
2026-05-28 01:04:37,083 - INFO - 📝 Document mis à jour : 81580816962a33079c618b239c205af7aa1b85fd78d3e3833caa9c6c5c02fb39
2026-05-28 01:04:37,083 - INFO - 📝 Document mis à jour : d1ab041993892b4948eebfb5329464a260089cef0ad0021884db2a668c8e9fa0
2026-05-28 01:04:37,083 - INFO - 📝 Document mis à jour : 0780732183d6363e26c8fa768fb710cb963f97e4ad5331e185c7e238b0c04fb3
2026-05-28 01:04:37,083 - INFO - 📝 Document mis à jour : 6460a4b86beef1690a3df8633528d91739104f2274f5ee27a7543ac33b8391b8
2026-05-28 01:04:37,083 - INFO - 📝 Document mis à jour : e5f502299bf76637ea35eda4f194935c8f391941e57907e9d1846ea6f1af5cae
2026-05-28 01:04:37,083 - INFO - 📝 Document mis à jour : bf8deea67ff19911235f820be7fa6a95d280748f08ac52c85dd0cc86f3a2f7e0
2026-05-28 01:04:37,083 - INFO - 📝 Document mis à jour : 0f0387165d6a84620bc7b697ead85b04521ac7ec8d42e67db6e48ad7385bbcae
2026-05-28 01:04:37,083 - INFO - 📝 Document mis à jour : 6d7cb62b52a27a041af4812c6a3aa0fc7dec55d45c68434026e67db7387ea1fe
2026-05-28 01:04:37,083 - INFO - 📝 Document mis à jour : 7e97f3c2fa050094faae82060d70de375b66d8a643247437054f07d63617c5a0
2026-05-28 01:04:37,083 - INFO - 📝 Document mis à jour : b31b0c8dc567e6da683f190a8f9a0af4073265fd9eba66bccdea15f592b18bf7
2026-05-28 01:04:37,083 - INFO - 📝 Document mis à jour : af39a44af46fba728861d45e175b7aab09b2b85f5e2cfb1f8e0e3c3467f7c9fd
2026-05-28 01:04:37,083 - INFO - 📝 Document mis à jour : 1ebca503e9b3704e7d14ad0d0de87b159d9fe4da12a227d5dd8696a8eb2d278e
2026-05-28 01:04:37,083 - INFO - 📝 Document mis à jour : 5df6d3e4886baf70facabdd130b80c6b2dbac6dab3700631137f78307e5bed22
2026-05-28 01:04:37,083 - INFO - 📝 Document mis à jour : 80e6802fede2394bbcd54b7ab37f9288e94d8aeacbd511f0e46da577c3811402
2026-05-28 01:04:37,083 - INFO - 📝 Document mis à jour : 91ffb88d0ee2f535e49e42d12dc1727122d6f7a9c2dd8744b25c45224321d90f
2026-05-28 01:04:37,083 - INFO - 📝 Document mis à jour : bea90dc8af412140bddefee1567c3897eee2b3bdbfac14be0f9a828a1900582b
2026-05-28 01:04:37,083 - INFO - 📝 Document mis à jour : 6ebc876771d039596fe5eb1ba4876edad73a64ab0880083b276a5cda021e6526
2026-05-28 01:04:37,083 - INFO - 📝 Document mis à jour : 195adabcb5fb332aecda9b52b0feaec30f3e1c541cb66b686bce27561257ab70
2026-05-28 01:04:37,083 - INFO - 📝 Document mis à jour : 04546baae530ef26a3af99d5b9495495782641d15831fbf17481a6a8954ce1b3
2026-05-28 01:04:37,083 - INFO - 📝 Document mis à jour : 9c2f12c8d362e5f85d6b19015bd0d745559fbc7ae9c58b39e941dab494587686
2026-05-28 01:04:37,083 - INFO - 📝 Document mis à jour : d322d67d3d502b9a681bc8a2165e3a1889e76b4714d4a295b747d97ec8f5fc91
2026-05-28 01:04:37,083 - INFO - 📝 Document mis à jour : 588c1471fed8d8f43ef59dd305b552877a9fda2b11613f03e97c5e60ab2a1c92
2026-05-28 01:04:37,083 - INFO - 📝 Document mis à jour : 56f76f0e6bd4e8d2f738f1e31f4494448ac6dc4dda1cb4286525a730c2e28401
2026-05-28 01:04:37,084 - INFO - 📝 Document mis à jour : 111a281acb7b16784f45fb64256905c4d0559e37d2d788745b0bc37eab558642
2026-05-28 01:04:37,084 - INFO - 📝 Document mis à jour : 0903b866162e76db33500be8297c8ca2e029d550fb64a6ee422ec84635a898e1
2026-05-28 01:04:37,084 - INFO - 📝 Document mis à jour : 68d5ff3205828a8b7bf9d579813258261efb2e9bc7af6caa35a25e2542a1d3e0
2026-05-28 01:04:37,084 - INFO - 📝 Document mis à jour : 61a7599bfd3b035f54c7be48a820b6d23eb256b85e604a0f7f450861262e349f
2026-05-28 01:04:37,084 - INFO - 📝 Document mis à jour : da4b0d3299974b7a4d20de9ff78769be7ae811d5fe982225b8faceff965cceb8
2026-05-28 01:04:37,084 - INFO - 📝 Document mis à jour : 81da812a37d432a4db56f0bac13d9bf2e51c0720fb20de8eac5753bbd8286ad6
2026-05-28 01:04:37,084 - INFO - 📝 Document mis à jour : bd008f56fc9083dbe06b4a1939068588bc7c9c1da4a3f6e1fec396f670ea995d
2026-05-28 01:04:37,084 - INFO - 📝 Document mis à jour : 15884d869fe12823c80114c1b7edafb5344f14d282bee21be86f2fcbc893e119
2026-05-28 01:04:37,084 - INFO - 📝 Document mis à jour : 4735aba82761941bcf046f04474c337a4388c97c66fd1800e3d115e46ddb10f1
2026-05-28 01:04:37,084 - INFO - 📝 Document mis à jour : e26e4ce5cba1fb73032ae852e90319c6fa5ee4a1517e6fc72cdb7e32aad14793
2026-05-28 01:04:37,084 - INFO - 📝 Document mis à jour : 2a13a7d2fe3f8fde50d853ae1484578a750d2a4eef89b5b56a553cd32bdc1b03
2026-05-28 01:04:37,084 - INFO - 📝 Document mis à jour : 8f404e3d0fc65e92c3616bb687166d4ef4ac4a5357ee64e8125fdada0e32a9cc
2026-05-28 01:04:37,084 - INFO - 📝 Document mis à jour : cd2480b6374fff8e548970f9143f97af7a70e21827e596ac6e79f2b143289305
2026-05-28 01:04:37,084 - INFO - 📝 Document mis à jour : 845932cd3fc9c246528b9fb4a304f0bb5107d76054fc5cb5e4aa2710322226c4
2026-05-28 01:04:37,084 - INFO - 📝 Document mis à jour : 4c5735061a27d11f00985403e80b0a0f62bb21083978b90a5fec15bc74fb7984
2026-05-28 01:04:37,084 - INFO - 📝 Document mis à jour : 6d20723afa6fb57ef23d5f64036d943995647a4766379f4ae6237b850891f127
2026-05-28 01:04:37,084 - INFO - 📝 Document mis à jour : 69be69ec324f624a0d7275271f92cf72720081238bf75331ee0f1879e3791f18
2026-05-28 01:04:37,084 - INFO - 📝 Document mis à jour : 8b1f3db92aeb60bde25b645f3394506b66bc2770df9f8b9bc2c50214ffd2803a
2026-05-28 01:04:37,084 - INFO - 📝 Document mis à jour : 129e791ae0c7aad9fb06f640d17c63538192a8df9771a38f4836caa315379841
2026-05-28 01:04:37,084 - INFO - 📝 Document mis à jour : 12bb59c910830d20e24a73451b42a24987774cd62fd0894e7b6961b462c35931
2026-05-28 01:04:37,084 - INFO - 📝 Document mis à jour : 3187844038921141059d9b2aac3818f53a3e242b3083c3cd1bc86e730ee6b539
2026-05-28 01:04:37,084 - INFO - 📝 Document mis à jour : a79b1153769a6e6cbc26d6377a48ceb6396c87d22f7f724dd3b11c142abae5f7
2026-05-28 01:04:37,084 - INFO - 📝 Document mis à jour : b3e541169b65c32b8755c5c098991dad02919726a25dfd4413af9a3d987cc775
2026-05-28 01:04:37,084 - INFO - 📝 Document mis à jour : 9d8bb9eaefa84f8e7121b3e2df2872971af47e6c74bc3cf2cf067e76c652811c
2026-05-28 01:04:37,084 - INFO - 📝 Document mis à jour : 21b2ea08bfd6c8001f6d34c3f1cf96ce3f7ff161e3c58897aa029918adea6af4
2026-05-28 01:04:37,084 - INFO - 📝 Document mis à jour : 69779ce9f29a954162a74e304a5caf1f6a9f9783a12b97525b100e239a840150
2026-05-28 01:04:37,084 - INFO - 📝 Document mis à jour : 0c5ff06d26e61e2397e24f675fa7fda144862499a91932d763477dd4fef68c20
2026-05-28 01:04:37,084 - INFO - 📝 Document mis à jour : d3cba21031057013a85273456cb78a921586d3b2ffea670fe0a45946250afe81
2026-05-28 01:04:37,084 - INFO - 📝 Document mis à jour : 78edcdf9a3b5b794d313649abcea0fb7050fef266d67abfceb9f91b8638e66f0
2026-05-28 01:04:37,084 - INFO - 📝 Document mis à jour : c998bf3d9ce51938cb4f1fadc1772c39ebef98fbbc63b084a87a25f8b69fac04
2026-05-28 01:04:37,084 - INFO - 📝 Document mis à jour : 8d9182bb32f9732d53341685a302d6c0c09c7fd6a7c0f349d443b7257e928ac7
2026-05-28 01:04:37,084 - INFO - 📝 Document mis à jour : 9654ff3f3b80d0d92674cb6bac3fc525dde8d18f4527c706c1fe98e2873b5e2b
2026-05-28 01:04:37,084 - INFO - 📝 Document mis à jour : 2d0fe77448c78bb31037b7b1e4689dfb45bf705734b42a6eef942b814a514159
2026-05-28 01:04:37,084 - INFO - 📝 Document mis à jour : c8b35677445a34b6743d16a8cc8643577a7dd4bcac21d902adce8706953e0277
2026-05-28 01:04:37,084 - INFO - 📝 Document mis à jour : e9ed82bf544f1bddc26d7282ea9b907967028f51d164ac7b082486284a3c20be
2026-05-28 01:04:37,084 - INFO - 📝 Document mis à jour : 2984f179729522fbe4e5c39d253f6cb7e61f363faca11394aa6667d400b99e39
2026-05-28 01:04:37,084 - INFO - 📝 Document mis à jour : bd13d3f6c88c8f09585b0976180ddeb3934563e9a985d2d11c734d96a34669f6
2026-05-28 01:04:37,084 - INFO - 📝 Document mis à jour : 4856f4f108684f3cc5da19b9bc8d8a6dbddba273114431e815f801e4ed833551
2026-05-28 01:04:37,084 - INFO - 📝 Document mis à jour : 216b1cfc609984fd70530bc6f8c468e924a2d72d0633548a97f14249e30285e3
2026-05-28 01:04:37,084 - INFO - 📝 Document mis à jour : c4f63dd4307f0b0ef8866ae6893def5498f2be3807587fec2aa22f32b7feacff
2026-05-28 01:04:37,084 - INFO - 📝 Document mis à jour : 693d00db3d4a1c69c423138e283ad79b6269855537deeee215e64022708f36eb
2026-05-28 01:04:37,084 - INFO - 📝 Document mis à jour : 43ffae06910cfe9a818ce8f5826b5ea7c6f356e714cccfedabf6db180a9a7564
2026-05-28 01:04:37,084 - INFO - 📝 Document mis à jour : 67c368b9d7f9bb5fce6e2e26c635281a11e134dbe1c81aeba7fd2bc204cac64b
2026-05-28 01:04:37,084 - INFO - 📝 Document mis à jour : 631fc7b0c955883f556f6fb5433e58a74b7985ba8dcb854e4b3981301f7227ce
2026-05-28 01:04:37,084 - INFO - 📝 Document mis à jour : ab3719efcbf939332f8b759ccf63153bae8e1c28ce12965904be9f0a0a709a9e
2026-05-28 01:04:37,084 - INFO - 📝 Document mis à jour : dcebe7c85f8b7874e0813f3591efb654b8dc61e0333af58d6d51caa1b0ebe84d
2026-05-28 01:04:37,084 - INFO - 📝 Document mis à jour : ab8cf30ec040a845b5c29062fd67fde7f9499647a0ecdba353028bf9122c7537
2026-05-28 01:04:37,084 - INFO - 📝 Document mis à jour : c27c92b223594fbcca4488b9fa8ac3eda6b23b4228f30ed874c0545f9e46fb3b
2026-05-28 01:04:37,085 - INFO - 📝 Document mis à jour : a2acd0e51855e034d2688c0271aca950a84c8660af2af3f25f58d4a172602dae
2026-05-28 01:04:37,085 - INFO - 📝 Document mis à jour : b79a1d832b8e7bb20ea595cb78e18d950fab00ed875ec1d7cf81979476379c57
2026-05-28 01:04:37,085 - INFO - 📝 Document mis à jour : ee4c17b876ce75760f80c9812bd1f992a95530a69681b847c6233a61235e5c85
2026-05-28 01:04:37,085 - INFO - 📝 Document mis à jour : 200263dd762c2dbdd9cf9bef4b365ec6927e3321c0d893836687274446900764
2026-05-28 01:04:37,085 - INFO - 📝 Document mis à jour : c76743d3bec8001a88388d17a2676913ae7ad313a5a94d42d1592be2787995c9
2026-05-28 01:04:37,085 - INFO - 📝 Document mis à jour : 3c3326ed758bd77e94c3592717112d04a6d9fb521fff1a09a249a93e31703ff4
2026-05-28 01:04:37,085 - INFO - 📝 Document mis à jour : f20478e5b3c9fbdbe7b16f56b06e3632b57ea08ce6d9b081f62a2868a74051b1
2026-05-28 01:04:37,085 - INFO - 📝 Document mis à jour : 2d5c00c952b581001ced4e63b6e0d86e5555f0df9dfb8c7ffa7252859a93b668
2026-05-28 01:04:37,085 - INFO - 📝 Document mis à jour : 8a557487e95a28b2fb51e7ff1a24ae8640017de91fb5725d3a50330539eafb98
2026-05-28 01:04:37,085 - INFO - 📝 Document mis à jour : 6201999830f3f99a80f1df45f54e5e80f6c380faf8dc16da1fd2f6834f942488
2026-05-28 01:04:37,085 - INFO - 📝 Document mis à jour : e2d6b937d33e02d117e845b2ffbcf4879e62d569390d39023cfdded421c8decc
2026-05-28 01:04:37,085 - INFO - 📝 Document mis à jour : 8e9ea03249cd3bf375588b7bfce1254b57b07aa6f32e5fa573a5cd0d924949a5
2026-05-28 01:04:37,085 - INFO - 📝 Document mis à jour : 5d01310daa47369c39dff1a1166f205860f49075fb7b2a4850dc000be1dd5931
2026-05-28 01:04:37,085 - INFO - 📝 Document mis à jour : 00da0f7008d307d76f5f0a794e26ddbae316fdaa26161e91afed41008a7368ad
2026-05-28 01:04:37,085 - INFO - 📝 Document mis à jour : af91f93b576eb2318e0421a0e80bb6478ded63c9b4e293e172155bda077aaebf
2026-05-28 01:04:37,085 - INFO - 📝 Document mis à jour : b71c2bdc65b8c5cbc4697395d1c11434453e0d57419521f22a606575d0432829
2026-05-28 01:04:37,085 - INFO - 📝 Document mis à jour : 1afff0fa8d24d816725362bef4500a862750d52c9551c891a356df4cf969375b
2026-05-28 01:04:37,085 - INFO - 📝 Document mis à jour : 0a045a6ad6a12160bf1250935ffa38e29dc6f934b58e512ddf2dcccf441e412f
2026-05-28 01:04:37,085 - INFO - 📝 Document mis à jour : 364efb727b76bbe4b71a0e3de8292569d1c3ece5ad7b7832fc6620c9e38b3a31
2026-05-28 01:04:37,085 - INFO - 📝 Document mis à jour : 7db8c45ae61a9a6c58b2eb7e81a2003cfd11f534f92744b884f6c6ead74251ce
2026-05-28 01:04:37,085 - INFO - 📝 Document mis à jour : 846ad03c755013bc36908dd1932cec82f926d0524c126146323e22cf2bab244d
2026-05-28 01:04:37,085 - INFO - 📝 Document mis à jour : 5a13d9a95447662253268b869105e8e9afb81b6c84f9ce4c8228e255f4046635
2026-05-28 01:04:37,085 - INFO - 📝 Document mis à jour : 097aed9fdd3353d4bbb3c5c30c5b7876c44190daeb46c6f1b5ec16c3b37a083f
2026-05-28 01:04:37,085 - INFO - 📝 Document mis à jour : 91c25fdb1ab99675cce82de9725f2048e1a7f8ae18a4b67e912dd3ab30b09213
2026-05-28 01:04:37,085 - INFO - 📝 Document mis à jour : 31046fff1ecbb0348176f105add45bb802f3dc11c24b213fe32909c2c2912e0b
2026-05-28 01:04:37,085 - INFO - 📝 Document mis à jour : af4142584d06e5c10556ff642f67f41ab0453d973f6229c19623e5a6aeab0c60
2026-05-28 01:04:37,085 - INFO - 📝 Document mis à jour : 187088ff62f81ed7b07af588b792fdcbfb592dd1fce6cc4400611b5ab7985e2e
2026-05-28 01:04:37,085 - INFO - 📝 Document mis à jour : 0f81a8c1f6d817774cf1becebb42f47b46657b7800fed2eacac9feadba244a11
2026-05-28 01:04:37,085 - INFO - 📝 Document mis à jour : 0be9e1d34506fd06da2489ff5faf0d77957b388c3e02e27669d02f567824ccfe
2026-05-28 01:04:37,085 - INFO - 📝 Document mis à jour : d064ada0e30aeed2190cc54f1fd023226905d0b9ddaaa4e270529743fe30dcb8
2026-05-28 01:04:37,085 - INFO - 📝 Document mis à jour : 50563692b913e8347d02b1e27f1b5e534934d06a4476f689537697cc4343165a
2026-05-28 01:04:37,085 - INFO - 📝 Document mis à jour : 4c4fcce634a2a1b540c25ae2ab80d4126ba8aa2809ead211833b4f54af9e5563
2026-05-28 01:04:37,085 - INFO - 📝 Document mis à jour : 8107a3f7705b5d4efc8e4d2f3fc9f825f873b9a9b1ada5c53d111dd15433b310
2026-05-28 01:04:37,085 - INFO - 📝 Document mis à jour : 71adb949cc2fc05d30bc31d7bac17983708fcf890fd6c2a6e529c3e4ff7e4e8d
2026-05-28 01:04:37,085 - INFO - 📝 Document mis à jour : 2685da43c022c6ab8ca5693c2540512aeb7fa53f0b753871d2ae16c70c00358e
2026-05-28 01:04:37,085 - INFO - 📝 Document mis à jour : 16f600e9292a66bedb35072a355ff10b41213e0c4f47866617e7181edf656eaf
2026-05-28 01:04:37,085 - INFO - 📝 Document mis à jour : 601b01cd7c693ad9cd6b60ffe80ae8a5d55ec57ef0cc085fd44b61e58f84e81b
2026-05-28 01:04:37,085 - INFO - 📝 Document mis à jour : a2bd490425407a1901f86a6ed61c850d8fdefea8925b8baff30620fc3869bf3f
2026-05-28 01:04:37,085 - INFO - 📝 Document mis à jour : 9335d8f3b166505c3a44d7e57622dfb3555de1331ed6fc5ea0f467c2d1e50d57
2026-05-28 01:04:37,085 - INFO - 📝 Document mis à jour : f8b9c5dadb7e096101ca266e34d1da43e78b759200dc7a1f6bc9bf78fdff5443
2026-05-28 01:04:37,085 - INFO - 📝 Document mis à jour : 3ce6c2720e2c2b94362eca4f95f9e5622b2b5a5c217022161f3f552f7fbc372a
2026-05-28 01:04:37,085 - INFO - 📝 Document mis à jour : 19c46c5781a962fab9d532fbab350ae49dea1be81f6eb969194618addd0410cb
2026-05-28 01:04:37,085 - INFO - 📝 Document mis à jour : bc1ec8ad613a0c4deeb013c09f2580fe39f9af0841dd4e84ce8d32817dcd66a9
2026-05-28 01:04:37,085 - INFO - 📝 Document mis à jour : 410c9350832cdcb2ba67b25740981e0e9e815887b50450ccbb14eb5906810d8b
2026-05-28 01:04:37,085 - INFO - 📝 Document mis à jour : 5fc85b13d194f5650b983c4d8c8f521d0f1a3e859f63ca34fab33ecd0ced1062
2026-05-28 01:04:37,085 - INFO - 📝 Document mis à jour : c4f49a6d7b34725f326f714c8eed87ecc7cae38371c1f97f5a624608c2e132c3
2026-05-28 01:04:37,085 - INFO - 📝 Document mis à jour : 24dfbe879a16034892fac9fcbc029adfbe636226fed4e9cd3cf5e704b39f6ba9
2026-05-28 01:04:37,085 - INFO - 📝 Document mis à jour : d8bdae2e02b940fdb64c5e3dcf3142bdd2045475c5086d0afa52b1103266557f
2026-05-28 01:04:37,085 - INFO - 📝 Document mis à jour : cc9d763447c94e656f445e2bdfbca7c3ec2ee4bd51fe527c879670052bddc5d7
2026-05-28 01:04:37,086 - INFO - 📝 Document mis à jour : 938ea5d5cff08c1222aa5ab81595edc04acea16984372c48b0d88a5b09bec459
2026-05-28 01:04:37,086 - INFO - 📝 Document mis à jour : 8b018ae018c81bed2f46bbba8cd0fd3f5be14420b6ce95c5763530fd0c24834e
2026-05-28 01:04:37,086 - INFO - 📝 Document mis à jour : 3342d1c1c2075f642ff7fd7531387a48a99b55197e1374539253f5944a04b708
2026-05-28 01:04:37,086 - INFO - 📝 Document mis à jour : e39a64205500958e81eae4c92294f0dea8c1e25e408c58a57bbc91f911ef0521
2026-05-28 01:04:37,086 - INFO - 📝 Document mis à jour : c1c16cec3c8751755ba8d4641e87dd44f84e93d2fbcfbd63d4bcdc90c532d0d1
2026-05-28 01:04:37,086 - INFO - 📝 Document mis à jour : 4de6ccaa6ebd453f4ba3b5a81c46fea589eab876b9509991e634aa56da5fa895
2026-05-28 01:04:37,086 - INFO - 📝 Document mis à jour : cf037e7ab90000492b9893eac6a29d86d5363ac394a2efb453f0272d3ae89145
2026-05-28 01:04:37,086 - INFO - 📝 Document mis à jour : 318e6036eb7cd7431e96655319b6b3f13fc929e948025ea118781bad66b2d09f
2026-05-28 01:04:37,086 - INFO - 📝 Document mis à jour : 98c0bdc408b843067202dcff22fdfa04eecc10fb3870936a9468bd16c01b6c12
2026-05-28 01:04:37,086 - INFO - 📝 Document mis à jour : 00995149a1083fb69e5686ae3f5d5bae2735253fdf759eac044fb24fe70d971e
2026-05-28 01:04:37,086 - INFO - 📝 Document mis à jour : 538911c5615ce1fbce9c7dcc9ef509de6bad5ddb08cdd1e6e63b9f3df497d6a4
2026-05-28 01:04:37,086 - INFO - 📝 Document mis à jour : 476d3e440037a59930749fce2bb21420d62968ac49a747da2efed7e9e30dd3f8
2026-05-28 01:04:37,086 - INFO - 📝 Document mis à jour : 17c3659ff9017a532c3eaac8292d49aec194ffa91fa680edfbd50c50defe5a7d
2026-05-28 01:04:37,086 - INFO - 📝 Document mis à jour : 4d59720e82a10dc5ef970da53a75c5feaf5e4bb1f3675a765f912d250dd64766
2026-05-28 01:04:37,086 - INFO - 📝 Document mis à jour : 6829c076701246860509cacd7d6a21ed0bf3731cfabfa087b736e0def8e50873
2026-05-28 01:04:37,086 - INFO - 📝 Document mis à jour : 3b27ea0a88892243b5d02333faf80bfa8e79a98b7e0abafe14217d44e85a7838
2026-05-28 01:04:37,086 - INFO - 📝 Document mis à jour : 4da67e2cc4f36f3d5f2b20499044a808811c8cb1c3b805a8b437e77df313deab
2026-05-28 01:04:37,086 - INFO - 📝 Document mis à jour : d6f913d058f53d38dc24df97cdcd42066c51214c468b7070dedb873b9e52575e
2026-05-28 01:04:37,086 - INFO - 📝 Document mis à jour : c101c0845c8dcbb8648f462d94350f571f6221ef427a3c1514699b9cdcb06d5b
2026-05-28 01:04:37,086 - INFO - 📝 Document mis à jour : dc26757d204fc25e0acad3ac88c16a4a27bfc2a9907ddce19a6d674b440546f8
2026-05-28 01:04:37,086 - INFO - 📝 Document mis à jour : 1881c5c1d1d7b5ea5590257544a66b9f9b21e7f2117430fe12c20817d96fb9f3
2026-05-28 01:04:37,086 - INFO - 📝 Document mis à jour : cf85d36298c3873ad73d79d09f3b4dc7617d832bbfa4f26723cacdfb8fff1413
2026-05-28 01:04:37,086 - INFO - 📝 Document mis à jour : 441285a10e10836334034c9b4db3f0fbfd8697881a485cfefe1211f70466fcfd
2026-05-28 01:04:37,086 - INFO - 📝 Document mis à jour : f877c325e8bb91f319e5a2fd002d0b53df9535e8f2640a310431c14fa6210dbe
2026-05-28 01:04:37,086 - INFO - 📝 Document mis à jour : fa11610685f21c6f5b2697ddeb3d03f0ef950b169aa919cb4b7efdce9ddb452f
2026-05-28 01:04:37,086 - INFO - 📝 Document mis à jour : 23ead9911e1a817d0ad441bc42d0c5513d268fffd822e9fe28127bf2e4123747
2026-05-28 01:04:37,086 - INFO - 📝 Document mis à jour : be9215e62434c9ac4960352de2689ac47abf1c76daa2565b5491461a1a29b44a
2026-05-28 01:04:37,086 - INFO - 📝 Document mis à jour : dea1154066cfa77f7d362512bed6c3f5a2131a9339ee2eb133a4d214a11c81b9
2026-05-28 01:04:37,086 - INFO - 📝 Document mis à jour : 25437d0168a082670f58447e29c27a2cfe92e3bbe60886e0682097edf043ddf5
2026-05-28 01:04:37,086 - INFO - 📝 Document mis à jour : 8d0d7460effab0850f85ff9a2a06eee12a0ede7d5a04ad1a185e4a67b9ae866d
2026-05-28 01:04:37,086 - INFO - 📝 Document mis à jour : d36ffcae4635d913b0eaeb0074d3bb80dbe5ac9d7c6d2790cbce56862d51b594
2026-05-28 01:04:37,086 - INFO - 📝 Document mis à jour : 584677f0fdbd043aa18dba5bf44484aa2c78a718959330101b0137b8844b1a31
2026-05-28 01:04:37,086 - INFO - 📝 Document mis à jour : 64464fba0e1c17ac0e70f7e027711f986fd4b2596d3a8fe9a17b4e8e9bed9766
2026-05-28 01:04:37,086 - INFO - 📝 Document mis à jour : f3247c31c0c606e007941f3b0477957f97f4e1f7f13500c85db3a3f97b6c6182
2026-05-28 01:04:37,086 - INFO - 📝 Document mis à jour : 3378e1c091346934e447e220eb1614c8ecb980785f134e726cae27aef165fa54
2026-05-28 01:04:37,086 - INFO - 📝 Document mis à jour : 2bee81ef8fd6bda10c5ab1c398902a6c13a5de14ba17a86b613da44ffa267077
2026-05-28 01:04:37,086 - INFO - 📝 Document mis à jour : f09e622791ebd9032fb1d310554b931a7bcad258d9bed6bfdc66ee57f5c2d98b
2026-05-28 01:04:37,086 - INFO - 📝 Document mis à jour : db0565889b7a024b12fa1de97a61b0f09f00ae4da2cc92e1a531903d7d86e9f9
2026-05-28 01:04:37,086 - INFO - 📝 Document mis à jour : 41260ffa725539cfb8218fe0b8e1f85c280f44a34e30797d791c841d4290f757
2026-05-28 01:04:37,086 - INFO - 📝 Document mis à jour : 0ea456b9c4854e0890181c038805a853293711e9235c9f816a19f0f7e5ac5bbf
2026-05-28 01:04:37,086 - INFO - 📝 Document mis à jour : a8708e68527150c31147952a3373610124f62c2a0a6b49b4dafd9949d266abf1
2026-05-28 01:04:37,086 - INFO - 📝 Document mis à jour : d25b06c78923eb7772e44d6fba7614790c5a26c2c43b6a0ed289c74476515d23
2026-05-28 01:04:37,086 - INFO - 📝 Document mis à jour : f165f30e0a0aeaa9a0dfb55105059ac546a234eb0c310369b61b931689c9246e
2026-05-28 01:04:37,086 - INFO - 📝 Document mis à jour : 77fc4776c958dcaa0a9ad3dd78a2ac01b3c92d76c106c4248160067cb8b81f3b
2026-05-28 01:04:37,086 - INFO - 📝 Document mis à jour : 79e8b8d4797364bc5aa6d43e6401cd5f1b789cc8baefd1957cd62ddbf4adbb9f
2026-05-28 01:04:37,086 - INFO - 📝 Document mis à jour : 4acbb8841260e866c4e9fc3901ef9f82b5a76addbb18b65e933ece229f296ff5
2026-05-28 01:04:37,086 - INFO - 📝 Document mis à jour : 4616d3681c23ba5576579fa8822879c0f5f390bf5ae58d3c92a491d3ee257cdb
2026-05-28 01:04:37,086 - INFO - 📝 Document mis à jour : eaac57ab8e33d9357c9c5c09041b23f796d658cb431d5c75b61e7654f87513dd
2026-05-28 01:04:37,086 - INFO - 📝 Document mis à jour : 700a545fc78cdcade1801d7e79572ab0464e87bb3189b8d9e6e1f2345284c9f6
2026-05-28 01:04:37,086 - INFO - 📝 Document mis à jour : 4c13d518e20a197d5732c03d19178a31b6d69e74a54c9c4c7e8d3fb381a36dac
2026-05-28 01:04:37,086 - INFO - 📝 Document mis à jour : ff6d6d2fcd800a701a4f152a14ebd533b38d9bd600b320360816c3d9d800b6ec
2026-05-28 01:04:37,086 - INFO - 📝 Document mis à jour : 74a695554d5017e21e07d3d08741c35c8ee71a3ef0dc5a02289ba65560fd872d
2026-05-28 01:04:37,086 - INFO - 📝 Document mis à jour : 3ef2f92231fcddbfbfc0b03d7f5da0d12714bad12576072e745ec185f6e69b3c
2026-05-28 01:04:37,087 - INFO - 📝 Document mis à jour : 8b556a7036bff9924942843123fa8bf96bfc4d461a5f58efd32949dc2bc37c1e
2026-05-28 01:04:37,087 - INFO - 📝 Document mis à jour : bda190b3135a586c920ed62c20b0608822e9edf03cf3badf38884a2b1c2c6512
2026-05-28 01:04:37,087 - INFO - 📝 Document mis à jour : 1364486567c8ab6f84e7d26612cb95214a710c8194abf27241952522e8f1db37
2026-05-28 01:04:37,087 - INFO - 📝 Document mis à jour : 9a8e89138f62c6b45c8710e0d2ca9e53a3a926b77a0f44296620feb1bbf837b5
2026-05-28 01:04:37,087 - INFO - 📝 Document mis à jour : d1c92cd30c5d9ceec1211ba5727904fd951b310c20825e9deb4d53238098a073
2026-05-28 01:04:37,087 - INFO - 📝 Document mis à jour : 904aee5ed4a395c04fe5247f2015d05ba3e88d3813836d234d6356a40661852c
2026-05-28 01:04:37,087 - INFO - 📝 Document mis à jour : 3e381d1380fdf73826da9cbd3118aedf4fe7c146732169e46375fdaaead6f313
2026-05-28 01:04:37,087 - INFO - 📝 Document mis à jour : 4b012c08393664e93520637876942fb3d0a6b3fb532fe55a56a1c20cbb044456
2026-05-28 01:04:37,087 - INFO - 📝 Document mis à jour : eebbace7dfe84eede1b0a51fbb343a46a725e695d729cedf23ac8f85b910a580
2026-05-28 01:04:37,087 - INFO - 📝 Document mis à jour : 42d1d516ba5ab7db79ad698888e5280dab3fe51d91178144601ddcf326c41464
2026-05-28 01:04:37,087 - INFO - 📝 Document mis à jour : 7c7044b4e2d782b6685cc1eafab015706f9464eb0668693a5a14a59ac85693a6
2026-05-28 01:04:37,087 - INFO - 📝 Document mis à jour : 5a3fb447bf524a7b4c58ea8db4fac7ff0c3b2ff014de251a91678c361bc1bd52
2026-05-28 01:04:37,087 - INFO - 📝 Document mis à jour : 7be387022b95e64546abf038077d1f5c76b0324fe8ee3b9eef35355bab8a153d
2026-05-28 01:04:37,087 - INFO - 📝 Document mis à jour : d3ad057201cf093ac18fa7892ca86b4bb70c884bfbcf1dc013e42f569a862396
2026-05-28 01:04:37,087 - INFO - 📝 Document mis à jour : 9a211c0b555096be81a630b7fff5e7115e43fb1cdef99275796322d43246bd59
2026-05-28 01:04:37,087 - INFO - 📝 Document mis à jour : 5a7fd031771d3d4ca53634576530050d3c75879b3819dd33d32c96ab0289faca
2026-05-28 01:04:37,087 - INFO - 📝 Document mis à jour : 16adb316a31c1aed5d527db8dc9e77bf480832e4ba010a2d8f78034b7cd55d72
2026-05-28 01:04:37,087 - INFO - 📝 Document mis à jour : 6450a26daa4e4c0d5e755a2fb5f19dc98d950fa37b7a5c730b6fabdb4c474e1f
2026-05-28 01:04:37,087 - INFO - 📝 Document mis à jour : b0227d6917b381ab3b7c140df2014a3c63ebce58093e7114bdd8a820533fd072
2026-05-28 01:04:37,087 - INFO - 📝 Document mis à jour : d5e425d3b45f8be8865d26cc885054f69762b048c89be774b81d432124145279
2026-05-28 01:04:37,087 - INFO - 📝 Document mis à jour : 5f61243e4194d4c60df75f4b81aa4796d28426d9e8fe0cd977aac2f4e8a33471
2026-05-28 01:04:37,087 - INFO - 📝 Document mis à jour : 936dbb9ec2c134bfabdd5152155a8b232e3a9f2b1413cb4b044d906aa038dd5b
2026-05-28 01:04:37,087 - INFO - 📝 Document mis à jour : 655f19de4b85fc2c152c656e8e5137ba9f6037aa8547fa608db56075984615ec
2026-05-28 01:04:37,087 - INFO - 📝 Document mis à jour : 9a6df9d4cdb662df873866f0c78f1be5f653a98439f172f81a510371cc47cb77
2026-05-28 01:04:37,087 - INFO - 📝 Document mis à jour : a4e2ae847e305cf4f43c5b41ee68c6e1d80d872b98a308114590de6534cdaf7e
2026-05-28 01:04:37,087 - INFO - 📝 Document mis à jour : f5c1f016a6a50a88044243a20932366f902780e4cbb6c7c2a006febe9d8f99da
2026-05-28 01:04:37,087 - INFO - 📝 Document mis à jour : 9015324338a224638e1aa8ec6ea198f5032aa52227ca357c7df910e20d886b96
2026-05-28 01:04:37,087 - INFO - 📝 Document mis à jour : 8e39e28588ce0cca466da3cc5f39d2116f99f4cc33b3e5960ab62bbede813576
2026-05-28 01:04:37,087 - INFO - 📝 Document mis à jour : 1b43c07f90cd2ba8ca0b7b3da59bc82e27a2107651251d457005a7e2dc40763d
2026-05-28 01:04:37,087 - INFO - 📝 Document mis à jour : 44fbd86f97081d8784666245e18b13dca0d4bca7a75fbee0c2c555b2f8d6c736
2026-05-28 01:04:37,087 - INFO - 📝 Document mis à jour : fd8c0495542611abf4bc3963abb3012cfcf29a9db6ef0b78180bb9e426129d70
2026-05-28 01:04:37,087 - INFO - 📝 Document mis à jour : 927f564a83deca57ceb29c6bf2d500e623419c8cc2b3cf2b5fe0665ccc2781c3
2026-05-28 01:04:37,087 - INFO - 📝 Document mis à jour : 7a5911095b6134ca2cf4e67c3c44fbad0a6b3095215c9a48546764fc6675816b
2026-05-28 01:04:37,087 - INFO - 📝 Document mis à jour : ac866fa1cb7b7c581624fa4ac1fbda8ab53f5c0117b0ca7592da24ae1b5e7568
2026-05-28 01:04:37,087 - INFO - 📝 Document mis à jour : c6c159b9fa854fcccb1a71ef978f5539f132306095be2091563f18b8a660f21c
2026-05-28 01:04:37,087 - INFO - 📝 Document mis à jour : 03b5d18ede14cb173cc1479a45e1554268d6f18c2bbb7dd8b0273e1f5bc769f9
2026-05-28 01:04:37,087 - INFO - 📝 Document mis à jour : a71bda432f9b4c23499de7491eb3dcb834a5754490569566c866655068bfa816
2026-05-28 01:04:37,087 - INFO - 📝 Document mis à jour : bc0358b9c036571a4a1f964238b43bd7bf3cafbbe79ba1f8b66913bb03cb5eec
2026-05-28 01:04:37,087 - INFO - 📝 Document mis à jour : 6cb88fad461b28f4fdb3c25ab0da65cd6aaa90fe50d94475747eacf90e6c01a5
2026-05-28 01:04:37,087 - INFO - 📝 Document mis à jour : 5427700e043d7bc87728df53bf76702d84dcf4d8d656a9d16256d80f05da55f5
2026-05-28 01:04:37,087 - INFO - 📝 Document mis à jour : 720fe5fa30b7944fdfff55597aa27d2c029b13d256df500baff9cea9e22b5c3b
2026-05-28 01:04:37,087 - INFO - 📝 Document mis à jour : 1db16431c916cb1a1ae3e21e35a468b55205befaa0498a12b1946e7ef87ea234
2026-05-28 01:04:37,087 - INFO - 📝 Document mis à jour : ce1bf4d9fed6fbbde52df54d23873aec1cacfd67c90bb19d9ad997a0504438a4
2026-05-28 01:04:37,087 - INFO - 📝 Document mis à jour : 72ba2477f7d5ef8b60748e66d491442722b1438221138fe395ddcd953d2131cf
2026-05-28 01:04:37,087 - INFO - 📝 Document mis à jour : b73bc2712baf6584b165189ccbb71194eb5888484c9a41f4c6cf1b239246accb
2026-05-28 01:04:37,087 - INFO - 📝 Document mis à jour : 25f5101f6bbca4b3d5469512909ddb09561669c363ac9af35e382fd73bf1d48a
2026-05-28 01:04:37,087 - INFO - 📝 Document mis à jour : 44510b14cd0da19957c0d5238e2958415c770890c26546e62d43374f8cc81a36
2026-05-28 01:04:37,087 - INFO - 📝 Document mis à jour : 2984efd80a70302390dac2f611a1da2888e56310b72d8c3b16c7f8d381eb32fb
2026-05-28 01:04:37,087 - INFO - 📝 Document mis à jour : 0934787de60cea6ae4a76d3ab7324a528bd7bdf2d8588beb8642d29f9a5524d4
2026-05-28 01:04:37,087 - INFO - 📝 Document mis à jour : cde6155c9d626963ef5f1c4adea83cb424d1e15b00114032f2d4927baf23f96e
2026-05-28 01:04:37,087 - INFO - 📝 Document mis à jour : 2b6eee393f855cb9b172ba916a51a02070c476336d4b4444ceb79d7a6e8e2136
2026-05-28 01:04:37,087 - INFO - 📝 Document mis à jour : 4e79c1185218136095fa07bf2fc31dbcafd18dfeffc029f8530d2a6eee39244c
2026-05-28 01:04:37,087 - INFO - 📝 Document mis à jour : 1b198faae4095d990bf82c794d03f87c8e2813b3d77c29cab54daf173a46968b
2026-05-28 01:04:37,088 - INFO - 📝 Document mis à jour : 1c91c1226e901dee0324104d52af64982f1fd260930a1319c14877397b6670cd
2026-05-28 01:04:37,088 - INFO - 📝 Document mis à jour : 337fab19b5fa52eaaae467ab0218b4c843b9533e811fdb3057618861b7bfad88
2026-05-28 01:04:37,088 - INFO - 📝 Document mis à jour : 5fdf6b7b92b55859d293a3057b873e9ed0c342c707ba621c005f58ba9870e1c4
2026-05-28 01:04:37,088 - INFO - 📝 Document mis à jour : fab8cf58967499c496060cc5e2efe27785936d139b6502948297ad66f6cb12e5
2026-05-28 01:04:37,088 - INFO - 📝 Document mis à jour : d6e72d50cd6cc8488875863a188ad2dc66b960a4240e6fae35dd95baa34946a7
2026-05-28 01:04:37,088 - INFO - 📝 Document mis à jour : 4f515ba539f78301df6910477a05d688ecd5e7e3348acf3a1bb581b82ebb854f
2026-05-28 01:04:37,088 - INFO - 📝 Document mis à jour : 0773ac8afd29e7863f95962401ed82dbec22b4295199cbccdad01681a93117bf
2026-05-28 01:04:37,088 - INFO - 📝 Document mis à jour : 66e4c2a65b48b9c944b86b94658791131e3412b46dd49b3cd87ec2dbc6227d34
2026-05-28 01:04:37,088 - INFO - 📝 Document mis à jour : d342eef2256552cd3c1714bb55d45827dc1de042ed7a4b08fb89613a90621ce5
2026-05-28 01:04:37,088 - INFO - 📝 Document mis à jour : 05b754b312ca719e7ff38d996f6226dc580ce534c2f8a6f705b6866bfa62a923
2026-05-28 01:04:37,088 - INFO - 📝 Document mis à jour : e50ee600ec3dbe8c8ba5833cd980b52047a1e3fa984c30a3eaf67d080e202ab3
2026-05-28 01:04:37,088 - INFO - 📝 Document mis à jour : 09966c87869e45a6cb66a9b6472eed5af0ed3fd96f4c0e42a9467593d9e2c5fd
2026-05-28 01:04:37,088 - INFO - 📝 Document mis à jour : 17c0d714871858a5aea639d0b81aa9009bf28e389a5dfcc32ecaa3ef43365c85
2026-05-28 01:04:37,088 - INFO - 📝 Document mis à jour : ffba0d588059654a5bfcc903dcfc8ca16e39bd28e309c89ebf24e0570bc3860f
2026-05-28 01:04:37,088 - INFO - 📝 Document mis à jour : f8f66be34ac7b0d5beabe7fd68929305f1869f7272beca100e4ff77e63a9af37
2026-05-28 01:04:37,088 - INFO - 📝 Document mis à jour : 4e6f456560185118914c126c6d7d4849b50f8216c0fdbfef2d4d7f84547839e7
2026-05-28 01:04:37,088 - INFO - 📝 Document mis à jour : e86c02677bd6b7bdcc06b46255baaa06e37af313ec3db5661b38210fe9d31c57
2026-05-28 01:04:37,088 - INFO - 📝 Document mis à jour : 4176a9fdc23b477f67faea432bbc5892693a39969cc9e9cbff8f544d1dc84003
2026-05-28 01:04:37,088 - INFO - 📝 Document mis à jour : 2a2eeaf0ce91865ebb10b52e91f076449ba0b8628874f89293206955351643e4
2026-05-28 01:04:37,088 - INFO - 📝 Document mis à jour : 297da6521b6cf7d564a5ab4ffb981f7f1b5276954b711aee05d26a00b082cee4
2026-05-28 01:04:37,088 - INFO - 📝 Document mis à jour : 9e38edaea9ab1cedf3f7f670e4e642e55c3a7782c027717bfd4eb1dae1a5f9cf
2026-05-28 01:04:37,088 - INFO - 📝 Document mis à jour : 7dd52b79e955541c9f813c5cde62fff97d7dc5fd5962a73f965b0ece850d958f
2026-05-28 01:04:37,088 - INFO - 📝 Document mis à jour : bef1acc6a1ea246db54cded9cc663bff7ada78ebec813f8f7f295ff5ab68da37
2026-05-28 01:04:37,088 - INFO - 📝 Document mis à jour : 65cde3f675669afa5a91f8b7450be3775d9dfc39124e34b4e5887cf1be88f427
2026-05-28 01:04:37,088 - INFO - 📝 Document mis à jour : 5f5dbee29ad5a67382d0d3d6a74fcdd6ca137596cfeacde45a774ac5fdd1f778
2026-05-28 01:04:37,088 - INFO - 📝 Document mis à jour : 431513042e9c43dffe11ab78a5a70306a04458950824f883d4a41892b0f1be95
2026-05-28 01:04:37,088 - INFO - 📝 Document mis à jour : d84f7e27842245219c7826667cb70dc5b9c69c9bcba6c0ab512ea7a401d2b25b
2026-05-28 01:04:37,088 - INFO - 📝 Document mis à jour : 9251924236bfaa9d33994bc2baba25e0a1df6acef2cbfce82068d538c1aab5e6
2026-05-28 01:04:37,088 - INFO - 📝 Document mis à jour : 0c7cfc09b0d15c71316a17eb7eadb7b481384e0498bfabab60a8255fd2c014b8
2026-05-28 01:04:37,088 - INFO - 📝 Document mis à jour : 751858038ec354a1b3f715d7724bb3f0eb810cbf3844d12dce5261688ce300f3
2026-05-28 01:04:37,088 - INFO - 📝 Document mis à jour : b5efa2203746625b1245add208b4e25fab0f80b76e65e1b18c0c9ab08df71404
2026-05-28 01:04:37,088 - INFO - 📝 Document mis à jour : 1651bb2f56c5b10d1b98f403dc50f2f6536dc050a5c6b1467971367bec2eb8bd
2026-05-28 01:04:37,088 - INFO - 📝 Document mis à jour : 68fd31f12fd9e230d6e67b2fab50f12a83f2eeacc6922d6e8f13998a5ce150fa
2026-05-28 01:04:37,088 - INFO - 📝 Document mis à jour : 3f12fec3750126de5f42e7187ca21cc6ab138cf5d12c2a3ef7cf6cc791ab9d6d
2026-05-28 01:04:37,088 - INFO - 📝 Document mis à jour : bcb67adfe57d01f57c66c4c9d31ed3e19a83b9a486143e833d760c5f0f52b1d1
2026-05-28 01:04:37,088 - INFO - 📝 Document mis à jour : c2d2b95ebf591db901ea639bbfac2811421e509396a925df74c81751c7856604
2026-05-28 01:04:37,088 - INFO - 📝 Document mis à jour : 189a2b0eea6d39c25be6d63f1d9cdc207cbfbbe3825557b46df5ceef54b4093e
2026-05-28 01:04:37,088 - INFO - 📝 Document mis à jour : e6d2463a3e37badad00e76c8b014cd4435ef7a38baea640752ec5a8e0af00909
2026-05-28 01:04:37,088 - INFO - 📝 Document mis à jour : a0e86d0d7fe6187bbb92867a97c6014dad395fd4da740db88b6799187d982b83
2026-05-28 01:04:37,088 - INFO - 📝 Document mis à jour : f905b61ced04057cfc50f099576506721c42a655cc06c47cd70bff95cdb46de6
2026-05-28 01:04:37,088 - INFO - 📝 Document mis à jour : 9f11ec531e3c2775ebc32a10a30ad2b65d35b69b11d57ea1b70804f40466ae8e
2026-05-28 01:04:37,088 - INFO - 📝 Document mis à jour : 08fa72761f0500520a93191bb0b9fe91d3f850763d66f6a6c6e1f5a989480cf7
2026-05-28 01:04:37,088 - INFO - 📝 Document mis à jour : 2889639433d42c4b7415d34874663826d87eb340b5ff1985d18d3b6cdb62e1db
2026-05-28 01:04:37,088 - INFO - 📝 Document mis à jour : 3ea06563c312183450bebd9e548d0b7972acbac2b9dc394f899a1066fdb75255
2026-05-28 01:04:37,088 - INFO - 📝 Document mis à jour : 8717890d5ebf00067cced35dfbcb21862c7f4406334ba733a5d8a1f4ba3bd8ea
2026-05-28 01:04:37,088 - INFO - 📝 Document mis à jour : 22c374c49313217ca9319c5071129fcecbd74d9891732a430a6fb298b709e096
2026-05-28 01:04:37,088 - INFO - 📝 Document mis à jour : d72433e12deb88b4bc4eb062154e64cad01830628364aee4bfd1ea56ffa0f165
2026-05-28 01:04:37,088 - INFO - 📝 Document mis à jour : d022cfc1077d0e710f0713826bf0547162bce02d54ba76733fa9d16955674c00
2026-05-28 01:04:37,088 - INFO - 📝 Document mis à jour : 506d49b19d8049c9832e1714d54fedffde3c639309e2563ede8560004bc20545
2026-05-28 01:04:37,088 - INFO - 📝 Document mis à jour : bda33e6624a6c6eae1717c51debae632fd2e16b3ef2c75b05ad3b77a1bc0166a
2026-05-28 01:04:37,089 - INFO - 📝 Document mis à jour : dbd994627ce68446b50ce982beac7c8c912dbdca9362651717f165f231419a5c
2026-05-28 01:04:37,089 - INFO - 📝 Document mis à jour : 0df7afb6ab147616cc495e1ab87e30e8f73ef904c97df8e8cbfc0f1e23a6f725
2026-05-28 01:04:37,089 - INFO - 📝 Document mis à jour : 37d2bab152c2ace2d82abb31674a778f3329f06eac3a6994dc3590aa3d149541
2026-05-28 01:04:37,089 - INFO - 📝 Document mis à jour : 08f5ca201ea566976016465b871de0b7825a0c78505073177092ad440cfc573f
2026-05-28 01:04:37,089 - INFO - 📝 Document mis à jour : bc4de286772114bf96a21a1307195cd964175dc3fa466f52d58f5a38179e9ec5
2026-05-28 01:04:37,089 - INFO - 📝 Document mis à jour : 5cc643220a3c5857b2753038f37a8a6c72e77f690f0990f5ea4def7ac7247023
2026-05-28 01:04:37,089 - INFO - 📝 Document mis à jour : 153bef47332062e2aaebd5b40c5fc0db9c975f4d3cb10265a679aeb812c9ba46
2026-05-28 01:04:37,089 - INFO - 📝 Document mis à jour : 2a29de9bf75dcd144b2cd770a818dbedff53a9c6b31eaab1ad58d9aa50f8aead
2026-05-28 01:04:37,089 - INFO - 📝 Document mis à jour : 0e861500ed7f68d2775d2e90f414c1cd798ae34a4f3f5b6a4a1e66bb36c96323
2026-05-28 01:04:37,089 - INFO - 📝 Document mis à jour : 4d7c27d58b8becd63668454737852dbff28fa9dff321220445294b70979f5429
2026-05-28 01:04:37,089 - INFO - 📝 Document mis à jour : 22ae9d549987a992a430c20dc6cb171d99d477e0838606b98af316a9d4c9d87b
2026-05-28 01:04:37,089 - INFO - 📝 Document mis à jour : de46cb1919e6ff73ca703b683a55646745a06d68a60c67aabbf8cbb2d59fc9ef
2026-05-28 01:04:37,089 - INFO - 📝 Document mis à jour : 4412316e0fea96594def382bb0de9f3667541c57bb360408e9e339f49a3f78e0
2026-05-28 01:04:37,089 - INFO - 📝 Document mis à jour : 497dc783a078683fbed6a1444ecad0e60a39e187a68ca1e8a2f87d71b4ebf49d
2026-05-28 01:04:37,089 - INFO - 📝 Document mis à jour : b516ceefd472ba31703fa3113272df1cf1c0536087b72e543ea04e7fe1be125c
2026-05-28 01:04:37,089 - INFO - 📝 Document mis à jour : 9ffb369dc2a67acfa669c3be1dbc6058e01c0311139626f36ca8bbc833923ffc
2026-05-28 01:04:37,089 - INFO - 📝 Document mis à jour : 102c4b9fbb6abfcdaf07847ef9d8b550f1c308aa007dfd7574412321317286e8
2026-05-28 01:04:37,089 - INFO - 📝 Document mis à jour : a74668d53107d49516477fee1da3ff1962004775a26e00f5a7e98e696b6c0dcf
2026-05-28 01:04:37,089 - INFO - 📝 Document mis à jour : 7b49db4d19377021dedd0a2086ee66d953c70a3203434ecef5d10664887f7105
2026-05-28 01:04:37,089 - INFO - 📝 Document mis à jour : d84d267825526c5e64269c6dabbc6790976ca436954de036889c741a22c9a6fc
2026-05-28 01:04:37,089 - INFO - 📝 Document mis à jour : b00665dffa2c3bb2dc03036ad8508555b103fa76cad376795f7dc7ce83c55707
2026-05-28 01:04:37,089 - INFO - 📝 Document mis à jour : 1fd7e6cee7691e2ccbe88645715d53bda1961d579cb5e188b124bf3186960f67
2026-05-28 01:04:37,089 - INFO - 📝 Document mis à jour : f14b1eea38d6f005a7f7ab304278d4358ec88c15889b38949e9a48d26a0f7a9e
2026-05-28 01:04:37,089 - INFO - 📝 Document mis à jour : 3ea89755d80ae72cc140227f6a28cd9a82c4288c107325a8530811cd180e1ec9
2026-05-28 01:04:37,089 - INFO - 📝 Document mis à jour : 93d5b9814f1383f05d338b6f15a7e6f72f17f7f898eedbd3e8a5225228774fd0
2026-05-28 01:04:37,089 - INFO - 📝 Document mis à jour : 41f667c599a312d41bf5928b8e59678a76e8a6f3adf49706ec6caed0a5802e39
2026-05-28 01:04:37,089 - INFO - 📝 Document mis à jour : 5f1b8870d8a69508101eab9dc5460f2ce15ea3a2480259becdcc15471c79c0b9
2026-05-28 01:04:37,089 - INFO - 📝 Document mis à jour : 76365a239baa980362e3b5c8662a3a77fbfe459a2f9c673e6c4b5ceaf3e3a61b
2026-05-28 01:04:37,089 - INFO - 📝 Document mis à jour : 4c7d8e6fd87fa780386714de44f612bf5ca059c98b1200d5eeba7bd5e6af1119
2026-05-28 01:04:37,089 - INFO - 📝 Document mis à jour : 200d096455c3fa17f06fb8247be55865eeea79420734fe4ea7c546417eecbcce
2026-05-28 01:04:37,089 - INFO - 📝 Document mis à jour : 3348909a2d48e487839fc771e7c2780c8714154eae10689a2b3f8f2b2b1bb642
2026-05-28 01:04:37,089 - INFO - 📝 Document mis à jour : 1797d27676c790d47ac6b03e192df2eef1f7859b67a0d7ffe2580b939862ae12
2026-05-28 01:04:37,089 - INFO - 📝 Document mis à jour : 876c655fed65719bcd50df6a480304766041f888211fbe5f4de8eaf6c76ef4e2
2026-05-28 01:04:37,089 - INFO - 📝 Document mis à jour : e0a93ae03a6f26a463296b47f74a92f72ed596c2e08e09999ae67152c933de7b
2026-05-28 01:04:37,089 - INFO - 📝 Document mis à jour : b56f5c56dabeb0ad6a04afba95f4115545b8badffd7a6130d949633477223050
2026-05-28 01:04:37,089 - INFO - 📝 Document mis à jour : 23a60a997893ac93343ca8f65bd7f8e107c7845549c2ff457a693e5eb070482c
2026-05-28 01:04:37,089 - INFO - 📝 Document mis à jour : ccf6c95a389dd9e485fbb2673f239619007343f5563edf6898450cc4c0d126e1
2026-05-28 01:04:37,089 - INFO - 📝 Document mis à jour : 0de2093cf6ad81b8809e95f03c0f4078d93615b1f863093731b0fdd8fb926833
2026-05-28 01:04:37,089 - INFO - 📝 Document mis à jour : 9751f6a81ec2f85f8d122da8231aac15d8ea9b5ffd8af8a4d68bc74a61d0ed46
2026-05-28 01:04:37,089 - INFO - 📝 Document mis à jour : ee69497267ee402df2ce52eba1a5588e99eb223d9ac6529f2f34de9d6b990e89
2026-05-28 01:04:37,089 - INFO - 📝 Document mis à jour : ca306391fd23ad9e36d55bb88bac35bf16a0194cfe88a8d6b0df772e0dc1eec2
2026-05-28 01:04:37,089 - INFO - 📝 Document mis à jour : 54504ff77a9c6a7251f71cce3f43cad4adddeff485e87341d51b8e5a0b2283b3
2026-05-28 01:04:37,089 - INFO - 📝 Document mis à jour : 7e7576bbd34c7cb369393c1396fd3726340314a8d82b573c75d41d40bf2bd5d9
2026-05-28 01:04:37,089 - INFO - 📝 Document mis à jour : 0773e18b11a86452fd693b113d9ab860d1074d1284d823999b3abe945921d19c
2026-05-28 01:04:37,089 - INFO - 📝 Document mis à jour : 75d4d7677f0e4cf26dfaa1c328f998763f20d9c6bc9e7a700a73c0e39f36c2a1
2026-05-28 01:04:37,089 - INFO - 📝 Document mis à jour : edaa0c347f33285c069f44afcc7cbe55fafee57bcab8fe46a03b1a80c685d448
2026-05-28 01:04:37,089 - INFO - 📝 Document mis à jour : a0bac118d4ae3024c4ce7c462009390f3c11b43b1c2833012c144f1b49e3c303
2026-05-28 01:04:37,089 - INFO - 📝 Document mis à jour : a9925e2c68310f16e038aa08a6228823c72c014d2196aa5bd9a4f1b4fc3d08b4
2026-05-28 01:04:37,089 - INFO - 📝 Document mis à jour : 9e2d5faebdad5633e2ea563e68a397013e2c20ed94a38544bb04e26d34010e95
2026-05-28 01:04:37,089 - INFO - 📝 Document mis à jour : 98e325ea63376706600395433722a64eb0733d250fdd15f1a32a3581e75e1ce1
2026-05-28 01:04:37,089 - INFO - 📝 Document mis à jour : 229820c25c67e2e551067eb2e07b38d34dad22dd7287945845fc9acd7807ad7c
2026-05-28 01:04:37,090 - INFO - 📝 Document mis à jour : c771272330c7903aff964d0abf7c28b5aa9e736cbb6d855df6b7906d9a140c2a
2026-05-28 01:04:37,090 - INFO - 📝 Document mis à jour : 19af388a9e4ac833738cf62e993d846f3d0e15f5c8e4a8ddef3b1672b5db3adc
2026-05-28 01:04:37,090 - INFO - 📝 Document mis à jour : 344a4120522b5b369121c364e0df5bf8a44c6abcbe3e9a58c02601c8a054e6db
2026-05-28 01:04:37,090 - INFO - 📝 Document mis à jour : fad8f4c2a34e81963ba87e200734a241674ab4898ffca50268ff34924a8c9008
2026-05-28 01:04:37,090 - INFO - 📝 Document mis à jour : 111756dbbf7791dbe9e1065dd0b15864a27985915a28d7f5425f3b43890840fc
2026-05-28 01:04:37,090 - INFO - 📝 Document mis à jour : 82a63d3675181b3ecaf70b66249bec4e8cf144420dfd7ef3fc74fabee376fe50
2026-05-28 01:04:37,090 - INFO - 📝 Document mis à jour : 422ad63d1f54a6037b242a9224f948796b42b64c30fc43d2ee0b6303697f69a4
2026-05-28 01:04:37,090 - INFO - 📝 Document mis à jour : 8ea95da79ed3070b067a56459a5b864648683f050312706eccf2b09fb9a1d038
2026-05-28 01:04:37,090 - INFO - 📝 Document mis à jour : 1f15745788eb087a96dabe55a06f910265fa4cc5e7ba7f305409407d4a6a5a8d
2026-05-28 01:04:37,090 - INFO - 📝 Document mis à jour : 28dbd12c512197a45bb8d6eefef243af802cab0c8033c55041312c83ae05baab
2026-05-28 01:04:37,090 - INFO - 📝 Document mis à jour : b1b9aa718d45f633d4366e4411edf97aa5ead9355b7e58e48e43f1bb55c778e8
2026-05-28 01:04:37,090 - INFO - 📝 Document mis à jour : c5e7246593635a0416c3c930fbcc00aa204695989bda81c3e40982392d4adcce
2026-05-28 01:04:37,090 - INFO - 📝 Document mis à jour : c1240a66f8582781b4db43351d84a0638371a7ad74efedef69cd4e42bae24a17
2026-05-28 01:04:37,090 - INFO - 📝 Document mis à jour : 93146be031426dd6fbcf591274ce2faab15405c6a1912aa6e964c1d8399785c0
2026-05-28 01:04:37,090 - INFO - 📝 Document mis à jour : fa2f8e2d83d91649fb3b1996cf16530c992ee700fe4ab0b43ca35f30318a768f
2026-05-28 01:04:37,090 - INFO - 📝 Document mis à jour : 1db4ba185cca9a159d8c2337889ec56044cc73b694c432ca0b0e614922662916
2026-05-28 01:04:37,090 - INFO - 📝 Document mis à jour : 6358b8ef7ef65c0afa9c37199703102dedb7da2509d0ed10931b671421c1a82d
2026-05-28 01:04:37,090 - INFO - 📝 Document mis à jour : 4d42f7ff54027d546b779f2a8d52ef40f4e9a435ac9d1c50a47d6674f13e9b96
2026-05-28 01:04:37,090 - INFO - 📝 Document mis à jour : 475e18074b0b34607fa03f3fb8a8d6d277f9bf23bf7affac08dda8a93c346c7f
2026-05-28 01:04:37,090 - INFO - 📝 Document mis à jour : 0ec21632074214c29ab6b5e6682d6f1ae6b079dfe41cb13512490f023246244a
2026-05-28 01:04:37,090 - INFO - 📝 Document mis à jour : 5e42d5f652104a14e959b1c11f2f423b39785f74b3da66657a123b26ee670978
2026-05-28 01:04:37,090 - INFO - 📝 Document mis à jour : d63e03c59b4228f6f6f65b1784d9374b8d981669784afdeba1970f54ee6e2048
2026-05-28 01:04:37,090 - INFO - 📝 Document mis à jour : 7ab013daf50bb4d741fe7f1ae6888ccc3a68ea6f83b05242078c3617088179a0
2026-05-28 01:04:37,090 - INFO - 📝 Document mis à jour : 34c70ee1f77e258bd5c8f38526baee772bc3c562c16292f9e54effaf88cb2ab0
2026-05-28 01:04:37,090 - INFO - 📝 Document mis à jour : 3685131b63321f67b9cc9d45fa4eadb111aa8f9113d57faa38819064444656ad
2026-05-28 01:04:37,090 - INFO - 📝 Document mis à jour : 78c42c45ea16eb5c19dbc98c856724149dd2a683f91a2b9166df16cf7bd2f21a
2026-05-28 01:04:37,090 - INFO - 📝 Document mis à jour : 33e53a3a40f1c5ec7cbc31e0585669b62435f613b07ac44339bf0bfb306eae10
2026-05-28 01:04:37,090 - INFO - 📝 Document mis à jour : 324dda99775b88a541dd194e77776758ec4d3bc46923a75cdd60058b0cdb2334
2026-05-28 01:04:37,090 - INFO - 📝 Document mis à jour : 226e43866ff6d0fda1900c009641da62b671a26e8988093bc2ff7bf6df8b7242
2026-05-28 01:04:37,090 - INFO - 📝 Document mis à jour : a38d0a7b659e433647bbfcb36964b7b17e8df9f25a850700d9e9703c54fdab85
2026-05-28 01:04:37,090 - INFO - 📝 Document mis à jour : fab82099b5747d67cf41176409e2c2b4235de2a77ec58910a20ec2c1f4230b1b
2026-05-28 01:04:37,090 - INFO - 📝 Document mis à jour : 4844ce561733a8c8001fb14d3fa95b95aa77ccf045d2390245da4f3ab1e689ab
2026-05-28 01:04:37,090 - INFO - 📝 Document mis à jour : 20f760e69a34d1fe8ab08b79507f20a4555c1aac43952bcec2d18840744d9511
2026-05-28 01:04:37,090 - INFO - 📝 Document mis à jour : 617066a6c3492defec25c9addaffe1c01988ed027cb999cfcd929da80d0398c0
2026-05-28 01:04:37,090 - INFO - 📝 Document mis à jour : 3f85a1a2cd863680870ac99896eaf4a6e8e8096b5758b0c25586773a13b6037f
2026-05-28 01:04:37,090 - INFO - 📝 Document mis à jour : 0a9de5f23119626d4d8e9da09b49b6fff745bc42cbe64be9be7518b418c86361
2026-05-28 01:04:37,090 - INFO - 📝 Document mis à jour : 4330e517c35438160f50c8426bcfc346d2e269e1af0d54a9b080af6726dd4f13
2026-05-28 01:04:37,090 - INFO - 📝 Document mis à jour : 0d11e82eda11b1bb51f486205665fbbdbec3f17aabcd3d65a22b4b5c47e506d4
2026-05-28 01:04:37,090 - INFO - 📝 Document mis à jour : 92535e2662a3b9bf1d4bc536459733da3ffa86b25e8ae2ee2f517762cd97edb8
2026-05-28 01:04:37,090 - INFO - 📝 Document mis à jour : cde920e18ff70a77089c2467818afffc3aa5731bec3b45982d1688a26671cc07
2026-05-28 01:04:37,090 - INFO - 📝 Document mis à jour : c60998cd139dc612cc97151b36d4d7810f6305900b7214bfeeabc08a493201c6
2026-05-28 01:04:37,090 - INFO - 📝 Document mis à jour : ecbed7b6aff076ab8c5114b41da5982b23671afeee935ff69e519e5a419bd072
2026-05-28 01:04:37,090 - INFO - 📝 Document mis à jour : 287aa4a20ace26c06ceec34900771efdf6f950fb21d36aad50282b93d973bdcf
2026-05-28 01:04:37,090 - INFO - 📝 Document mis à jour : bb772a62e9af7203f085e84e417a50fbba3e4a2eefa82512946dedd9911361e2
2026-05-28 01:04:37,090 - INFO - 📝 Document mis à jour : 2c78ce033a7026024971472a2f2aa191367126552ac9249f6484053eb95af253
2026-05-28 01:04:37,090 - INFO - 📝 Document mis à jour : 181dbdc2b7f3f7f8318b406cce96a76be823ef1c317657331d5bf6b94f2f1921
2026-05-28 01:04:37,090 - INFO - 📝 Document mis à jour : b32446192a72568b7cad62bbe2265e5e5e6a0b7588385b5eca5526a10dcef3f0
2026-05-28 01:04:37,090 - INFO - 📝 Document mis à jour : 14f019e8812a6d67cf3637bcc643bc6a469ff6c76460299a812aadfcd667e138
2026-05-28 01:04:37,090 - INFO - 📝 Document mis à jour : 904d24b5921fba2d3e9aab7063a6200f16359f30b3212b16a4a290e2e287ab7e
2026-05-28 01:04:37,090 - INFO - 📝 Document mis à jour : 88235ac5614793c82922669254df23477bde0e6a6eb23c9b89581876f39de519
2026-05-28 01:04:37,090 - INFO - 📝 Document mis à jour : e61118cd5c3da810d65ac8070de7de01b21c598194c18c1bf6c9263880a28240
2026-05-28 01:04:37,091 - INFO - 📝 Document mis à jour : 0a3966067d5447710302a4bc64e604d11edfaf2f9e58a8b0f8e050a53d0d6994
2026-05-28 01:04:37,091 - INFO - 📝 Document mis à jour : 7985896cbc52b22d745d5c23d632e31c4598516dd0e779eed974164008fe85b2
2026-05-28 01:04:37,091 - INFO - 📝 Document mis à jour : 6eedc89308c785e5c36de4abb35e21a4f25b8d6aa4c82b34e6e00a4eafcb29c4
2026-05-28 01:04:37,091 - INFO - 📝 Document mis à jour : ced3f28fafedbe17f432ffd2ff9c021b93d4e346355a0cf00ea9d2dd82f86a9b
2026-05-28 01:04:37,091 - INFO - 📝 Document mis à jour : 50a6cf983ca00374af4a6f6733a6dd2814039b8700bf9c3efb8b0ce44a8eee52
2026-05-28 01:04:37,091 - INFO - 📝 Document mis à jour : 1de36a275d251e97e4dc6cdc88fbe20262779e173ebd3dd98b4ca8fd38c58fa5
2026-05-28 01:04:37,091 - INFO - 📝 Document mis à jour : 9cc46ea1915f231e006e9b0912e482f7b0a8af11dce476b371e8267db80c264b
2026-05-28 01:04:37,091 - INFO - 📝 Document mis à jour : 2520ee1f3e34ec123f32a86d1a26a51be6c646a1e677cc4be105e938758632b5
2026-05-28 01:04:37,091 - INFO - 📝 Document mis à jour : 92c1f22b1139408205e884062dd20d9095198587963f42504b53989728c402b4
2026-05-28 01:04:37,091 - INFO - 📝 Document mis à jour : 659eec4daa1381e4fbc5f9015d994a16463d3906938a89bbc8d3180dcee4aac9
2026-05-28 01:04:37,091 - INFO - 📝 Document mis à jour : cf78b88a3bc7bd6b4dc2e9644866be51f7540dbb5c9b6eb60a43527ffc9b3c68
2026-05-28 01:04:37,091 - INFO - 📝 Document mis à jour : b5ba1dfe526fde810f8ff50f3099dfa2868d688061d14fd82c0c7ad50708c81b
2026-05-28 01:04:37,091 - INFO - 📝 Document mis à jour : ef84a45c3a0e8e1f9d420718191b1f0a488ae3d189b6ab012a11053cb1f7fab6
2026-05-28 01:04:37,091 - INFO - 📝 Document mis à jour : c1d86ec9a404b00642ea12fb03d8dec854f0907540ea6e4970d99c1814acda41
2026-05-28 01:04:37,091 - INFO - 📝 Document mis à jour : e599ac6eec8e1bafbd17fdd5ea4b89ae9fb7dee2f1762e76ae67a692121871e4
2026-05-28 01:04:37,091 - INFO - 📝 Document mis à jour : e312b4973989c41f592819257bf5ace6162364091406388a05ee80d112b1a1bf
2026-05-28 01:04:37,091 - INFO - 📝 Document mis à jour : 0b984e908ce4fd99cf536c3ae49ddf900b0a218a996e688acd059e4eb58e02dc
2026-05-28 01:04:37,091 - INFO - 📝 Document mis à jour : 51756b8dc5bddb7c6d1e0709704379189da531086abd5f89b2726d626cef7817
2026-05-28 01:04:37,091 - INFO - 📝 Document mis à jour : 96784391d074b0b3dfad42daf17e5ab1ccf93dc611468c8eb06487b359d4d3e9
2026-05-28 01:04:37,091 - INFO - 📝 Document mis à jour : cbe34e6025132ef9c082f61534cce877b43529e37018594a63c08dfc37c8edab
2026-05-28 01:04:37,091 - INFO - 📝 Document mis à jour : 1137a02e9fdb94d62cac9aa63283c2ec0a8168a4f04b9bfa3a94714ebaf922ab
2026-05-28 01:04:37,091 - INFO - 📝 Document mis à jour : 722ccb2be87391e2e2ef5524438fca7cb7ae77ca6720e996a9c079c8359095d9
2026-05-28 01:04:37,091 - INFO - 📝 Document mis à jour : 1a88c876cd41d0e73447b1bb437752418e4728fbb2c4082516e3980edf3b0467
2026-05-28 01:04:37,091 - INFO - 📝 Document mis à jour : 787a382635054ab829b4d0f865002834944d133e1aab13aa926d11429ed3123e
2026-05-28 01:04:37,091 - INFO - 📝 Document mis à jour : 00fcf4b2ef3d28648bd67c6c310d5c9252753e625b62d99dffaeaf9c57ea3c2d
2026-05-28 01:04:37,091 - INFO - 📝 Document mis à jour : f932f69c7796fcfeca0b41e0b60077ec237e397c451610c90e6525e5b9d6dcec
2026-05-28 01:04:37,091 - INFO - 📝 Document mis à jour : 0bcad3bc0ead7f7dbeaf516021e15c1817a92a44d22cc56f12ca6aba6ee5db86
2026-05-28 01:04:37,091 - INFO - 📝 Document mis à jour : 4ac5cfe3a67f52de4b3f5d1f8cbfb02a0f2bd3658ec33efd8980c65b4bf25f66
2026-05-28 01:04:37,091 - INFO - 📝 Document mis à jour : c8de80bd955f8b8a999bbaabbd7a34e48e1c2a4b6a09c8645aca6a61490f1bc6
2026-05-28 01:04:37,091 - INFO - 📝 Document mis à jour : c3bc148dff2bbb6d85bc3a66f3ec357170257c1384a29255066a645c447860cf
2026-05-28 01:04:37,091 - INFO - 📝 Document mis à jour : 015d4ee563e32c11d8c1e0db64000a5d6e2b131ef37ebe21aa8e6bbe1856aa2e
2026-05-28 01:04:37,091 - INFO - 📝 Document mis à jour : 1bf880dc8b308102c6e8db1a93c3b4a759353b9215b0c4b57da4134f3919f111
2026-05-28 01:04:37,091 - INFO - 📝 Document mis à jour : 1a3b26846d62ad13e37c1ef8a771b33dea8366ecb54221c1a1eb934559696039
2026-05-28 01:04:37,091 - INFO - 📝 Document mis à jour : 8ae8c090d86280c05f75221e351b3379e976bc0e11a6573b56bd2d5475a8551c
2026-05-28 01:04:37,091 - INFO - 📝 Document mis à jour : 9dea53aaa7b600ee4e7d8424039f8bb07752c7c2f517eda5d5ee835c33f02bec
2026-05-28 01:04:37,091 - INFO - 📝 Document mis à jour : 3c8c2deda69175579534433d7fd64a03250c27242962bfdf4585370178341d85
2026-05-28 01:04:37,091 - INFO - 📝 Document mis à jour : a7f3b5fcec853aed99d0611f8c62f77ebd75a6c75cc619453c561635d2610b37
2026-05-28 01:04:37,091 - INFO - 📝 Document mis à jour : 33c484dff5b1b92bc6fc1f948fed1a0cbc288ae9865b44c2d0e10721e4c375ab
2026-05-28 01:04:37,091 - INFO - 📝 Document mis à jour : 3bef788ee34f26ec97125a512542d04272849884dcca6e777f76f202e2e9058f
2026-05-28 01:04:37,091 - INFO - 📝 Document mis à jour : fb6bc2347e2c9130bc5934da96793fd569ed81dee90535dae3f0b663c4bb0d8f
2026-05-28 01:04:37,091 - INFO - 📝 Document mis à jour : 34ab8b85a6b527b0f9e6bb9670264475e698e6546fdd511c3b84e4b3702a0140
2026-05-28 01:04:37,091 - INFO - 📝 Document mis à jour : a3e6815e89cd0d4e4fd99aa91bdc38e87460890a6d843aa077f064e00a73cbb4
2026-05-28 01:04:37,091 - INFO - 📝 Document mis à jour : 2a29de587f3cfb252af0133765b8c57822ddd68e60493f0de7fe46a80437d14d
2026-05-28 01:04:37,091 - INFO - 📝 Document mis à jour : e9271f83f21d34fb566487947e40f0c7a58c65ba6821b13da1566d6d81420441
2026-05-28 01:04:37,091 - INFO - 📝 Document mis à jour : 7233f1b8372262713f78a1b7852af70e6992f5d97ae69c9ca7fc396ad992bbbf
2026-05-28 01:04:37,091 - INFO - 📝 Document mis à jour : ff09fde5341bbddc12a6ee5b299052a60034e7c30b5d01237c10e2dfe83c9a37
2026-05-28 01:04:37,091 - INFO - 📝 Document mis à jour : cba1a77bc904ef61cec2f75719831ba955d85bb69b452bcd016eb5d71cc5dc37
2026-05-28 01:04:37,091 - INFO - 📝 Document mis à jour : 854d75229de945bc5891bc0742006260d3fe8d6d8570ef067e3d3cfb0b5491f5
2026-05-28 01:04:37,091 - INFO - 📝 Document mis à jour : 059a30cdd45447991c98dabbb417f1a7290105969ac1a6f28d5c7f116ad275d0
2026-05-28 01:04:37,091 - INFO - 📝 Document mis à jour : 702a1e3cc216679d0dccc3d03764ec6ddd8dc715c5272823210836fb0a0e31a9
2026-05-28 01:04:37,092 - INFO - 📝 Document mis à jour : 018d38aab50ee2027834cb036a7edaa6583fa4966a0055d820e621d8abdf3491
2026-05-28 01:04:37,092 - INFO - 📝 Document mis à jour : 23dda96fa6b8bb4c95ef5e1578ec9eadf55035a46606a9db4eac2d56a4be158f
2026-05-28 01:04:37,092 - INFO - 📝 Document mis à jour : 80f1da531087df6386f7771041579346dc668ff01d50261982204bb81eb81b4d
2026-05-28 01:04:37,092 - INFO - 📝 Document mis à jour : 357bdcc69c135914f06731b66aeea55e762d0773dd112c726eaf2d3ae54a8291
2026-05-28 01:04:37,092 - INFO - 📝 Document mis à jour : 16817fbcd75b7dccd574e8fdf30ddf3c905b9e314d444dc318ecdfcd54e97cb0
2026-05-28 01:04:37,092 - INFO - 📝 Document mis à jour : c95bca1be9f94815bd42d1476a97ba012b792ec7f683e1bbe60dd91e70c4c37d
2026-05-28 01:04:37,092 - INFO - 📝 Document mis à jour : 7619a0e8042dcac57bc35453959f0d5d4a353c8aaf7f0f3c739e3c487a78b483
2026-05-28 01:04:37,092 - INFO - 📝 Document mis à jour : 8b7112ad04cc9e32d7cca87d61cfea3500828a65ea126b49e6e4ad283bfb71e3
2026-05-28 01:04:37,092 - INFO - 📝 Document mis à jour : 9360eed44b3796196490105af35b427adda9604552571c42621d537fafac6a7e
2026-05-28 01:04:37,092 - INFO - 📝 Document mis à jour : b66c92987d3c2ae4d54b6ae9321c98b854f9701680b1ef4eb6075c858cf76801
2026-05-28 01:04:37,092 - INFO - 📝 Document mis à jour : 8b933c6cc0b8b1cd65333dae2cb628102719f68c2a6ba341691a70d5c5c648a5
2026-05-28 01:04:37,092 - INFO - 📝 Document mis à jour : e5042d65ecc5cc4407032d7e04d0df1860af8d3812bc6e199d4fe5d8d8ead765
2026-05-28 01:04:37,092 - INFO - 📝 Document mis à jour : 2ef68eb9119e655bcedd89d08da03f9065cc37e79c25c9134a9239ca2004f38e
2026-05-28 01:04:37,092 - INFO - 📝 Document mis à jour : 7c6344265cac46b0b00d765461af10e505a6337d07881f411a3678a3c0c49579
2026-05-28 01:04:37,092 - INFO - 📝 Document mis à jour : 36b63c2b3d3ceb27b3d477a32a57156fa3db01a3cc6245826c28e9bae3ff3893
2026-05-28 01:04:37,092 - INFO - 📝 Document mis à jour : 1bba6b8f424fec72e528c971e4d50c848ca1b1e698bb309f8a25e6d664e70833
2026-05-28 01:04:37,092 - INFO - 📝 Document mis à jour : a77387a2d1b1bf23111311a2cfdb26f9529f5cbd88d993a43c7ae3fafebf724c
2026-05-28 01:04:37,092 - INFO - 📝 Document mis à jour : 233441d206dcfe5801b96f0e8c9f795fccaef269c8a1c6d27369398ae8f33e46
2026-05-28 01:04:37,092 - INFO - 📝 Document mis à jour : ec9c51c868666bb5454de067e6351cf87e483153c6adc37894d8b2b9e1f7814f
2026-05-28 01:04:37,092 - INFO - 📝 Document mis à jour : 432f5d51c93d0fd661bb6c37463d7b55efd3099fdd7f68f2e98d754cc8f815b8
2026-05-28 01:04:37,092 - INFO - 📝 Document mis à jour : 8432f49d3035d25ff15bd78c4131016597e1ffe1567e37a28d46bed7fa10d848
2026-05-28 01:04:37,092 - INFO - 📝 Document mis à jour : 77da1943eced08237885952a4882b0cd38e2709a8c020ca19fd4c66406c7298c
2026-05-28 01:04:37,092 - INFO - 📝 Document mis à jour : 8b66a510a5e524cdb05bfe89cc960e57022f36ab3b6bcae54c35d866221b093b
2026-05-28 01:04:37,092 - INFO - 📝 Document mis à jour : a826492aa4cc6b7eee7ad34ce646a9822750685915a76c5584fa2265791c1d72
2026-05-28 01:04:37,092 - INFO - 📝 Document mis à jour : ab2f3c29d942ed01f5b936c793e43fe5690db391c81ec78bb3a4088df0d4bda2
2026-05-28 01:04:37,092 - INFO - 📝 Document mis à jour : b36b905b3c40db42cac9a17a7f45d610b0354798b30b4328915d64bd807cd913
2026-05-28 01:04:37,092 - INFO - 📝 Document mis à jour : 9b1c3a70f642fef1e12b03fd3d4667a54aba5106ea1cf1a33b20900ce90a6842
2026-05-28 01:04:37,092 - INFO - 📝 Document mis à jour : 09e182c633280e9b4661dcb2514510612d2b76bd56c5899570a9fa77e988cbf9
2026-05-28 01:04:37,092 - INFO - 📝 Document mis à jour : 20cb198fd89e59de025fb3bad7a59f41f373eb21e09fb65b58b6f07629c9b589
2026-05-28 01:04:37,092 - INFO - 📝 Document mis à jour : ec8f9b9564c5a79cd04aa5bd59cbad9672a8ca68db81d4009329c55dfcacc7a1
2026-05-28 01:04:37,092 - INFO - 📝 Document mis à jour : 392648ebccba1d698f9c95afa797d8ac62925c4dc15415d49b01e96c87d1cd80
2026-05-28 01:04:37,092 - INFO - 📝 Document mis à jour : 2a8c7823cb3c25bcc6862943a839947f1af85c7f16a5e2fa55564177906f94b0
2026-05-28 01:04:37,092 - INFO - 📝 Document mis à jour : 94da81f9db5d5f2d69370aa8cf53be92f4f8a6414204f69342cff024946845f5
2026-05-28 01:04:37,092 - INFO - 📝 Document mis à jour : ad2effd5a7680b618973d3916f32601d8e4fe5b4b3dfd28cb64bf6f1bb5b27b5
2026-05-28 01:04:37,092 - INFO - 📝 Document mis à jour : 6d18c408efc058cc6c01c98a7550319cc59aaf65a0d6999c0d3eec14ba837f4d
2026-05-28 01:04:37,092 - INFO - 📝 Document mis à jour : 8a030e90334e3f76a1ee0fc4cd9bceaaa02478f06e0a649ef38364f3b9cb8985
2026-05-28 01:04:37,092 - INFO - 📝 Document mis à jour : 144cb42c4b2fe32cb6d4acd717361d5839e52d424c7bbee7add0801cb66eefde
2026-05-28 01:04:37,092 - INFO - 📝 Document mis à jour : 6b16608d9ba5e21acc0e08c08c53b9a5727042e54b07a04ecc6aa9a6115e3439
2026-05-28 01:04:37,092 - INFO - 📝 Document mis à jour : a2dc52f6cb80b3aadaccd87ae3c834d99bb17143e87e646faba29a1f73cb3079
2026-05-28 01:04:37,092 - INFO - 📝 Document mis à jour : 0ad0375a00cd1240f34120072681d366a59dfde4bb7d726452d606cb2aafd136
2026-05-28 01:04:37,092 - INFO - 📝 Document mis à jour : e9fe855de13f4b0071a72e941bebcf1a48ec7ddc613d6330a1bcddf183fe2974
2026-05-28 01:04:37,092 - INFO - 📝 Document mis à jour : a5c0dc7ebf9a82ed96003aefef14135589fa97d0e3e8c8ab45e95167e063bb97
2026-05-28 01:04:37,092 - INFO - 📝 Document mis à jour : d2739371db06a011e50494f0513a8663e47ef82d43d761fd2dd116b809393567
2026-05-28 01:04:37,092 - INFO - 📝 Document mis à jour : 3a1d5e5505797100047af07ced26bf59f6f7808d380d3184e17e32ae661e8025
2026-05-28 01:04:37,092 - INFO - 📝 Document mis à jour : 3cc0c4dd5e6f3a063353ff482eb35722bb513c1732b36c1b6c9cf6577d37c7cb
2026-05-28 01:04:37,092 - INFO - 📝 Document mis à jour : 11065711bc700ce5557f9fc01b08471b58073e784b9d8468c8fcef9be358a02f
2026-05-28 01:04:37,092 - INFO - 📝 Document mis à jour : e692dcb944836b33b618a78218ea25b73f70ad92e6a741fcefe01c9573f5df9f
2026-05-28 01:04:37,092 - INFO - 📝 Document mis à jour : 8d1968463432ffb235f14f94be0512760a964805c7616a3d3dd7c2d489825e23
2026-05-28 01:04:37,092 - INFO - 📝 Document mis à jour : 0ce94c72c0ce11872e8bc663a54d14a27d7b4346540cda7ab7f400d01a413d4c
2026-05-28 01:04:37,092 - INFO - 📝 Document mis à jour : 2f894f0011d5d29d443a6831987dc7586a961b2614b9b8dc04598871ceef447a
2026-05-28 01:04:37,092 - INFO - 📝 Document mis à jour : 0ea38d95329c81fb0c8bec6c4d6b469bfdaff3f723ac622a36c235ba66122101
2026-05-28 01:04:37,092 - INFO - 📝 Document mis à jour : 887bdd88eceb6b61ffbf6fe02723f7003563afdc2f4468b7d45e496c87fec758
2026-05-28 01:04:37,093 - INFO - 📝 Document mis à jour : d56859c8d8f2286b7bb40a22249dd2d7fca81ee5347fc75afd433beb12b6a738
2026-05-28 01:04:37,093 - INFO - 📝 Document mis à jour : db3e04379650c315f34992dcbd485050d16cb93b70c158dc63776d745870f727
2026-05-28 01:04:37,093 - INFO - 📝 Document mis à jour : 4f95c10dbaf4099b203304bf71ba8168c0606741af4cd334e13478be0cffc607
2026-05-28 01:04:37,093 - INFO - 📝 Document mis à jour : 5c8e5cc3bad09ad80893f8b4c30e568da2c0455b09b0d4dfcd713172e987457d
2026-05-28 01:04:37,093 - INFO - 📝 Document mis à jour : 4a9bb97bc67ac2fe4a68de95b742e2775172c533dd881200b857d099b7f33b07
2026-05-28 01:04:37,093 - INFO - 📝 Document mis à jour : 69f3e6b63ebfdfa6ec28f39a1e25e211f5764b5e6f204c42f825df4ecf01814b
2026-05-28 01:04:37,093 - INFO - 📝 Document mis à jour : 7ab9be9c90f1140c6df30749244bb0b30aa9a6078cc8dbf5b6e6d0de3c26134f
2026-05-28 01:04:37,093 - INFO - 📝 Document mis à jour : 9314a266dddf103ffb1db461614b775205b2904e68d61e66b102a82d305c5bee
2026-05-28 01:04:37,093 - INFO - 📝 Document mis à jour : f95c0c2fd51b5d6d61d324527e4ebc6ea1d7197fefd7eb3d7c4db2bb67c30105
2026-05-28 01:04:37,093 - INFO - 📝 Document mis à jour : 9e76a035e802ba2c586f9254b746584d00f70d7f074ff5a29180f551ecbd734e
2026-05-28 01:04:37,093 - INFO - 📝 Document mis à jour : 2f969571ee635bce7232f88e27753c507fab1cdff6a20a920a06fa6339816db5
2026-05-28 01:04:37,093 - INFO - 📝 Document mis à jour : 9b48c7f70906791cdfdc02f4987db9246722ccec04c4404ac77192d35cf23d84
2026-05-28 01:04:37,093 - INFO - 📝 Document mis à jour : 522a1a0c2a531be0af0d5a36c67a70d1d62e39edf41b9168139f91a78e1633f0
2026-05-28 01:04:37,093 - INFO - 📝 Document mis à jour : 4439d3c540bff4b45156260919349d3cec6b820fb581e5fd8a61e7b916502c1c
2026-05-28 01:04:37,093 - INFO - 📝 Document mis à jour : 16e8ef3da5c7435e4bb26fd77b772ccb706c74eee28ddb30fb253bf2adb90841
2026-05-28 01:04:37,093 - INFO - 📝 Document mis à jour : cacf01ef5d77d01f3e17dc4684fbf68c1d454ae4f9a9dbd9684979f2c34c72bc
2026-05-28 01:04:37,093 - INFO - 📝 Document mis à jour : e251c209c4d61a4558dc0ce9f97fc34effb6b5fe0bc8db3944d17bf2d34c71c0
2026-05-28 01:04:37,093 - INFO - 📝 Document mis à jour : c4d9c946bd5f990d1e326864e9c5439ee4fc76084e0d1450d3fbf228bd3df5d5
2026-05-28 01:04:37,093 - INFO - 📝 Document mis à jour : 4462382dae8940ff2e61e87dc31a067f1c8c1c75a7733ea7d3a77d11c13fa1da
2026-05-28 01:04:37,093 - INFO - 📝 Document mis à jour : cb7f5ead8522a728c854a3f4835f27b0f9caef0a308b8a11ad99c5ba5030ca7e
2026-05-28 01:04:37,093 - INFO - 📝 Document mis à jour : d54d9e74ee9f71eb8cd6592541d6de283345a979f50b4a5c0546e8bbe7adf3a8
2026-05-28 01:04:37,093 - INFO - 📝 Document mis à jour : 1ea2f96b4aea418193d24e8291d7782ca91ed694e18423b0d3b332c4916f482e
2026-05-28 01:04:37,093 - INFO - 📝 Document mis à jour : 3d9ffab9ddfd7e436a1278baa723849dec76f3037c83c1b54663e6384129bbe2
2026-05-28 01:04:37,093 - INFO - 📝 Document mis à jour : b0558dace3bdb3a865611ee69eebfcd822a31dda253cea718b7f4f67a979ebea
2026-05-28 01:04:37,093 - INFO - 📝 Document mis à jour : 6cdc410af018d3545b8b32532348289075e4c48c1540111b2af7a1e4018ae302
2026-05-28 01:04:37,093 - INFO - 📝 Document mis à jour : 70c487d8685ef171f859b9ea41517384e9e83e4c4f092599c3b77783c09cda29
2026-05-28 01:04:37,093 - INFO - 📝 Document mis à jour : 6b443ef0e33a4bea559b7e57479c769bc9ec5b6f7889eab83aa3cc8933989f89
2026-05-28 01:04:37,093 - INFO - 📝 Document mis à jour : e2afdeb85131f315cf3eb4e511dafde18617b6d802d45456012e1d0628897fd5
2026-05-28 01:04:37,093 - INFO - 📝 Document mis à jour : 4e3b4357ebcf1d22170882b86630169dc521908bb5a6ca74b2f8fb93fb6ca9e5
2026-05-28 01:04:37,093 - INFO - 📝 Document mis à jour : 1b5b5d6b9a22125d74a738feacfb3a78d5bc2f0932c332c4b80a3f259d249401
2026-05-28 01:04:37,093 - INFO - 📝 Document mis à jour : adbb54c07715b63bb6ff6eff1869aa6d3ad2b59b3bd09d80b6dca48141424ffe
2026-05-28 01:04:37,093 - INFO - 📝 Document mis à jour : f3d754e3fc64a120e64acb3a0d56c65eeb17bf3a7a2779333262be046a58b2aa
2026-05-28 01:04:37,093 - INFO - 📝 Document mis à jour : 3399be6a34b1a1fc835c308988765fe573b3fe0d1cd8afef8530e410404bf702
2026-05-28 01:04:37,093 - INFO - 📝 Document mis à jour : 55abef7bb338422e254323b900b080a39d4547399cdc5d12858a2187c0e9ac3d
2026-05-28 01:04:37,093 - INFO - 📝 Document mis à jour : 1e0b493c7891b40d379098c32491901d0a8ffe103b6682659fa46decbe61d576
2026-05-28 01:04:37,093 - INFO - 📝 Document mis à jour : 6c0eb97f68f4760f127b04adbb982210394b7388c01d770e39a8cf0726c4f0bc
2026-05-28 01:04:37,093 - INFO - 📝 Document mis à jour : a0d893e577eef3e80aaa202371c6646b468abc43395d4af48fd06d335d006553
2026-05-28 01:04:37,093 - INFO - 📝 Document mis à jour : 1d290cb56a357bb7e0bbfc1ee9745ec506b82f8e1131463373f78078ab6daf77
2026-05-28 01:04:37,093 - INFO - 📝 Document mis à jour : e7ef9699210eed0ea89d6585c57a0e1ec9a29dddde0ce9568fedcbeada507ca8
2026-05-28 01:04:37,093 - INFO - 📝 Document mis à jour : a129a10990e130d419fe637d0db23397d2cfaa42bdf16d8bb6d18f3101018e8d
2026-05-28 01:04:37,093 - INFO - 📝 Document mis à jour : 807996b39efe1980d2a45c0455f84887c0b64ed55b922072e563bb635e126866
2026-05-28 01:04:37,093 - INFO - 📝 Document mis à jour : 4c6020fea675080a0dcb605aebf05d7b1f54af2f0fc30ec65c85b1c03b348ec1
2026-05-28 01:04:37,093 - INFO - 📝 Document mis à jour : 1075a8d67a93b3933ab431dd45f8bf2a8d072af85baae50d91a81844fdc28c22
2026-05-28 01:04:37,093 - INFO - 📝 Document mis à jour : c4e31fe78e8563337b60e6833b6f42d9a5a92abbab60486ddd394988e06e0d43
2026-05-28 01:04:37,093 - INFO - 📝 Document mis à jour : f83eaf85920f4e22fca344d5958ae4db1d116b20347094a097b3b2c1f3d0e840
2026-05-28 01:04:37,093 - INFO - 📝 Document mis à jour : 6b3c1d4512e5b88bf8d043a6f668aa53dc4f3182c23860c83065e27016f6b1c5
2026-05-28 01:04:37,093 - INFO - 📝 Document mis à jour : f4cc7ee6905b05958a0a2cf14a249d49524608e2beba7b9084cd181f6b45f6da
2026-05-28 01:04:37,093 - INFO - 📝 Document mis à jour : 4ed7385f4ae94447f8ea41b18a4cda9d8ba7bfc2590e7dfe287a97a720464953
2026-05-28 01:04:37,093 - INFO - 📝 Document mis à jour : 292338ee584fc5e294f209b21da53e0b18a43e5decaa159b60b02a087e99ecbf
2026-05-28 01:04:37,093 - INFO - 📝 Document mis à jour : 6ad4e7920520e6816391a51e2e119ccc3a0458248309f0a86c2820b877e365af
2026-05-28 01:04:37,094 - INFO - 📝 Document mis à jour : 76d527e029b16781441cd248f0d86718baaf1421d8fcfb5365ab6d6005fff455
2026-05-28 01:04:37,094 - INFO - 📝 Document mis à jour : 966db7ef4fcbb067385e31740008a9262661fecebaac39b4b8eea72e2aba131c
2026-05-28 01:04:37,094 - INFO - 📝 Document mis à jour : 950b6aadbd7870d2ad70f71c2d653a528d9ab40265849af87e6307e5b2608561
2026-05-28 01:04:37,094 - INFO - 📝 Document mis à jour : 15ad657207f29bc00f75748f611ac93cda11430206b7d4adcad6d85548bfdc6c
2026-05-28 01:04:37,094 - INFO - 📝 Document mis à jour : 3dec92a6dcfd65ab7bb024ca9304d3f9c4f1b378b838f73b6608ac8b7c53da10
2026-05-28 01:04:37,094 - INFO - 📝 Document mis à jour : 955bbc79adb8fd9df5f7bba5641f981de9afad49fe246159550913db5439d7c5
2026-05-28 01:04:37,094 - INFO - 📝 Document mis à jour : 022c0c4a994ef2ac11fb0c896b286cf64a9928f57a89df3523bbd34eee4a1f54
2026-05-28 01:04:37,094 - INFO - 📝 Document mis à jour : 737fdd2de06ff9c891758a525c8061dca20d8c42d4f34f11a347a2e2daf327e3
2026-05-28 01:04:37,094 - INFO - 📝 Document mis à jour : 8d6d59546c83c3b4aebc542ec905c7ddeffa6f8a2596f7c7bbdda511fa77dc08
2026-05-28 01:04:37,094 - INFO - 📝 Document mis à jour : 26411bf5af94d16d87eb3e42456c8aba6604cfa3c9c953e3b944dd492a6799c0
2026-05-28 01:04:37,094 - INFO - 📝 Document mis à jour : c76e46540b90008f25db64abcfaaac185a11220651a130a40f150e4133482035
2026-05-28 01:04:37,094 - INFO - 📝 Document mis à jour : a3555808628cc9325a202bd7c8cc6c85625e8096f02a7aac6ddeb41e3c06a8d6
2026-05-28 01:04:37,094 - INFO - 📝 Document mis à jour : 864e35b72bec8a981e5011d96391aa8a845202b43ce94e390af72b195e192f35
2026-05-28 01:04:37,094 - INFO - 📝 Document mis à jour : 7e206126e6638a3968e259fdb4022209a621972fdd6d9f0965fccfaebde63bdb
2026-05-28 01:04:37,094 - INFO - 📝 Document mis à jour : c4ac0bdd0cc91b20dc21aea478c7e81e063a97c255c0f939ff68013cc555cf43
2026-05-28 01:04:37,094 - INFO - 📝 Document mis à jour : c6e236ec42c5433e83e9a1e32c2e04a8d5a819a0159e2b527898c3eeaa1d9528
2026-05-28 01:04:37,094 - INFO - 📝 Document mis à jour : 7647d3eedcc3eac2225db6ca303177a30f696fafb392306af1bd5a873952727d
2026-05-28 01:04:37,094 - INFO - 📝 Document mis à jour : 8e67b4e5ba76e2780fe8089dffdcf102b0c214737d5aa31b5cd29e7266a59ae8
2026-05-28 01:04:37,094 - INFO - 📝 Document mis à jour : 41521fc174266439bbe94f03dfb2aed2371e9f979b7e4abb0be28e5a76cf1997
2026-05-28 01:04:37,094 - INFO - 📝 Document mis à jour : dd71619e204dfb126bd5b993206c1de61d1ec3a3f0d6a1d3a7085bef1211b3e1
2026-05-28 01:04:37,094 - INFO - 📝 Document mis à jour : 19b0da78b54a72e6641d4c8ea6c2a15545b6ce9a505cc267e6aaf3a23bea7a2f
2026-05-28 01:04:37,094 - INFO - 📝 Document mis à jour : a7a637ab9ba4a1ab2ba9c8148befbf2aeab2cae80b4caf5626a279a59716cb98
2026-05-28 01:04:37,094 - INFO - 📝 Document mis à jour : 868c7aad08a9dcb65c8b8c69792b5b20e29fd6b427011913ee70e97cdc2a1f4a
2026-05-28 01:04:37,094 - INFO - 📝 Document mis à jour : ae81c35c1700a9cc2eac01427ba24befb7b0f9d33dcfe5f04f4e64d095f63a48
2026-05-28 01:04:37,094 - INFO - 📝 Document mis à jour : 83c72fab8d47a64238b214a626d9905685d6ff423caa2e6de6dc551eb3bc304f
2026-05-28 01:04:37,094 - INFO - 📝 Document mis à jour : 450775d988cda134b5dbe95b535a87fe4c1a930496240a0b86c918c0935660a3
2026-05-28 01:04:37,094 - INFO - 📝 Document mis à jour : 2a31ac9ae29b67582ed3ec0e5aba98f319edcd14d3eb5c6dfc57fd7dacaaaa7e
2026-05-28 01:04:37,094 - INFO - 📝 Document mis à jour : babf19ab8277573ce6c1d977de99a5f347b0ea5212c75b633dfc174455b81a50
2026-05-28 01:04:37,094 - INFO - 📝 Document mis à jour : 187c9eb0d8bc91973bab8f150c2a3c928a08cbf76ba8364d736f3858cca931f9
2026-05-28 01:04:37,094 - INFO - 📝 Document mis à jour : bc0bc5b1ae8c68f247689821e6c7fac6be9c0557cc8449e54bf726238c159fb9
2026-05-28 01:04:37,094 - INFO - 📝 Document mis à jour : e877d74cd32e2a502a69f9ca09a35ca9a9c30abee388dac09a0bfb07b852f207
2026-05-28 01:04:37,094 - INFO - 📝 Document mis à jour : f6691a5f131b2ba78ec40b1577259ed2f89b1ee25666d6f6a4ae2a2d6924005c
2026-05-28 01:04:37,094 - INFO - 📝 Document mis à jour : 3441d0d75361795de41eda6e52f34688b060f7d55f383f86947a36ddc89c101f
2026-05-28 01:04:37,094 - INFO - 📝 Document mis à jour : bdc7de0c5483221a7aa16a7ebc35ae21faf0354d18f0b0158edc8291ddeb5330
2026-05-28 01:04:37,094 - INFO - 📝 Document mis à jour : 638f22d8992c7144d767f35a68d0ed062bd2b92f5685f62e02208dfb40552b20
2026-05-28 01:04:37,094 - INFO - 📝 Document mis à jour : 3aad36d8e6442b4b1402052364f0da0fc8893c38be648ccd9364c5bb7d872af7
2026-05-28 01:04:37,094 - INFO - 📝 Document mis à jour : 6f143d045b87b207c21f86b05527771258ce17a61502e9bef5e212f7a31288b2
2026-05-28 01:04:37,094 - INFO - 📝 Document mis à jour : 6f0be9b0d27ccf1760a27e792f85282d0060df15540a59849c2937fc082bc2f0
2026-05-28 01:04:37,094 - INFO - 📝 Document mis à jour : 0e5c44c495307948370e3e220da7e1f01083bbc2cb37173dd0a22995b2dd7010
2026-05-28 01:04:37,094 - INFO - 📝 Document mis à jour : 1d782a2d375cc8cd67b46e5513399d35eceb592257ed505452a4f26c584740d7
2026-05-28 01:04:37,094 - INFO - 📝 Document mis à jour : cb9d391d9e8857066476c797ca21e667145adec243a705eb4b8995e1c38e0c33
2026-05-28 01:04:37,094 - INFO - 📝 Document mis à jour : 7a8bb344931efb09d29e99c1ba0d5fbfa23c2cd76968455048cccb44ca604f34
2026-05-28 01:04:37,094 - INFO - 📝 Document mis à jour : 8aab5c2945ec1ad6a5dde21cba1b4b05df22630a4cb68945adc9c87e83158179
2026-05-28 01:04:37,094 - INFO - 📝 Document mis à jour : adeaf96b6041a3ec85ab79a5a568a5b39754b67efbd3138e56a46565aa5dd93a
2026-05-28 01:04:37,094 - INFO - 📝 Document mis à jour : a0d70957a2e28e69fdf1e4e5112246847f170e05659619f872749519bf7d1307
2026-05-28 01:04:37,094 - INFO - 📝 Document mis à jour : e1a315eadcc60f273a664cad3f3021caacab0c9494a46044bcd0e5265b970ea3
2026-05-28 01:04:37,094 - INFO - 📝 Document mis à jour : 3fa774782d10306c8b22a735893cc4c7c54db93710fa0fd36f90734cc317e556
2026-05-28 01:04:37,094 - INFO - 📝 Document mis à jour : 78fb7c533c9f645acf775d463b3be0a848cba81f3f9e051c1d1523d1cab447d8
2026-05-28 01:04:37,095 - INFO - 📝 Document mis à jour : f3acac7957c64fa041e40a3d062953a540f1f4a58abdc2b4c4cd35123dbfe9c9
2026-05-28 01:04:37,095 - INFO - 📝 Document mis à jour : 62abdfe52ec9a41f3dd37f72880e02bc4f635c863c5749635e8c37bff30e04d0
2026-05-28 01:04:37,095 - INFO - 📝 Document mis à jour : b1350c46fb65a4428b498d98784cdfa7d16f3fc7d22bbbc199e617187204f26d
2026-05-28 01:04:37,095 - INFO - 📝 Document mis à jour : 0432bbcfe1382655f6543b0eb3f74620f9be733bf7cff61f79786c75c2767fcb
2026-05-28 01:04:37,095 - INFO - 📝 Document mis à jour : 365d5747bec86a011b221b1111ff0a03ec686882ebdb72171655c97b5b97de8a
2026-05-28 01:04:37,095 - INFO - 📝 Document mis à jour : e271515a1a190eb576af7f29dab1efc02e8cabaa1eca8f96b1dba7c8264078ae
2026-05-28 01:04:37,095 - INFO - 📝 Document mis à jour : 81029157c155f7bac8d8ba3cd4ba892e639e404299509b1bdf18f6653fe33902
2026-05-28 01:04:37,095 - INFO - 📝 Document mis à jour : b53fbefd713159394cb64f5f0c72c3739130d20a3b549d453bf5fda91182ba88
2026-05-28 01:04:37,095 - INFO - 📝 Document mis à jour : de29b5e747fb2a7b7f60402fb05d844bc657d61ecf6a44926e2547e435accac8
2026-05-28 01:04:37,095 - INFO - 📝 Document mis à jour : 6dd480c5173e1773e722e23e2da4e145fc3fd626403f6c95a897d230d17eb3a8
2026-05-28 01:04:37,095 - INFO - 📝 Document mis à jour : 23d6157e0f150a06eba4c0d5d6e688833ebaa938f9cf723bdddf4ba30b1c5bc8
2026-05-28 01:04:37,095 - INFO - 📝 Document mis à jour : 32fea7953e3c85645dc5f34c0121cf425f1eee32021edfe0b9e9a7dc4416e77f
2026-05-28 01:04:37,095 - INFO - 📝 Document mis à jour : 251a3b62238226122b8f404e7837d1f950850c26a694a17da6eb8b36d6c224ee
2026-05-28 01:04:37,095 - INFO - 📝 Document mis à jour : 55f16bc41e8300911953cca66e4c33b4a90dd96ae026c4511fbbae708e78552c
2026-05-28 01:04:37,095 - INFO - 📝 Document mis à jour : 1f78f278935de05ca66a5f1d4236fbaca8f216a95f7dce1e804f8e67dff07dcc
2026-05-28 01:04:37,095 - INFO - 📝 Document mis à jour : ea52d6eb3d36d832404d9e4d171e64af8877f79ee630c369f0bbd402bc4b34d8
2026-05-28 01:04:37,095 - INFO - 📝 Document mis à jour : 7671f5622e96b192d09fc83a505572229bc576ff1a7700f2eb71a017fb6f9fb2
2026-05-28 01:04:37,095 - INFO - 📝 Document mis à jour : 2ccd5031a2d80a3dd6b6cda7d7799b16155ecdc4105c9881356fc11f3cb9dddc
2026-05-28 01:04:37,095 - INFO - 📝 Document mis à jour : 72342cccf21f654d0cbd37f370306261ec9fb4003323d4674e58875798130851
2026-05-28 01:04:37,095 - INFO - 📝 Document mis à jour : 6c5a964a566e88c4a6b5bdd11debe18137bfbc258febfc3727aa0e24bb313a35
2026-05-28 01:04:37,095 - INFO - 📝 Document mis à jour : 2ae463e894cefc0eb97185cf71b1d5f50f42d5284317bc2dcb83f8a80bc290de
2026-05-28 01:04:37,095 - INFO - 📝 Document mis à jour : 808f43ff3c74337135a4361b765550ff225f2d51b1dca4c39e351c15ae6361c7
2026-05-28 01:04:37,095 - INFO - 📝 Document mis à jour : e74347fd9f8df10b433d2e2879859cb906bcf371a5765d674becb41157e9aa42
2026-05-28 01:04:37,095 - INFO - 📝 Document mis à jour : c36d36731cea990eaa97a9f8222423b5d100a4a5f962b446988e75a3b04cd9c3
2026-05-28 01:04:37,095 - INFO - 📝 Document mis à jour : cc6d3630138978b169c6df5c294c9c35b43b1ec1a91afe63dfab0e971534ed2d
2026-05-28 01:04:37,095 - INFO - 📝 Document mis à jour : 4f68fc682d6f5d55860ccdbde0343965706e391a1331a64e87af18950cbe94fe
2026-05-28 01:04:37,095 - INFO - 📝 Document mis à jour : 5ecc7674f635e01d9c8181d1845383cf518ab3f09929956701635e1e11730bca
2026-05-28 01:04:37,095 - INFO - 📝 Document mis à jour : 17a2ca5c985c4abaeda201d5a4f65eadb8e66eede964f14e2cbd19769d1915a8
2026-05-28 01:04:37,095 - INFO - 📝 Document mis à jour : 51acf577e0449100c114f6d0a830a7149a62ac4e1ea7058c7370e237fcce4b7b
2026-05-28 01:04:37,095 - INFO - 📝 Document mis à jour : ee895823c8f07ee7aaf20d7bbadb8677fd73b316bf128d19f332169e13704cf6
2026-05-28 01:04:37,095 - INFO - 📝 Document mis à jour : 786fc872613c075ce80cc723beffc3060beaf5fa82d028695aab5e3e3a958315
2026-05-28 01:04:37,095 - INFO - 📝 Document mis à jour : c204c6b28fcf9400c951d240fdaa20fabcbb7da1f844e4e437d44c7c6755834b
2026-05-28 01:04:37,095 - INFO - 📝 Document mis à jour : 9f35e089d1d3c0427c07c1d01fe29795f5fd07f89518af7a597e35386aa8737e
2026-05-28 01:04:37,095 - INFO - 📝 Document mis à jour : bf8b08e2d3d3d8d372e457f5c3ce95d6d84e42b7b14c09c1bc581d4acb74e53b
2026-05-28 01:04:37,095 - INFO - 📝 Document mis à jour : 0373a019114b0d77edbb124f4240e3139f32c2dc40ad65ca16e0d375a9394e0a
2026-05-28 01:04:37,095 - INFO - 📝 Document mis à jour : 3ad7fb947d217f34ab10782babd7dbe2bee8aa990bf065e9159840889b9a3f85
2026-05-28 01:04:37,095 - INFO - 📝 Document mis à jour : 552db4c8403bf1a2087d668e2c6cc97b4be2ba4955e9a07c58071c89ec2e46bb
2026-05-28 01:04:37,095 - INFO - 📝 Document mis à jour : 28dd6dd156a8e05e0149e9862e33a637ea7c86c10a065857fe1b5c9db6c52040
2026-05-28 01:04:37,095 - INFO - 📝 Document mis à jour : 6d1db8afbd2776595ce551e2014302d1da5b686f6b985f950540dedbf45d0508
2026-05-28 01:04:37,095 - INFO - 📝 Document mis à jour : 255287891669e8a3907c022351cfee6bef2031119781af492e5e4637058710a3
2026-05-28 01:04:37,095 - INFO - 📝 Document mis à jour : 0791cbf059e0397ae8e001525decb71036740284c8dd76eca771e4a8f00f66da
2026-05-28 01:04:37,095 - INFO - 📝 Document mis à jour : 5dba79a7fa2e6e7ee6b1b1ac3a26ebbe4facc0c439cf6fc35ce42a43876ac9a2
2026-05-28 01:04:37,095 - INFO - 📝 Document mis à jour : c313b5a66243d73dd8b71228ba0f7b4a09709611bb4ddd753386567d08e836c5
2026-05-28 01:04:37,095 - INFO - 📝 Document mis à jour : 9dff12187843502dc309a7b93f32ebde8c79eeecd8dd484851c1306e9e01fe10
2026-05-28 01:04:37,095 - INFO - 📝 Document mis à jour : 47ad47054d61399b2e986ba4d1beaae2fbc6348f0b1e46508765753a7fc574d9
2026-05-28 01:04:37,095 - INFO - 📝 Document mis à jour : c1cf26ee203dd73fca41a6bfefcb0bda55fb03961f261ec8a769da4a12f8ef2e
2026-05-28 01:04:37,095 - INFO - 📝 Document mis à jour : d8cf3fc46cafad676b1fba5434ab182d351466c056b662a0926d46e924706b33
2026-05-28 01:04:37,095 - INFO - 📝 Document mis à jour : ba1c2beeef8aef15874ffd05d51a8ac1e0aac10e98501d49f82e991dad2768fb
2026-05-28 01:04:37,095 - INFO - 📝 Document mis à jour : ac3aeb63d6e221eccc76888bd3156bd2efe0543753a51f21cf8c2b3e723aaa35
2026-05-28 01:04:37,096 - INFO - 📝 Document mis à jour : b3e8cae18774a8031d35f5dc9dbd03ea8d4cea8f8f78ffbab3c643d9121b604f
2026-05-28 01:04:37,096 - INFO - 📝 Document mis à jour : 2a363c426fdbe4ebc5f530d1de23feff97f342f7533259655dd46b3436ffd1d4
2026-05-28 01:04:37,096 - INFO - 📝 Document mis à jour : bb8749b21f87c291075047e7cf942e018a69e5c8aaa5e1e6437644b2b82a4630
2026-05-28 01:04:37,135 - WARNING - ❌ Il manque 4966 lignes en base
2026-05-28 01:10:15,119 - INFO - Préparation de 54966 opérations upsert
2026-05-28 01:10:16,630 - INFO - ✅ Insérés : 54966 | Mis à jour : 0
2026-05-28 01:10:16,668 - INFO - ✅ Nombre de lignes identique entre le CSV et la base
2026-05-28 01:11:00,116 - INFO - Préparation de 54966 opérations upsert
2026-05-28 01:11:01,102 - INFO - ✅ Insérés : 0 | Mis à jour : 0
2026-05-28 01:11:01,137 - INFO - ✅ Nombre de lignes identique entre le CSV et la base
